[2026-01-15 02:35:12] [[32minfo[39m]: [32m[SLOTFLOW API GATEWAY] running on http://localhost:3000[39m
[2026-01-15 02:37:01] [[32minfo[39m]: [32m[SLOTFLOW API GATEWAY] running on http://localhost:3000[39m
[2026-01-15 03:25:50] [[32minfo[39m]: [32m[SLOTFLOW API GATEWAY] running on http://localhost:3000[39m
[2026-01-15 03:26:39] [[32minfo[39m]: [32m[SLOTFLOW API GATEWAY] running on http://localhost:3000[39m
[2026-01-15 03:26:43] [[32minfo[39m]: [32m[SLOTFLOW API GATEWAY] running on http://localhost:3000[39m
[2026-01-15 03:26:46] [[32minfo[39m]: [32m[SLOTFLOW API GATEWAY] running on http://localhost:3000[39m
[2026-01-15 03:27:03] [[32minfo[39m]: [32m[GATEWAY PROXY] POST /auth/signin → http://localhost:4000/auth/signin[39m
[2026-01-15 03:27:03] [[32minfo[39m]: [32mexpressReq.user : undefined[39m
[2026-01-15 03:30:02] [[32minfo[39m]: [32m[SLOTFLOW API GATEWAY] running on http://localhost:3000[39m
[2026-01-15 03:31:30] [[32minfo[39m]: [32m[GATEWAY PROXY] POST /auth/signin → http://localhost:4000/api/auth/signin[39m
[2026-01-15 03:31:30] [[32minfo[39m]: [32mexpressReq.user : undefined[39m
[2026-01-15 03:32:19] [[32minfo[39m]: [32m[GATEWAY PROXY] GET /user/appservices?categories[]=Professional+Services → http://localhost:4000/api/user/appservices?categories[]=Professional+Services[39m
[2026-01-15 03:32:19] [[32minfo[39m]: [32mexpressReq.user : [object Object][39m
[2026-01-15 03:32:19] [[32minfo[39m]: [32m[GATEWAY PROXY] GET /user/providers?maxPrice=0&minPrice=0&slotflowTrusted=false&skip=0&limit=12 → http://localhost:4000/api/user/providers?maxPrice=0&minPrice=0&slotflowTrusted=false&skip=0&limit=12[39m
[2026-01-15 03:32:19] [[32minfo[39m]: [32mexpressReq.user : [object Object][39m
[2026-01-15 03:32:40] [[32minfo[39m]: [32m[GATEWAY PROXY] POST /auth/signout → http://localhost:4000/api/auth/signout[39m
[2026-01-15 03:32:40] [[32minfo[39m]: [32mexpressReq.user : undefined[39m
[2026-01-15 03:33:15] [[32minfo[39m]: [32m[SLOTFLOW API GATEWAY] running on http://localhost:3000[39m
[2026-01-15 03:33:24] [[32minfo[39m]: [32m[SLOTFLOW API GATEWAY] running on http://localhost:3000[39m
[2026-01-15 03:33:25] [[32minfo[39m]: [32m[SLOTFLOW API GATEWAY] running on http://localhost:3000[39m
[2026-01-15 03:33:37] [[32minfo[39m]: [32m[SLOTFLOW API GATEWAY] running on http://localhost:3000[39m
[2026-01-15 03:33:59] [[32minfo[39m]: [32m[GATEWAY PROXY] POST /auth/signin → http://localhost:4000/api/auth/signin[39m
[2026-01-15 03:33:59] [[32minfo[39m]: [32mexpressReq.user : undefined[39m
[2026-01-15 03:43:00] [[32minfo[39m]: [32m[GATEWAY PROXY] POST /auth/signin → http://localhost:4000/api/auth/signin[39m
[2026-01-15 03:43:00] [[32minfo[39m]: [32mexpressReq.user : undefined[39m
[2026-01-15 03:44:30] [[32minfo[39m]: [32m[SLOTFLOW API GATEWAY] running on http://localhost:3000[39m
[2026-01-15 03:45:03] [[32minfo[39m]: [32m[GATEWAY PROXY] POST /auth/signin → http://localhost:4000/api/auth/signin[39m
[2026-01-15 03:45:03] [[32minfo[39m]: [32mexpressReq.user : undefined[39m
[2026-01-15 03:45:15] [[32minfo[39m]: [32m[GATEWAY PROXY] POST /auth/signout → http://localhost:4000/api/auth/signout[39m
[2026-01-15 03:45:15] [[32minfo[39m]: [32mexpressReq.user : undefined[39m
[2026-01-15 03:45:38] [[32minfo[39m]: [32m[GATEWAY PROXY] POST /auth/signin → http://localhost:4000/api/auth/signin[39m
[2026-01-15 03:45:38] [[32minfo[39m]: [32mexpressReq.user : undefined[39m
[2026-01-15 03:45:41] [[32minfo[39m]: [32m[GATEWAY PROXY] GET /admin/dashboard/today → http://localhost:4000/api/admin/dashboard/today[39m
[2026-01-15 03:47:54] [[32minfo[39m]: [32m[SLOTFLOW API GATEWAY] running on http://localhost:3000[39m
[2026-01-15 03:47:56] [[32minfo[39m]: [32m[GATEWAY PROXY] GET /admin/dashboard/providers → http://localhost:4000/api/admin/dashboard/providers[39m
[2026-01-15 03:49:05] [[32minfo[39m]: [32m[SLOTFLOW API GATEWAY] running on http://localhost:3000[39m
[2026-01-15 03:49:10] [[32minfo[39m]: [32m[SLOTFLOW API GATEWAY] running on http://localhost:3000[39m
[2026-01-15 03:49:14] [[32minfo[39m]: [32m[SLOTFLOW API GATEWAY] running on http://localhost:3000[39m
[2026-01-15 03:49:19] [[32minfo[39m]: [32m[GATEWAY PROXY] GET /admin/dashboard/providers → http://localhost:4000/api/admin/dashboard/providers[39m
[2026-01-15 03:49:19] [[32minfo[39m]: [32mexpressReq.user : [object Object][39m
[2026-01-15 03:49:50] [[32minfo[39m]: [32m[GATEWAY PROXY] POST /auth/signin → http://localhost:4000/api/auth/signin[39m
[2026-01-15 03:49:50] [[32minfo[39m]: [32mexpressReq.user : undefined[39m
[2026-01-15 03:49:51] [[32minfo[39m]: [32m[GATEWAY PROXY] GET /admin/dashboard/today → http://localhost:4000/api/admin/dashboard/today[39m
[2026-01-15 03:49:51] [[32minfo[39m]: [32mexpressReq.user : [object Object][39m
[2026-01-15 03:50:27] [[32minfo[39m]: [32m[SLOTFLOW API GATEWAY] running on http://localhost:3000[39m
[2026-01-15 03:50:43] [[32minfo[39m]: [32m[GATEWAY PROXY] POST /auth/signin → http://localhost:4000/api/auth/signin[39m
[2026-01-15 03:50:43] [[32minfo[39m]: [32mexpressReq.user : undefined[39m
[2026-01-15 03:50:45] [[32minfo[39m]: [32m[GATEWAY PROXY] GET /admin/dashboard/today → http://localhost:4000/api/admin/dashboard/today[39m
[2026-01-15 15:33:17] [[32minfo[39m]: [32m[SLOTFLOW API GATEWAY] running on http://localhost:3000[39m
[2026-01-15 15:33:31] [[32minfo[39m]: [32m[GATEWAY PROXY] GET /admin/providers?page=1&limit=10 → http://localhost:4000/api/admin/providers?page=1&limit=10[39m
[2026-01-15 15:34:57] [[32minfo[39m]: [32m[SLOTFLOW API GATEWAY] running on http://localhost:3000[39m
[2026-01-15 15:35:52] [[32minfo[39m]: [32m[GATEWAY PROXY] POST /auth/signin → http://localhost:4000/api/auth/signin[39m
[2026-01-15 15:35:52] [[32minfo[39m]: [32mexpressReq.user : undefined[39m
[2026-01-15 15:46:43] [[32minfo[39m]: [32m[GATEWAY PROXY] POST /auth/signin → http://localhost:4000/api/auth/signin[39m
[2026-01-15 15:46:43] [[32minfo[39m]: [32mexpressReq.user : undefined[39m
[2026-01-15 15:46:50] [[32minfo[39m]: [32m[GATEWAY PROXY] GET /admin/dashboard/today → http://localhost:4000/api/admin/dashboard/today[39m
[2026-01-15 15:48:25] [[32minfo[39m]: [32m[SLOTFLOW API GATEWAY] running on http://localhost:3000[39m
[2026-01-15 15:48:29] [[32minfo[39m]: [32m[SLOTFLOW API GATEWAY] running on http://localhost:3000[39m
[2026-01-15 15:48:37] [[32minfo[39m]: [32m[GATEWAY PROXY] GET /admin/dashboard/users → http://localhost:4000/api/admin/dashboard/users[39m
[2026-01-15 15:54:58] [[32minfo[39m]: [32m[SLOTFLOW API GATEWAY] running on http://localhost:3000[39m
[2026-01-15 15:55:04] [[32minfo[39m]: [32m[GATEWAY PROXY] GET /admin/dashboard/users → http://localhost:4000/api/admin/dashboard/users[39m
[2026-01-15 15:58:15] [[32minfo[39m]: [32m[SLOTFLOW API GATEWAY] running on http://localhost:3000[39m
[2026-01-15 15:58:22] [[32minfo[39m]: [32m[SLOTFLOW API GATEWAY] running on http://localhost:3000[39m
[2026-01-15 15:58:26] [[32minfo[39m]: [32m[SLOTFLOW API GATEWAY] running on http://localhost:3000[39m
[2026-01-15 15:58:30] [[32minfo[39m]: [32m[SLOTFLOW API GATEWAY] running on http://localhost:3000[39m
[2026-01-15 15:58:37] [[32minfo[39m]: [32m[SLOTFLOW API GATEWAY] running on http://localhost:3000[39m
[2026-01-15 15:58:45] [[32minfo[39m]: [32m[GATEWAY PROXY] GET /admin/dashboard/today → http://localhost:4000/api/admin/dashboard/today[39m
[2026-01-15 15:58:45] [[32minfo[39m]: [32mexpressReq.user : {"role":"ADMIN"}[39m
[2026-01-15 16:00:25] [[32minfo[39m]: [32m[SLOTFLOW API GATEWAY] running on http://localhost:3000[39m
[2026-01-15 16:00:29] [[32minfo[39m]: [32m[SLOTFLOW API GATEWAY] running on http://localhost:3000[39m
[2026-01-15 16:06:38] [[32minfo[39m]: [32m[GATEWAY PROXY] POST /auth/signin → http://localhost:4000/api/auth/signin[39m
[2026-01-15 16:07:06] [[32minfo[39m]: [32m[SLOTFLOW API GATEWAY] running on http://localhost:3000[39m
[2026-01-15 16:07:09] [[32minfo[39m]: [32m[GATEWAY PROXY] POST /auth/signin → http://localhost:4000/api/auth/signin[39m
[2026-01-15 16:07:09] [[32minfo[39m]: [32mexpressReq.user : undefined[39m
[2026-01-15 16:07:14] [[32minfo[39m]: [32m[GATEWAY PROXY] GET /admin/dashboard/today → http://localhost:4000/api/admin/dashboard/today[39m
[2026-01-15 16:07:14] [[32minfo[39m]: [32mexpressReq.user : {"role":"ADMIN"}[39m
[2026-01-15 16:12:17] [[32minfo[39m]: [32m[GATEWAY PROXY] POST /auth/signin → http://localhost:4000/api/auth/signin[39m
[2026-01-15 16:12:17] [[32minfo[39m]: [32mexpressReq.user : undefined[39m
[2026-01-15 16:12:25] [[32minfo[39m]: [32m[GATEWAY PROXY] POST /auth/signout → http://localhost:4000/api/auth/signout[39m
[2026-01-15 16:12:25] [[32minfo[39m]: [32mexpressReq.user : undefined[39m
[2026-01-15 16:12:51] [[32minfo[39m]: [32m[GATEWAY PROXY] POST /auth/signin → http://localhost:4000/api/auth/signin[39m
[2026-01-15 16:12:51] [[32minfo[39m]: [32mexpressReq.user : undefined[39m
[2026-01-15 16:12:53] [[32minfo[39m]: [32m[GATEWAY PROXY] GET /admin/dashboard/today → http://localhost:4000/api/admin/dashboard/today[39m
[2026-01-15 16:12:53] [[32minfo[39m]: [32mexpressReq.user : {"role":"ADMIN"}[39m
[2026-01-15 16:15:15] [[32minfo[39m]: [32m[GATEWAY PROXY] POST /auth/signin → http://localhost:4000/api/auth/signin[39m
[2026-01-15 16:15:15] [[32minfo[39m]: [32mexpressReq.user : undefined[39m
[2026-01-15 16:15:17] [[32minfo[39m]: [32m[GATEWAY PROXY] GET /admin/dashboard/today → http://localhost:4000/api/admin/dashboard/today[39m
[2026-01-15 16:15:17] [[32minfo[39m]: [32mexpressReq.user : {"role":"ADMIN"}[39m
[2026-01-15 16:15:21] [[32minfo[39m]: [32m[GATEWAY PROXY] GET /admin/dashboard/users → http://localhost:4000/api/admin/dashboard/users[39m
[2026-01-15 16:15:21] [[32minfo[39m]: [32mexpressReq.user : {"role":"ADMIN"}[39m
[2026-01-15 16:15:23] [[32minfo[39m]: [32m[GATEWAY PROXY] GET /admin/dashboard/providers → http://localhost:4000/api/admin/dashboard/providers[39m
[2026-01-15 16:15:23] [[32minfo[39m]: [32mexpressReq.user : {"role":"ADMIN"}[39m
[2026-01-15 16:15:24] [[32minfo[39m]: [32m[GATEWAY PROXY] GET /admin/dashboard/subscriptions → http://localhost:4000/api/admin/dashboard/subscriptions[39m
[2026-01-15 16:15:24] [[32minfo[39m]: [32mexpressReq.user : {"role":"ADMIN"}[39m
[2026-01-15 16:15:26] [[32minfo[39m]: [32m[GATEWAY PROXY] GET /admin/dashboard/revenue → http://localhost:4000/api/admin/dashboard/revenue[39m
[2026-01-15 16:15:26] [[32minfo[39m]: [32mexpressReq.user : {"role":"ADMIN"}[39m
[2026-01-15 16:15:38] [[32minfo[39m]: [32m[GATEWAY PROXY] GET /admin/dashboard/appointments → http://localhost:4000/api/admin/dashboard/appointments[39m
[2026-01-15 16:15:38] [[32minfo[39m]: [32mexpressReq.user : {"role":"ADMIN"}[39m
[2026-01-15 16:17:24] [[32minfo[39m]: [32m[SLOTFLOW API GATEWAY] running on http://localhost:3000[39m
[2026-01-15 16:17:38] [[32minfo[39m]: [32m[SLOTFLOW API GATEWAY] running on http://localhost:3000[39m
[2026-01-15 16:17:44] [[32minfo[39m]: [32m[SLOTFLOW API GATEWAY] running on http://localhost:3000[39m
[2026-01-15 16:22:07] [[32minfo[39m]: [32m[GATEWAY PROXY] GET /admin/users?page=1&limit=10 → http://localhost:4000/api/admin/users?page=1&limit=10[39m
[2026-01-15 16:22:07] [[32minfo[39m]: [32mexpressReq.user : {"role":"ADMIN"}[39m
[2026-01-15 16:22:13] [[32minfo[39m]: [32m[GATEWAY PROXY] PATCH /admin/users/693db16dd13641dca389082d → http://localhost:4000/api/admin/users/693db16dd13641dca389082d[39m
[2026-01-15 16:22:13] [[32minfo[39m]: [32mexpressReq.user : {"role":"ADMIN"}[39m
[2026-01-15 16:22:16] [[32minfo[39m]: [32m[GATEWAY PROXY] GET /admin/users?page=1&limit=10 → http://localhost:4000/api/admin/users?page=1&limit=10[39m
[2026-01-15 16:22:16] [[32minfo[39m]: [32mexpressReq.user : {"role":"ADMIN"}[39m
[2026-01-15 16:22:21] [[32minfo[39m]: [32m[GATEWAY PROXY] POST /auth/signout → http://localhost:4000/api/auth/signout[39m
[2026-01-15 16:22:21] [[32minfo[39m]: [32mexpressReq.user : undefined[39m
[2026-01-15 16:23:03] [[32minfo[39m]: [32m[GATEWAY PROXY] POST /auth/signin → http://localhost:4000/api/auth/signin[39m
[2026-01-15 16:23:03] [[32minfo[39m]: [32mexpressReq.user : undefined[39m
[2026-01-15 16:24:16] [[32minfo[39m]: [32m[SLOTFLOW API GATEWAY] running on http://localhost:3000[39m
[2026-01-15 16:24:29] [[32minfo[39m]: [32m[GATEWAY PROXY] POST /auth/signin → http://localhost:4000/api/auth/signin[39m
[2026-01-15 16:24:29] [[32minfo[39m]: [32mexpressReq.user : undefined[39m
[2026-01-15 16:34:23] [[32minfo[39m]: [32m[SLOTFLOW API GATEWAY] running on http://localhost:3000[39m
[2026-01-15 16:36:55] [[32minfo[39m]: [32m[SLOTFLOW API GATEWAY] running on http://localhost:3000[39m
[2026-01-15 16:37:03] [[32minfo[39m]: [32m[SLOTFLOW API GATEWAY] running on http://localhost:3000[39m
[2026-01-15 16:37:08] [[32minfo[39m]: [32m[SLOTFLOW API GATEWAY] running on http://localhost:3000[39m
[2026-01-23 20:38:50] [[32minfo[39m]: [32m[SLOTFLOW API GATEWAY] running on http://localhost:3000[39m
[2026-01-24 15:41:09] [[32minfo[39m]: [32m[GATEWAY PROXY] POST /auth/signin → http://localhost:4000/api/auth/signin[39m
[2026-01-24 15:41:09] [[32minfo[39m]: [32mexpressReq.user : undefined[39m
[2026-01-24 15:43:04] [[32minfo[39m]: [32m[GATEWAY PROXY] POST /auth/signup → http://localhost:4000/api/auth/signup[39m
[2026-01-24 15:43:04] [[32minfo[39m]: [32mexpressReq.user : undefined[39m
[2026-01-24 15:49:35] [[32minfo[39m]: [32m[GATEWAY PROXY] POST /auth/signup → http://localhost:4000/api/auth/signup[39m
[2026-01-24 15:49:35] [[32minfo[39m]: [32mexpressReq.user : undefined[39m
[2026-01-24 16:00:39] [[32minfo[39m]: [32m[GATEWAY PROXY] POST /auth/signup → http://localhost:4000/api/auth/signup[39m
[2026-01-24 16:00:39] [[32minfo[39m]: [32mexpressReq.user : undefined[39m
[2026-01-24 16:01:45] [[32minfo[39m]: [32m[GATEWAY PROXY] POST /auth/signup → http://localhost:4000/api/auth/signup[39m
[2026-01-24 16:01:45] [[32minfo[39m]: [32mexpressReq.user : undefined[39m
[2026-01-24 16:02:50] [[32minfo[39m]: [32m[GATEWAY PROXY] POST /auth/verify-otp → http://localhost:4000/api/auth/verify-otp[39m
[2026-01-24 16:02:50] [[32minfo[39m]: [32mexpressReq.user : undefined[39m
[2026-01-24 16:16:00] [[32minfo[39m]: [32m[GATEWAY PROXY] POST /auth/verify-otp → http://localhost:4000/api/auth/verify-otp[39m
[2026-01-24 16:16:00] [[32minfo[39m]: [32mexpressReq.user : undefined[39m
[2026-01-24 17:32:13] [[32minfo[39m]: [32m[SLOTFLOW API GATEWAY] running on http://localhost:3000[39m
[2026-01-24 19:23:01] [[32minfo[39m]: [32m[SLOTFLOW API GATEWAY] running on http://localhost:3000[39m
[2026-01-24 19:39:12] [[32minfo[39m]: [32m[GATEWAY PROXY] POST /auth/signup → http://localhost:4000/api/auth/signup[39m
[2026-01-24 19:39:12] [[32minfo[39m]: [32mexpressReq.user : undefined[39m
[2026-01-24 19:56:17] [[32minfo[39m]: [32m[GATEWAY PROXY] POST /auth/signup → http://localhost:4000/api/auth/signup[39m
[2026-01-24 19:56:17] [[32minfo[39m]: [32mexpressReq.user : undefined[39m
[2026-01-24 20:14:35] [[32minfo[39m]: [32m[GATEWAY PROXY] POST /auth/signup → http://localhost:4000/api/auth/signup[39m
[2026-01-24 20:14:35] [[32minfo[39m]: [32mexpressReq.user : undefined[39m
[2026-01-24 20:15:28] [[32minfo[39m]: [32m[GATEWAY PROXY] POST /auth/verify-otp → http://localhost:4000/api/auth/verify-otp[39m
[2026-01-24 20:15:28] [[32minfo[39m]: [32mexpressReq.user : undefined[39m
[2026-01-24 20:18:56] [[32minfo[39m]: [32m[GATEWAY PROXY] POST /auth/verify-otp → http://localhost:4000/api/auth/verify-otp[39m
[2026-01-24 20:18:56] [[32minfo[39m]: [32mexpressReq.user : undefined[39m
[2026-01-24 20:19:49] [[32minfo[39m]: [32m[GATEWAY PROXY] POST /auth/verify-otp → http://localhost:4000/api/auth/verify-otp[39m
[2026-01-24 20:19:49] [[32minfo[39m]: [32mexpressReq.user : undefined[39m
[2026-01-24 20:29:55] [[32minfo[39m]: [32m[GATEWAY PROXY] POST /auth/signup → http://localhost:4000/api/auth/signup[39m
[2026-01-24 20:29:55] [[32minfo[39m]: [32mexpressReq.user : undefined[39m
[2026-01-24 20:32:08] [[32minfo[39m]: [32m[GATEWAY PROXY] POST /auth/signup → http://localhost:4000/api/auth/signup[39m
[2026-01-24 20:32:08] [[32minfo[39m]: [32mexpressReq.user : undefined[39m
[2026-01-24 20:32:57] [[32minfo[39m]: [32m[GATEWAY PROXY] POST /auth/verify-otp → http://localhost:4000/api/auth/verify-otp[39m
[2026-01-24 20:32:57] [[32minfo[39m]: [32mexpressReq.user : undefined[39m
[2026-01-24 21:06:07] [[32minfo[39m]: [32m[GATEWAY PROXY] POST /auth/signin → http://localhost:4000/api/auth/signin[39m
[2026-01-24 21:06:07] [[32minfo[39m]: [32mexpressReq.user : undefined[39m
[2026-01-24 21:39:21] [[32minfo[39m]: [32m[GATEWAY PROXY] POST /auth/signout → http://localhost:4000/api/auth/signout[39m
[2026-01-24 21:39:21] [[32minfo[39m]: [32mexpressReq.user : undefined[39m
[2026-01-24 21:39:29] [[32minfo[39m]: [32m[GATEWAY PROXY] POST /auth/signin → http://localhost:4000/api/auth/signin[39m
[2026-01-24 21:39:29] [[32minfo[39m]: [32mexpressReq.user : undefined[39m
[2026-01-24 21:39:42] [[32minfo[39m]: [32m[GATEWAY PROXY] POST /auth/signout → http://localhost:4000/api/auth/signout[39m
[2026-01-24 21:39:42] [[32minfo[39m]: [32mexpressReq.user : undefined[39m
[2026-01-24 21:40:03] [[32minfo[39m]: [32m[GATEWAY PROXY] POST /auth/signin → http://localhost:4000/api/auth/signin[39m
[2026-01-24 21:40:03] [[32minfo[39m]: [32mexpressReq.user : undefined[39m
[2026-01-24 21:43:36] [[32minfo[39m]: [32m[GATEWAY PROXY] POST /auth/signout → http://localhost:4000/api/auth/signout[39m
[2026-01-24 21:43:36] [[32minfo[39m]: [32mexpressReq.user : undefined[39m
[2026-01-24 21:43:42] [[32minfo[39m]: [32m[GATEWAY PROXY] POST /auth/signin → http://localhost:4000/api/auth/signin[39m
[2026-01-24 21:43:42] [[32minfo[39m]: [32mexpressReq.user : undefined[39m
[2026-01-24 21:46:14] [[32minfo[39m]: [32m[GATEWAY PROXY] POST /auth/signout → http://localhost:4000/api/auth/signout[39m
[2026-01-24 21:46:14] [[32minfo[39m]: [32mexpressReq.user : undefined[39m
[2026-01-24 21:46:41] [[32minfo[39m]: [32m[GATEWAY PROXY] POST /auth/signin → http://localhost:4000/api/auth/signin[39m
[2026-01-24 21:46:41] [[32minfo[39m]: [32mexpressReq.user : undefined[39m
[2026-01-24 21:48:54] [[32minfo[39m]: [32m[GATEWAY PROXY] POST /auth/signout → http://localhost:4000/api/auth/signout[39m
[2026-01-24 21:48:54] [[32minfo[39m]: [32mexpressReq.user : undefined[39m
[2026-01-24 21:50:47] [[32minfo[39m]: [32m[GATEWAY PROXY] POST /auth/signin → http://localhost:4000/api/auth/signin[39m
[2026-01-24 21:50:47] [[32minfo[39m]: [32mexpressReq.user : undefined[39m
[2026-01-24 21:51:24] [[32minfo[39m]: [32m[GATEWAY PROXY] POST /auth/signout → http://localhost:4000/api/auth/signout[39m
[2026-01-24 21:51:24] [[32minfo[39m]: [32mexpressReq.user : undefined[39m
[2026-01-24 21:56:01] [[32minfo[39m]: [32m[GATEWAY PROXY] POST /auth/signin → http://localhost:4000/api/auth/signin[39m
[2026-01-24 21:56:01] [[32minfo[39m]: [32mexpressReq.user : undefined[39m
[2026-01-24 21:56:21] [[32minfo[39m]: [32m[GATEWAY PROXY] POST /auth/signout → http://localhost:4000/api/auth/signout[39m
[2026-01-24 21:56:21] [[32minfo[39m]: [32mexpressReq.user : undefined[39m
[2026-01-24 21:57:34] [[32minfo[39m]: [32m[GATEWAY PROXY] POST /auth/signin → http://localhost:4000/api/auth/signin[39m
[2026-01-24 21:57:34] [[32minfo[39m]: [32mexpressReq.user : undefined[39m
[2026-01-24 22:04:22] [[32minfo[39m]: [32m[GATEWAY PROXY] POST /auth/signout → http://localhost:4000/api/auth/signout[39m
[2026-01-24 22:04:22] [[32minfo[39m]: [32mexpressReq.user : undefined[39m
[2026-01-24 22:04:38] [[32minfo[39m]: [32m[GATEWAY PROXY] POST /auth/signin → http://localhost:4000/api/auth/signin[39m
[2026-01-24 22:04:38] [[32minfo[39m]: [32mexpressReq.user : undefined[39m
[2026-01-24 22:08:40] [[32minfo[39m]: [32m[GATEWAY PROXY] POST /auth/signin → http://localhost:4000/api/auth/signin[39m
[2026-01-24 22:08:40] [[32minfo[39m]: [32mexpressReq.user : undefined[39m
[2026-01-24 22:10:43] [[32minfo[39m]: [32m[GATEWAY PROXY] POST /auth/signout → http://localhost:4000/api/auth/signout[39m
[2026-01-24 22:10:43] [[32minfo[39m]: [32mexpressReq.user : undefined[39m
[2026-01-24 22:11:02] [[32minfo[39m]: [32m[GATEWAY PROXY] POST /auth/signin → http://localhost:4000/api/auth/signin[39m
[2026-01-24 22:11:02] [[32minfo[39m]: [32mexpressReq.user : undefined[39m
[2026-01-24 22:11:52] [[32minfo[39m]: [32m[GATEWAY PROXY] POST /auth/signout → http://localhost:4000/api/auth/signout[39m
[2026-01-24 22:11:52] [[32minfo[39m]: [32mexpressReq.user : undefined[39m
[2026-01-24 22:12:11] [[32minfo[39m]: [32m[GATEWAY PROXY] POST /auth/signin → http://localhost:4000/api/auth/signin[39m
[2026-01-24 22:12:11] [[32minfo[39m]: [32mexpressReq.user : undefined[39m
[2026-01-24 22:22:31] [[32minfo[39m]: [32m[GATEWAY PROXY] POST /auth/signin → http://localhost:4000/api/auth/signin[39m
[2026-01-24 22:22:31] [[32minfo[39m]: [32mexpressReq.user : undefined[39m
[2026-01-24 23:07:46] [[32minfo[39m]: [32m[GATEWAY PROXY] POST /auth/signout → http://localhost:4000/api/auth/signout[39m
[2026-01-24 23:07:46] [[32minfo[39m]: [32mexpressReq.user : undefined[39m
[2026-01-24 23:07:46] [[32minfo[39m]: [32m[GATEWAY PROXY] POST /auth/signout → http://localhost:4000/api/auth/signout[39m
[2026-01-24 23:07:46] [[32minfo[39m]: [32mexpressReq.user : undefined[39m
[2026-01-24 23:08:28] [[32minfo[39m]: [32m[GATEWAY PROXY] POST /auth/signin → http://localhost:4000/api/auth/signin[39m
[2026-01-24 23:08:28] [[32minfo[39m]: [32mexpressReq.user : undefined[39m
[2026-01-24 23:42:38] [[32minfo[39m]: [32m[GATEWAY PROXY] POST /auth/signout → http://localhost:4000/api/auth/signout[39m
[2026-01-24 23:42:38] [[32minfo[39m]: [32mexpressReq.user : undefined[39m
[2026-01-24 23:44:35] [[32minfo[39m]: [32m[GATEWAY PROXY] POST /auth/signin → http://localhost:4000/api/auth/signin[39m
[2026-01-24 23:44:35] [[32minfo[39m]: [32mexpressReq.user : undefined[39m
[2026-01-24 23:46:07] [[32minfo[39m]: [32m[SLOTFLOW API GATEWAY] running on http://localhost:3000[39m
[2026-01-24 23:46:42] [[32minfo[39m]: [32m[SLOTFLOW API GATEWAY] running on http://localhost:3000[39m
[2026-01-24 23:46:49] [[32minfo[39m]: [32m[GATEWAY PROXY] POST /auth/signout → http://localhost:4000/api/auth/signout[39m
[2026-01-24 23:46:49] [[32minfo[39m]: [32mexpressReq.user : undefined[39m
[2026-01-24 23:49:03] [[32minfo[39m]: [32m[SLOTFLOW API GATEWAY] running on http://localhost:3000[39m
[2026-01-24 23:49:18] [[32minfo[39m]: [32m[GATEWAY PROXY] POST /auth/signin → http://localhost:4000/api/auth/signin[39m
[2026-01-24 23:49:18] [[32minfo[39m]: [32mexpressReq.user : undefined[39m
[2026-01-24 23:49:41] [[32minfo[39m]: [32m[GATEWAY PROXY] POST /auth/signin → http://localhost:4000/api/auth/signin[39m
[2026-01-24 23:49:41] [[32minfo[39m]: [32mexpressReq.user : undefined[39m
[2026-01-24 23:49:51] [[32minfo[39m]: [32m[GATEWAY PROXY] POST /notifications/register-device → http://localhost:6000/api/notifications/register-device[39m
[2026-01-24 23:49:51] [[32minfo[39m]: [32mexpressReq.user : {"id":"6974def27bd61fd9e53d3433","role":"USER"}[39m
[2026-01-24 23:52:52] [[32minfo[39m]: [32m[GATEWAY PROXY] POST /auth/signout → http://localhost:4000/api/auth/signout[39m
[2026-01-24 23:52:52] [[32minfo[39m]: [32mexpressReq.user : undefined[39m
[2026-01-24 23:53:08] [[32minfo[39m]: [32m[GATEWAY PROXY] POST /auth/signin → http://localhost:4000/api/auth/signin[39m
[2026-01-24 23:53:08] [[32minfo[39m]: [32mexpressReq.user : undefined[39m
[2026-01-24 23:53:17] [[32minfo[39m]: [32m[GATEWAY PROXY] POST /notifications/register-device → http://localhost:6000/api/notifications/register-device[39m
[2026-01-24 23:53:17] [[32minfo[39m]: [32mexpressReq.user : {"id":"6974def27bd61fd9e53d3433","role":"USER"}[39m
[2026-01-24 23:54:52] [[32minfo[39m]: [32m[GATEWAY PROXY] POST /auth/signout → http://localhost:4000/api/auth/signout[39m
[2026-01-24 23:54:52] [[32minfo[39m]: [32mexpressReq.user : undefined[39m
[2026-01-24 23:55:10] [[32minfo[39m]: [32m[GATEWAY PROXY] POST /auth/signin → http://localhost:4000/api/auth/signin[39m
[2026-01-24 23:55:10] [[32minfo[39m]: [32mexpressReq.user : undefined[39m
[2026-01-24 23:55:21] [[32minfo[39m]: [32m[GATEWAY PROXY] POST /notifications/register-device → http://localhost:6000/api/notifications/register-device[39m
[2026-01-24 23:55:21] [[32minfo[39m]: [32mexpressReq.user : {"id":"6974def27bd61fd9e53d3433","role":"USER"}[39m
[2026-01-25 00:03:16] [[32minfo[39m]: [32m[SLOTFLOW API GATEWAY] running on http://localhost:3000[39m
[2026-01-25 00:03:22] [[32minfo[39m]: [32m[GATEWAY PROXY] POST /auth/signout → http://localhost:4000/api/auth/signout[39m
[2026-01-25 00:03:22] [[32minfo[39m]: [32mexpressReq.user : undefined[39m
[2026-01-25 00:03:37] [[32minfo[39m]: [32m[GATEWAY PROXY] POST /auth/signin → http://localhost:4000/api/auth/signin[39m
[2026-01-25 00:03:37] [[32minfo[39m]: [32mexpressReq.user : undefined[39m
[2026-01-25 00:03:57] [[32minfo[39m]: [32m[GATEWAY PROXY] POST /auth/signin → http://localhost:4000/api/auth/signin[39m
[2026-01-25 00:03:57] [[32minfo[39m]: [32mexpressReq.user : undefined[39m
[2026-01-25 00:04:05] [[32minfo[39m]: [32m[GATEWAY PROXY] POST /user-device/ → http://localhost:6000/api/user-device/[39m
[2026-01-25 00:04:05] [[32minfo[39m]: [32mexpressReq.user : {"id":"6974def27bd61fd9e53d3433","role":"USER"}[39m
[2026-01-25 00:04:29] [[32minfo[39m]: [32m[GATEWAY PROXY] POST /auth/signout → http://localhost:4000/api/auth/signout[39m
[2026-01-25 00:04:29] [[32minfo[39m]: [32mexpressReq.user : undefined[39m
[2026-01-25 00:04:46] [[32minfo[39m]: [32m[GATEWAY PROXY] POST /auth/signin → http://localhost:4000/api/auth/signin[39m
[2026-01-25 00:04:46] [[32minfo[39m]: [32mexpressReq.user : undefined[39m
[2026-01-25 00:04:53] [[32minfo[39m]: [32m[GATEWAY PROXY] POST /user-device/ → http://localhost:6000/api/user-device/[39m
[2026-01-25 00:04:53] [[32minfo[39m]: [32mexpressReq.user : {"id":"6974def27bd61fd9e53d3433","role":"USER"}[39m
[2026-01-25 00:17:09] [[32minfo[39m]: [32m[GATEWAY PROXY] GET /user/profile → http://localhost:4000/api/user/profile[39m
[2026-01-25 00:17:09] [[32minfo[39m]: [32mexpressReq.user : {"id":"6974def27bd61fd9e53d3433","role":"USER"}[39m
[2026-01-25 00:18:46] [[32minfo[39m]: [32m[GATEWAY PROXY] POST /auth/signout → http://localhost:4000/api/auth/signout[39m
[2026-01-25 00:18:46] [[32minfo[39m]: [32mexpressReq.user : undefined[39m
[2026-01-25 00:19:01] [[32minfo[39m]: [32m[GATEWAY PROXY] POST /auth/signin → http://localhost:4000/api/auth/signin[39m
[2026-01-25 00:19:01] [[32minfo[39m]: [32mexpressReq.user : undefined[39m
[2026-01-25 00:19:11] [[32minfo[39m]: [32m[GATEWAY PROXY] POST /user-device/ → http://localhost:6000/api/user-device/[39m
[2026-01-25 00:19:11] [[32minfo[39m]: [32mexpressReq.user : {"id":"6974def27bd61fd9e53d3433","role":"USER"}[39m
[2026-01-25 00:22:23] [[32minfo[39m]: [32m[GATEWAY PROXY] GET /user/profile → http://localhost:4000/api/user/profile[39m
[2026-01-25 00:22:23] [[32minfo[39m]: [32mexpressReq.user : {"id":"6974def27bd61fd9e53d3433","role":"USER"}[39m
[2026-01-25 00:29:02] [[32minfo[39m]: [32m[GATEWAY PROXY] POST /auth/signout → http://localhost:4000/api/auth/signout[39m
[2026-01-25 00:29:02] [[32minfo[39m]: [32mexpressReq.user : undefined[39m
[2026-01-25 00:29:25] [[32minfo[39m]: [32m[GATEWAY PROXY] POST /auth/signin → http://localhost:4000/api/auth/signin[39m
[2026-01-25 00:29:25] [[32minfo[39m]: [32mexpressReq.user : undefined[39m
[2026-01-25 00:29:34] [[32minfo[39m]: [32m[GATEWAY PROXY] POST /user-device/ → http://localhost:6000/api/user-device/[39m
[2026-01-25 00:29:34] [[32minfo[39m]: [32mexpressReq.user : {"id":"6974def27bd61fd9e53d3433","role":"USER"}[39m
[2026-01-25 00:34:14] [[32minfo[39m]: [32m[GATEWAY PROXY] GET /user/profile → http://localhost:4000/api/user/profile[39m
[2026-01-25 00:34:14] [[32minfo[39m]: [32mexpressReq.user : {"id":"6974def27bd61fd9e53d3433","role":"USER"}[39m
[2026-01-25 00:39:29] [[32minfo[39m]: [32m[GATEWAY PROXY] POST /auth/signout → http://localhost:4000/api/auth/signout[39m
[2026-01-25 00:39:29] [[32minfo[39m]: [32mexpressReq.user : undefined[39m
[2026-01-25 00:39:52] [[32minfo[39m]: [32m[GATEWAY PROXY] POST /auth/signin → http://localhost:4000/api/auth/signin[39m
[2026-01-25 00:39:52] [[32minfo[39m]: [32mexpressReq.user : undefined[39m
[2026-01-25 00:40:01] [[32minfo[39m]: [32m[GATEWAY PROXY] POST /user-device/ → http://localhost:6000/api/user-device/[39m
[2026-01-25 00:40:01] [[32minfo[39m]: [32mexpressReq.user : {"id":"6974def27bd61fd9e53d3433","role":"USER"}[39m
[2026-01-25 00:40:27] [[32minfo[39m]: [32m[GATEWAY PROXY] POST /auth/signout → http://localhost:4000/api/auth/signout[39m
[2026-01-25 00:40:27] [[32minfo[39m]: [32mexpressReq.user : undefined[39m
[2026-01-25 00:40:51] [[32minfo[39m]: [32m[GATEWAY PROXY] POST /auth/signin → http://localhost:4000/api/auth/signin[39m
[2026-01-25 00:40:51] [[32minfo[39m]: [32mexpressReq.user : undefined[39m
[2026-01-25 00:41:02] [[32minfo[39m]: [32m[GATEWAY PROXY] POST /user-device/ → http://localhost:6000/api/user-device/[39m
[2026-01-25 00:41:02] [[32minfo[39m]: [32mexpressReq.user : {"id":"6974def27bd61fd9e53d3433","role":"USER"}[39m
[2026-01-25 00:44:54] [[32minfo[39m]: [32m[GATEWAY PROXY] GET /user/appservices?categories%5B%5D=Professional+Services → http://localhost:4000/api/user/appservices?categories%5B%5D=Professional+Services[39m
[2026-01-25 00:44:54] [[32minfo[39m]: [32mexpressReq.user : {"id":"6974def27bd61fd9e53d3433","role":"USER"}[39m
[2026-01-25 00:44:54] [[32minfo[39m]: [32m[GATEWAY PROXY] GET /user/providers?maxPrice=0&minPrice=0&slotflowTrusted=false&skip=0&limit=12 → http://localhost:4000/api/user/providers?maxPrice=0&minPrice=0&slotflowTrusted=false&skip=0&limit=12[39m
[2026-01-25 00:44:54] [[32minfo[39m]: [32mexpressReq.user : {"id":"6974def27bd61fd9e53d3433","role":"USER"}[39m
[2026-01-25 00:48:18] [[32minfo[39m]: [32m[GATEWAY PROXY] GET /user/providers?maxPrice=0&minPrice=0&slotflowTrusted=false&skip=0&limit=12 → http://localhost:4000/api/user/providers?maxPrice=0&minPrice=0&slotflowTrusted=false&skip=0&limit=12[39m
[2026-01-25 00:48:18] [[32minfo[39m]: [32mexpressReq.user : {"id":"6974def27bd61fd9e53d3433","role":"USER"}[39m
[2026-01-25 00:50:48] [[32minfo[39m]: [32m[GATEWAY PROXY] GET /user/providers?maxPrice=0&minPrice=0&slotflowTrusted=false&skip=0&limit=12 → http://localhost:4000/api/user/providers?maxPrice=0&minPrice=0&slotflowTrusted=false&skip=0&limit=12[39m
[2026-01-25 00:50:48] [[32minfo[39m]: [32mexpressReq.user : {"id":"6974def27bd61fd9e53d3433","role":"USER"}[39m
[2026-01-25 00:50:48] [[32minfo[39m]: [32m[GATEWAY PROXY] GET /user/appservices?categories%5B%5D=Professional+Services → http://localhost:4000/api/user/appservices?categories%5B%5D=Professional+Services[39m
[2026-01-25 00:50:48] [[32minfo[39m]: [32mexpressReq.user : {"id":"6974def27bd61fd9e53d3433","role":"USER"}[39m
[2026-01-25 00:50:48] [[32minfo[39m]: [32m[GATEWAY PROXY] PATCH /user/push-notification → http://localhost:4000/api/user/push-notification[39m
[2026-01-25 00:50:48] [[32minfo[39m]: [32mexpressReq.user : {"id":"6974def27bd61fd9e53d3433","role":"USER"}[39m
[2026-01-25 01:32:13] [[32minfo[39m]: [32m[GATEWAY PROXY] POST /auth/signout → http://localhost:4000/api/auth/signout[39m
[2026-01-25 01:32:13] [[32minfo[39m]: [32mexpressReq.user : undefined[39m
[2026-01-25 01:32:13] [[32minfo[39m]: [32m[GATEWAY PROXY] GET /user/providers?maxPrice=0&minPrice=0&slotflowTrusted=false&skip=0&limit=12 → http://localhost:4000/api/user/providers?maxPrice=0&minPrice=0&slotflowTrusted=false&skip=0&limit=12[39m
[2026-01-25 01:32:13] [[32minfo[39m]: [32mexpressReq.user : {"id":"6974def27bd61fd9e53d3433","role":"USER"}[39m
[2026-01-25 01:32:15] [[32minfo[39m]: [32m[GATEWAY PROXY] PATCH /user/push-notification → http://localhost:4000/api/user/push-notification[39m
[2026-01-25 01:32:15] [[32minfo[39m]: [32mexpressReq.user : {"id":"6974def27bd61fd9e53d3433","role":"USER"}[39m
[2026-01-25 01:32:15] [[32minfo[39m]: [32m[GATEWAY PROXY] GET /user/appservices?categories%5B%5D=Professional+Services → http://localhost:4000/api/user/appservices?categories%5B%5D=Professional+Services[39m
[2026-01-25 01:32:15] [[32minfo[39m]: [32mexpressReq.user : {"id":"6974def27bd61fd9e53d3433","role":"USER"}[39m
[2026-01-25 01:32:15] [[32minfo[39m]: [32m[GATEWAY PROXY] GET /user/providers?maxPrice=0&minPrice=0&slotflowTrusted=false&skip=0&limit=12 → http://localhost:4000/api/user/providers?maxPrice=0&minPrice=0&slotflowTrusted=false&skip=0&limit=12[39m
[2026-01-25 01:32:15] [[32minfo[39m]: [32mexpressReq.user : {"id":"6974def27bd61fd9e53d3433","role":"USER"}[39m
[2026-01-25 01:32:17] [[32minfo[39m]: [32m[GATEWAY PROXY] GET /user/providers?maxPrice=0&minPrice=0&slotflowTrusted=false&skip=0&limit=12 → http://localhost:4000/api/user/providers?maxPrice=0&minPrice=0&slotflowTrusted=false&skip=0&limit=12[39m
[2026-01-25 01:32:17] [[32minfo[39m]: [32mexpressReq.user : {"id":"6974def27bd61fd9e53d3433","role":"USER"}[39m
[2026-01-25 01:32:19] [[32minfo[39m]: [32m[GATEWAY PROXY] POST /auth/signout → http://localhost:4000/api/auth/signout[39m
[2026-01-25 01:32:19] [[32minfo[39m]: [32mexpressReq.user : undefined[39m
[2026-01-25 02:01:35] [[32minfo[39m]: [32m[GATEWAY PROXY] POST /auth/signin → http://localhost:4000/api/auth/signin[39m
[2026-01-25 02:01:35] [[32minfo[39m]: [32mexpressReq.user : undefined[39m
[2026-01-25 02:01:38] [[32minfo[39m]: [32m[GATEWAY PROXY] PATCH /user/profile/push-notification → http://localhost:4000/api/user/profile/push-notification[39m
[2026-01-25 02:01:38] [[32minfo[39m]: [32mexpressReq.user : {"id":"6974def27bd61fd9e53d3433","role":"USER"}[39m
[2026-01-25 02:03:50] [[32minfo[39m]: [32m[GATEWAY PROXY] POST /auth/signout → http://localhost:4000/api/auth/signout[39m
[2026-01-25 02:03:50] [[32minfo[39m]: [32mexpressReq.user : undefined[39m
[2026-01-25 02:04:16] [[32minfo[39m]: [32m[GATEWAY PROXY] POST /auth/signin → http://localhost:4000/api/auth/signin[39m
[2026-01-25 02:04:16] [[32minfo[39m]: [32mexpressReq.user : undefined[39m
[2026-01-25 02:04:28] [[32minfo[39m]: [32m[GATEWAY PROXY] POST /user-device/ → http://localhost:6000/api/user-device/[39m
[2026-01-25 02:04:28] [[32minfo[39m]: [32mexpressReq.user : {"id":"6974def27bd61fd9e53d3433","role":"USER"}[39m
[2026-01-25 02:04:28] [[32minfo[39m]: [32m[GATEWAY PROXY] PATCH /user/profile/push-notification → http://localhost:4000/api/user/profile/push-notification[39m
[2026-01-25 02:04:28] [[32minfo[39m]: [32mexpressReq.user : {"id":"6974def27bd61fd9e53d3433","role":"USER"}[39m
[2026-01-25 02:06:04] [[32minfo[39m]: [32m[GATEWAY PROXY] POST /auth/signout → http://localhost:4000/api/auth/signout[39m
[2026-01-25 02:06:04] [[32minfo[39m]: [32mexpressReq.user : undefined[39m
[2026-01-25 02:06:18] [[32minfo[39m]: [32m[GATEWAY PROXY] POST /auth/signin → http://localhost:4000/api/auth/signin[39m
[2026-01-25 02:06:18] [[32minfo[39m]: [32mexpressReq.user : undefined[39m
[2026-01-25 02:06:25] [[32minfo[39m]: [32m[GATEWAY PROXY] POST /user-device/ → http://localhost:6000/api/user-device/[39m
[2026-01-25 02:06:25] [[32minfo[39m]: [32mexpressReq.user : {"id":"6974def27bd61fd9e53d3433","role":"USER"}[39m
[2026-01-25 02:06:25] [[32minfo[39m]: [32m[GATEWAY PROXY] PATCH /user/profile/push-notification → http://localhost:4000/api/user/profile/push-notification[39m
[2026-01-25 02:06:25] [[32minfo[39m]: [32mexpressReq.user : {"id":"6974def27bd61fd9e53d3433","role":"USER"}[39m
[2026-01-25 17:42:37] [[32minfo[39m]: [32m[SLOTFLOW API GATEWAY] running on http://localhost:3000[39m
[2026-02-07 12:35:25] [[32minfo[39m]: [32m[SLOTFLOW API GATEWAY] running on http://localhost:3000[39m
[2026-02-12 16:42:06] [[32minfo[39m]: [32m[GATEWAY PROXY] POST /auth/signin → http://localhost:4000/api/auth/signin[39m
[2026-02-12 16:42:06] [[32minfo[39m]: [32mexpressReq.user : undefined[39m
[2026-02-12 17:03:11] [[32minfo[39m]: [32m[GATEWAY PROXY] POST /auth/signin → http://localhost:4000/api/auth/signin[39m
[2026-02-12 17:03:11] [[32minfo[39m]: [32mexpressReq.user : undefined[39m
[2026-02-12 21:57:38] [[32minfo[39m]: [32m[GATEWAY PROXY] POST /auth/signin → http://localhost:4000/api/auth/signin[39m
[2026-02-12 21:57:38] [[32minfo[39m]: [32mexpressReq.user : undefined[39m
[2026-02-13 18:29:02] [[32minfo[39m]: [32m[GATEWAY PROXY] POST /auth/signup → http://localhost:4000/api/auth/signup[39m
[2026-02-13 18:29:02] [[32minfo[39m]: [32mexpressReq.user : undefined[39m
[2026-02-13 18:36:30] [[32minfo[39m]: [32m[SLOTFLOW API GATEWAY] running on http://localhost:3000[39m
[2026-02-13 18:40:33] [[32minfo[39m]: [32m[GATEWAY PROXY] POST /auth/signup → http://localhost:4000/api/auth/signup[39m
[2026-02-13 18:40:33] [[32minfo[39m]: [32mexpressReq.user : undefined[39m
[2026-02-13 18:41:49] [[32minfo[39m]: [32m[GATEWAY PROXY] POST /auth/verify-otp → http://localhost:4000/api/auth/verify-otp[39m
[2026-02-13 18:41:49] [[32minfo[39m]: [32mexpressReq.user : undefined[39m
[2026-02-13 18:42:28] [[32minfo[39m]: [32m[GATEWAY PROXY] POST /auth/signin → http://localhost:4000/api/auth/signin[39m
[2026-02-13 18:42:28] [[32minfo[39m]: [32mexpressReq.user : undefined[39m
[2026-02-13 18:42:52] [[32minfo[39m]: [32m[GATEWAY PROXY] GET /user/providers?maxPrice=0&minPrice=0&slotflowTrusted=false&skip=0&limit=12 → http://localhost:4000/api/user/providers?maxPrice=0&minPrice=0&slotflowTrusted=false&skip=0&limit=12[39m
[2026-02-13 18:42:52] [[32minfo[39m]: [32mexpressReq.user : {"id":"698f22c999b35470f53dd6d9","role":"USER"}[39m
[2026-02-13 18:42:52] [[32minfo[39m]: [32m[GATEWAY PROXY] GET /user/appservices?categories%5B%5D=Healthcare+%26+Wellness → http://localhost:4000/api/user/appservices?categories%5B%5D=Healthcare+%26+Wellness[39m
[2026-02-13 18:42:52] [[32minfo[39m]: [32mexpressReq.user : {"id":"698f22c999b35470f53dd6d9","role":"USER"}[39m
[2026-02-13 18:43:52] [[32minfo[39m]: [32m[GATEWAY PROXY] POST /auth/signout → http://localhost:4000/api/auth/signout[39m
[2026-02-13 18:43:52] [[32minfo[39m]: [32mexpressReq.user : undefined[39m
[2026-02-13 19:06:22] [[32minfo[39m]: [32m[GATEWAY PROXY] POST /auth/signup → http://localhost:4000/api/auth/signup[39m
[2026-02-13 19:06:22] [[32minfo[39m]: [32mexpressReq.user : undefined[39m
[2026-02-13 19:07:00] [[32minfo[39m]: [32m[GATEWAY PROXY] POST /auth/verify-otp → http://localhost:4000/api/auth/verify-otp[39m
[2026-02-13 19:07:00] [[32minfo[39m]: [32mexpressReq.user : undefined[39m
[2026-02-13 19:18:30] [[32minfo[39m]: [32m[GATEWAY PROXY] POST /auth/signin → http://localhost:4000/api/auth/signin[39m
[2026-02-13 19:18:30] [[32minfo[39m]: [32mexpressReq.user : undefined[39m
[2026-02-13 19:24:15] [[32minfo[39m]: [32m[GATEWAY PROXY] POST /auth/signout → http://localhost:4000/api/auth/signout[39m
[2026-02-13 19:24:15] [[32minfo[39m]: [32mexpressReq.user : undefined[39m
[2026-02-13 19:46:46] [[32minfo[39m]: [32m[GATEWAY PROXY] POST /auth/signin → http://localhost:4000/api/auth/signin[39m
[2026-02-13 19:46:46] [[32minfo[39m]: [32mexpressReq.user : undefined[39m
[2026-02-13 19:47:49] [[32minfo[39m]: [32m[GATEWAY PROXY] POST /auth/signout → http://localhost:4000/api/auth/signout[39m
[2026-02-13 19:47:49] [[32minfo[39m]: [32mexpressReq.user : undefined[39m
[2026-02-13 20:43:21] [[32minfo[39m]: [32m[GATEWAY PROXY] POST /auth/signin → http://localhost:4000/api/auth/signin[39m
[2026-02-13 20:43:21] [[32minfo[39m]: [32mexpressReq.user : undefined[39m
[2026-02-13 20:45:42] [[32minfo[39m]: [32m[GATEWAY PROXY] POST /auth/signout → http://localhost:4000/api/auth/signout[39m
[2026-02-13 20:45:42] [[32minfo[39m]: [32mexpressReq.user : undefined[39m
[2026-02-13 20:46:45] [[32minfo[39m]: [32m[GATEWAY PROXY] POST /auth/signin → http://localhost:4000/api/auth/signin[39m
[2026-02-13 20:46:45] [[32minfo[39m]: [32mexpressReq.user : undefined[39m
[2026-02-13 20:47:51] [[32minfo[39m]: [32m[GATEWAY PROXY] POST /auth/signout → http://localhost:4000/api/auth/signout[39m
[2026-02-13 20:47:51] [[32minfo[39m]: [32mexpressReq.user : undefined[39m
[2026-02-13 20:48:32] [[32minfo[39m]: [32m[GATEWAY PROXY] POST /auth/signin → http://localhost:4000/api/auth/signin[39m
[2026-02-13 20:48:32] [[32minfo[39m]: [32mexpressReq.user : undefined[39m
[2026-02-13 20:49:22] [[32minfo[39m]: [32m[GATEWAY PROXY] POST /auth/signout → http://localhost:4000/api/auth/signout[39m
[2026-02-13 20:49:22] [[32minfo[39m]: [32mexpressReq.user : undefined[39m
[2026-02-13 20:49:58] [[32minfo[39m]: [32m[GATEWAY PROXY] POST /auth/signin → http://localhost:4000/api/auth/signin[39m
[2026-02-13 20:49:58] [[32minfo[39m]: [32mexpressReq.user : undefined[39m
[2026-02-13 20:53:22] [[32minfo[39m]: [32m[GATEWAY PROXY] POST /auth/signout → http://localhost:4000/api/auth/signout[39m
[2026-02-13 20:53:22] [[32minfo[39m]: [32mexpressReq.user : undefined[39m
[2026-02-13 20:54:12] [[32minfo[39m]: [32m[GATEWAY PROXY] POST /auth/signin → http://localhost:4000/api/auth/signin[39m
[2026-02-13 20:54:13] [[32minfo[39m]: [32mexpressReq.user : undefined[39m
[2026-02-13 21:01:18] [[32minfo[39m]: [32m[GATEWAY PROXY] POST /auth/signin → http://localhost:4000/api/auth/signin[39m
[2026-02-13 21:01:18] [[32minfo[39m]: [32mexpressReq.user : undefined[39m
[2026-02-13 21:01:29] [[32minfo[39m]: [32m[GATEWAY PROXY] POST /user-device/ → http://localhost:6000/api/user-device/[39m
[2026-02-13 21:01:29] [[32minfo[39m]: [32mexpressReq.user : {"id":"698f28d799b35470f53dd6e2","role":"PROVIDER"}[39m
[2026-02-13 21:01:30] [[32minfo[39m]: [32m[GATEWAY PROXY] PATCH /provider/profile/push-notification → http://localhost:4000/api/provider/profile/push-notification[39m
[2026-02-13 21:01:30] [[32minfo[39m]: [32mexpressReq.user : {"id":"698f28d799b35470f53dd6e2","role":"PROVIDER"}[39m
[2026-02-13 21:03:22] [[32minfo[39m]: [32m[GATEWAY PROXY] POST /provider/addresses → http://localhost:4000/api/provider/addresses[39m
[2026-02-13 21:03:22] [[32minfo[39m]: [32mexpressReq.user : {"id":"698f28d799b35470f53dd6e2","role":"PROVIDER"}[39m
[2026-02-13 21:03:23] [[32minfo[39m]: [32m[GATEWAY PROXY] GET /provider/address → http://localhost:4000/api/provider/address[39m
[2026-02-13 21:03:23] [[32minfo[39m]: [32mexpressReq.user : {"id":"698f28d799b35470f53dd6e2","role":"PROVIDER"}[39m
[2026-02-13 21:13:25] [[32minfo[39m]: [32m[GATEWAY PROXY] POST /auth/signout → http://localhost:4000/api/auth/signout[39m
[2026-02-13 21:13:25] [[32minfo[39m]: [32mexpressReq.user : undefined[39m
[2026-02-13 21:13:33] [[32minfo[39m]: [32m[GATEWAY PROXY] POST /auth/signin → http://localhost:4000/api/auth/signin[39m
[2026-02-13 21:13:33] [[32minfo[39m]: [32mexpressReq.user : undefined[39m
[2026-02-13 21:18:08] [[32minfo[39m]: [32m[GATEWAY PROXY] POST /auth/signout → http://localhost:4000/api/auth/signout[39m
[2026-02-13 21:18:08] [[32minfo[39m]: [32mexpressReq.user : undefined[39m
[2026-02-13 21:18:24] [[32minfo[39m]: [32m[GATEWAY PROXY] POST /auth/signin → http://localhost:4000/api/auth/signin[39m
[2026-02-13 21:18:24] [[32minfo[39m]: [32mexpressReq.user : undefined[39m
[2026-02-13 21:19:12] [[32minfo[39m]: [32m[GATEWAY PROXY] POST /provider/addresses → http://localhost:4000/api/provider/addresses[39m
[2026-02-13 21:19:12] [[32minfo[39m]: [32mexpressReq.user : {"id":"698f28d799b35470f53dd6e2","role":"PROVIDER"}[39m
[2026-02-13 21:19:14] [[32minfo[39m]: [32m[GATEWAY PROXY] GET /provider/address → http://localhost:4000/api/provider/address[39m
[2026-02-13 21:19:14] [[32minfo[39m]: [32mexpressReq.user : {"id":"698f28d799b35470f53dd6e2","role":"PROVIDER"}[39m
[2026-02-13 21:59:14] [[32minfo[39m]: [32m[GATEWAY PROXY] POST /auth/signout → http://localhost:4000/api/auth/signout[39m
[2026-02-13 21:59:14] [[32minfo[39m]: [32mexpressReq.user : undefined[39m
[2026-02-13 21:59:38] [[32minfo[39m]: [32m[GATEWAY PROXY] POST /auth/signin → http://localhost:4000/api/auth/signin[39m
[2026-02-13 21:59:38] [[32minfo[39m]: [32mexpressReq.user : undefined[39m
[2026-02-13 22:00:16] [[32minfo[39m]: [32m[GATEWAY PROXY] POST /provider/addresses → http://localhost:4000/api/provider/addresses[39m
[2026-02-13 22:00:16] [[32minfo[39m]: [32mexpressReq.user : {"id":"698f28d799b35470f53dd6e2","role":"PROVIDER"}[39m
[2026-02-13 23:30:23] [[32minfo[39m]: [32m[GATEWAY PROXY] POST /auth/signout → http://localhost:4000/api/auth/signout[39m
[2026-02-13 23:30:23] [[32minfo[39m]: [32mexpressReq.user : undefined[39m
[2026-02-13 23:33:42] [[32minfo[39m]: [32m[GATEWAY PROXY] POST /auth/signin → http://localhost:4000/api/auth/signin[39m
[2026-02-13 23:33:42] [[32minfo[39m]: [32mexpressReq.user : undefined[39m
[2026-02-13 23:41:00] [[32minfo[39m]: [32m[GATEWAY PROXY] POST /provider/addresses → http://localhost:4000/api/provider/addresses[39m
[2026-02-13 23:41:00] [[32minfo[39m]: [32mexpressReq.user : {"id":"698f28d799b35470f53dd6e2","role":"PROVIDER"}[39m
[2026-02-13 23:45:55] [[32minfo[39m]: [32m[GATEWAY PROXY] POST /auth/signout → http://localhost:4000/api/auth/signout[39m
[2026-02-13 23:45:55] [[32minfo[39m]: [32mexpressReq.user : undefined[39m
[2026-02-13 23:46:27] [[32minfo[39m]: [32m[GATEWAY PROXY] POST /auth/signin → http://localhost:4000/api/auth/signin[39m
[2026-02-13 23:46:27] [[32minfo[39m]: [32mexpressReq.user : undefined[39m
[2026-02-13 23:46:32] [[32minfo[39m]: [32m[GATEWAY PROXY] GET /admin/dashboard/today → http://localhost:4000/api/admin/dashboard/today[39m
[2026-02-13 23:46:32] [[32minfo[39m]: [32mexpressReq.user : {"role":"ADMIN"}[39m
[2026-02-13 23:46:37] [[32minfo[39m]: [32m[GATEWAY PROXY] GET /admin/dashboard/users → http://localhost:4000/api/admin/dashboard/users[39m
[2026-02-13 23:46:37] [[32minfo[39m]: [32mexpressReq.user : {"role":"ADMIN"}[39m
[2026-02-13 23:46:41] [[32minfo[39m]: [32m[GATEWAY PROXY] GET /admin/dashboard/providers → http://localhost:4000/api/admin/dashboard/providers[39m
[2026-02-13 23:46:41] [[32minfo[39m]: [32mexpressReq.user : {"role":"ADMIN"}[39m
[2026-02-13 23:49:40] [[32minfo[39m]: [32m[GATEWAY PROXY] GET /admin/services?page=1&limit=10 → http://localhost:4000/api/admin/services?page=1&limit=10[39m
[2026-02-13 23:49:40] [[32minfo[39m]: [32mexpressReq.user : {"role":"ADMIN"}[39m
[2026-02-13 23:51:08] [[32minfo[39m]: [32m[GATEWAY PROXY] POST /admin/services → http://localhost:4000/api/admin/services[39m
[2026-02-13 23:51:08] [[32minfo[39m]: [32mexpressReq.user : {"role":"ADMIN"}[39m
[2026-02-13 23:51:08] [[32minfo[39m]: [32m[GATEWAY PROXY] GET /admin/services?page=1&limit=10 → http://localhost:4000/api/admin/services?page=1&limit=10[39m
[2026-02-13 23:51:08] [[32minfo[39m]: [32mexpressReq.user : {"role":"ADMIN"}[39m
[2026-02-13 23:51:29] [[32minfo[39m]: [32m[GATEWAY PROXY] POST /admin/services → http://localhost:4000/api/admin/services[39m
[2026-02-13 23:51:29] [[32minfo[39m]: [32mexpressReq.user : {"role":"ADMIN"}[39m
[2026-02-13 23:51:29] [[32minfo[39m]: [32m[GATEWAY PROXY] GET /admin/services?page=1&limit=10 → http://localhost:4000/api/admin/services?page=1&limit=10[39m
[2026-02-13 23:51:29] [[32minfo[39m]: [32mexpressReq.user : {"role":"ADMIN"}[39m
[2026-02-13 23:51:42] [[32minfo[39m]: [32m[GATEWAY PROXY] POST /admin/services → http://localhost:4000/api/admin/services[39m
[2026-02-13 23:51:42] [[32minfo[39m]: [32mexpressReq.user : {"role":"ADMIN"}[39m
[2026-02-13 23:51:42] [[32minfo[39m]: [32m[GATEWAY PROXY] GET /admin/services?page=1&limit=10 → http://localhost:4000/api/admin/services?page=1&limit=10[39m
[2026-02-13 23:51:42] [[32minfo[39m]: [32mexpressReq.user : {"role":"ADMIN"}[39m
[2026-02-13 23:51:55] [[32minfo[39m]: [32m[GATEWAY PROXY] POST /admin/services → http://localhost:4000/api/admin/services[39m
[2026-02-13 23:51:55] [[32minfo[39m]: [32mexpressReq.user : {"role":"ADMIN"}[39m
[2026-02-13 23:51:55] [[32minfo[39m]: [32m[GATEWAY PROXY] GET /admin/services?page=1&limit=10 → http://localhost:4000/api/admin/services?page=1&limit=10[39m
[2026-02-13 23:51:55] [[32minfo[39m]: [32mexpressReq.user : {"role":"ADMIN"}[39m
[2026-02-13 23:52:14] [[32minfo[39m]: [32m[GATEWAY PROXY] POST /admin/services → http://localhost:4000/api/admin/services[39m
[2026-02-13 23:52:14] [[32minfo[39m]: [32mexpressReq.user : {"role":"ADMIN"}[39m
[2026-02-13 23:52:14] [[32minfo[39m]: [32m[GATEWAY PROXY] GET /admin/services?page=1&limit=10 → http://localhost:4000/api/admin/services?page=1&limit=10[39m
[2026-02-13 23:52:14] [[32minfo[39m]: [32mexpressReq.user : {"role":"ADMIN"}[39m
[2026-02-13 23:52:34] [[32minfo[39m]: [32m[GATEWAY PROXY] POST /admin/services → http://localhost:4000/api/admin/services[39m
[2026-02-13 23:52:34] [[32minfo[39m]: [32mexpressReq.user : {"role":"ADMIN"}[39m
[2026-02-13 23:52:34] [[32minfo[39m]: [32m[GATEWAY PROXY] GET /admin/services?page=1&limit=10 → http://localhost:4000/api/admin/services?page=1&limit=10[39m
[2026-02-13 23:52:34] [[32minfo[39m]: [32mexpressReq.user : {"role":"ADMIN"}[39m
[2026-02-13 23:52:52] [[32minfo[39m]: [32m[GATEWAY PROXY] POST /admin/services → http://localhost:4000/api/admin/services[39m
[2026-02-13 23:52:52] [[32minfo[39m]: [32mexpressReq.user : {"role":"ADMIN"}[39m
[2026-02-13 23:52:52] [[32minfo[39m]: [32m[GATEWAY PROXY] GET /admin/services?page=1&limit=10 → http://localhost:4000/api/admin/services?page=1&limit=10[39m
[2026-02-13 23:52:52] [[32minfo[39m]: [32mexpressReq.user : {"role":"ADMIN"}[39m
[2026-02-13 23:53:48] [[32minfo[39m]: [32m[GATEWAY PROXY] POST /admin/services → http://localhost:4000/api/admin/services[39m
[2026-02-13 23:53:48] [[32minfo[39m]: [32mexpressReq.user : {"role":"ADMIN"}[39m
[2026-02-13 23:53:48] [[32minfo[39m]: [32m[GATEWAY PROXY] GET /admin/services?page=1&limit=10 → http://localhost:4000/api/admin/services?page=1&limit=10[39m
[2026-02-13 23:53:48] [[32minfo[39m]: [32mexpressReq.user : {"role":"ADMIN"}[39m
[2026-02-13 23:54:01] [[32minfo[39m]: [32m[GATEWAY PROXY] POST /admin/services → http://localhost:4000/api/admin/services[39m
[2026-02-13 23:54:01] [[32minfo[39m]: [32mexpressReq.user : {"role":"ADMIN"}[39m
[2026-02-13 23:54:01] [[32minfo[39m]: [32m[GATEWAY PROXY] GET /admin/services?page=1&limit=10 → http://localhost:4000/api/admin/services?page=1&limit=10[39m
[2026-02-13 23:54:01] [[32minfo[39m]: [32mexpressReq.user : {"role":"ADMIN"}[39m
[2026-02-13 23:54:40] [[32minfo[39m]: [32m[GATEWAY PROXY] POST /admin/services → http://localhost:4000/api/admin/services[39m
[2026-02-13 23:54:40] [[32minfo[39m]: [32mexpressReq.user : {"role":"ADMIN"}[39m
[2026-02-13 23:54:40] [[32minfo[39m]: [32m[GATEWAY PROXY] GET /admin/services?page=1&limit=10 → http://localhost:4000/api/admin/services?page=1&limit=10[39m
[2026-02-13 23:54:40] [[32minfo[39m]: [32mexpressReq.user : {"role":"ADMIN"}[39m
[2026-02-13 23:55:25] [[32minfo[39m]: [32m[GATEWAY PROXY] GET /admin/plans?page=1&limit=10 → http://localhost:4000/api/admin/plans?page=1&limit=10[39m
[2026-02-13 23:55:25] [[32minfo[39m]: [32mexpressReq.user : {"role":"ADMIN"}[39m
[2026-02-14 00:00:35] [[32minfo[39m]: [32m[GATEWAY PROXY] POST /admin/plans → http://localhost:4000/api/admin/plans[39m
[2026-02-14 00:00:35] [[32minfo[39m]: [32mexpressReq.user : {"role":"ADMIN"}[39m
[2026-02-14 00:00:36] [[32minfo[39m]: [32m[GATEWAY PROXY] GET /admin/plans?page=1&limit=10 → http://localhost:4000/api/admin/plans?page=1&limit=10[39m
[2026-02-14 00:00:36] [[32minfo[39m]: [32mexpressReq.user : {"role":"ADMIN"}[39m
[2026-02-14 00:00:40] [[32minfo[39m]: [32m[GATEWAY PROXY] POST /auth/signout → http://localhost:4000/api/auth/signout[39m
[2026-02-14 00:00:40] [[32minfo[39m]: [32mexpressReq.user : undefined[39m
[2026-02-14 00:01:09] [[32minfo[39m]: [32m[GATEWAY PROXY] POST /auth/signin → http://localhost:4000/api/auth/signin[39m
[2026-02-14 00:01:09] [[32minfo[39m]: [32mexpressReq.user : undefined[39m
[2026-02-14 00:01:19] [[32minfo[39m]: [32m[GATEWAY PROXY] GET /provider/appservices?serviceCategory=Professional+Services → http://localhost:4000/api/provider/appservices?serviceCategory=Professional+Services[39m
[2026-02-14 00:01:19] [[32minfo[39m]: [32mexpressReq.user : {"id":"698f28d799b35470f53dd6e2","role":"PROVIDER"}[39m
[2026-02-14 00:03:09] [[32minfo[39m]: [32m[GATEWAY PROXY] GET /provider/appservices?serviceCategory=Professional+Services → http://localhost:4000/api/provider/appservices?serviceCategory=Professional+Services[39m
[2026-02-14 00:03:09] [[32minfo[39m]: [32mexpressReq.user : {"id":"698f28d799b35470f53dd6e2","role":"PROVIDER"}[39m
[2026-02-14 00:05:48] [[32minfo[39m]: [32m[GATEWAY PROXY] GET /provider/appservices?serviceCategory=Healthcare+%26+Wellness → http://localhost:4000/api/provider/appservices?serviceCategory=Healthcare+%26+Wellness[39m
[2026-02-14 00:05:48] [[32minfo[39m]: [32mexpressReq.user : {"id":"698f28d799b35470f53dd6e2","role":"PROVIDER"}[39m
[2026-02-14 00:07:17] [[32minfo[39m]: [32m[GATEWAY PROXY] GET /provider/appservices → http://localhost:4000/api/provider/appservices[39m
[2026-02-14 00:07:17] [[32minfo[39m]: [32mexpressReq.user : {"id":"698f28d799b35470f53dd6e2","role":"PROVIDER"}[39m
[2026-02-14 00:09:11] [[32minfo[39m]: [32m[GATEWAY PROXY] GET /provider/appservices?serviceCategory=Healthcare+%26+Wellness → http://localhost:4000/api/provider/appservices?serviceCategory=Healthcare+%26+Wellness[39m
[2026-02-14 00:09:11] [[32minfo[39m]: [32mexpressReq.user : {"id":"698f28d799b35470f53dd6e2","role":"PROVIDER"}[39m
[2026-02-14 00:09:16] [[32minfo[39m]: [32m[GATEWAY PROXY] GET /provider/appservices?serviceCategory=Professional+Services → http://localhost:4000/api/provider/appservices?serviceCategory=Professional+Services[39m
[2026-02-14 00:09:16] [[32minfo[39m]: [32mexpressReq.user : {"id":"698f28d799b35470f53dd6e2","role":"PROVIDER"}[39m
[2026-02-14 00:09:35] [[32minfo[39m]: [32m[GATEWAY PROXY] GET /provider/appservices?serviceCategory=Beauty+%26+Personal+Care → http://localhost:4000/api/provider/appservices?serviceCategory=Beauty+%26+Personal+Care[39m
[2026-02-14 00:09:35] [[32minfo[39m]: [32mexpressReq.user : {"id":"698f28d799b35470f53dd6e2","role":"PROVIDER"}[39m
[2026-02-14 00:10:28] [[32minfo[39m]: [32m[GATEWAY PROXY] GET /provider/appservices?serviceCategory=Professional+Services → http://localhost:4000/api/provider/appservices?serviceCategory=Professional+Services[39m
[2026-02-14 00:10:28] [[32minfo[39m]: [32mexpressReq.user : {"id":"698f28d799b35470f53dd6e2","role":"PROVIDER"}[39m
[2026-02-14 00:10:42] [[32minfo[39m]: [32m[GATEWAY PROXY] GET /provider/appservices?serviceCategory=Technology+Services → http://localhost:4000/api/provider/appservices?serviceCategory=Technology+Services[39m
[2026-02-14 00:10:42] [[32minfo[39m]: [32mexpressReq.user : {"id":"698f28d799b35470f53dd6e2","role":"PROVIDER"}[39m
[2026-02-14 00:12:51] [[32minfo[39m]: [32m[GATEWAY PROXY] GET /provider/appservices?serviceCategory=Professional+Services → http://localhost:4000/api/provider/appservices?serviceCategory=Professional+Services[39m
[2026-02-14 00:12:51] [[32minfo[39m]: [32mexpressReq.user : {"id":"698f28d799b35470f53dd6e2","role":"PROVIDER"}[39m
[2026-02-14 00:18:18] [[32minfo[39m]: [32m[GATEWAY PROXY] GET /provider/appservices?serviceCategory=Healthcare+%26+Wellness → http://localhost:4000/api/provider/appservices?serviceCategory=Healthcare+%26+Wellness[39m
[2026-02-14 00:18:18] [[32minfo[39m]: [32mexpressReq.user : {"id":"698f28d799b35470f53dd6e2","role":"PROVIDER"}[39m
[2026-02-14 10:13:07] [[32minfo[39m]: [32m[GATEWAY PROXY] POST /auth/signout → http://localhost:4000/api/auth/signout[39m
[2026-02-14 10:13:07] [[32minfo[39m]: [32mexpressReq.user : undefined[39m
[2026-02-14 10:30:59] [[32minfo[39m]: [32m[GATEWAY PROXY] POST /auth/signin → http://localhost:4000/api/auth/signin[39m
[2026-02-14 10:30:59] [[32minfo[39m]: [32mexpressReq.user : undefined[39m
[2026-02-14 10:31:12] [[32minfo[39m]: [32m[GATEWAY PROXY] GET /provider/appservices?serviceCategory=Professional+Services → http://localhost:4000/api/provider/appservices?serviceCategory=Professional+Services[39m
[2026-02-14 10:31:12] [[32minfo[39m]: [32mexpressReq.user : {"id":"698f28d799b35470f53dd6e2","role":"PROVIDER"}[39m
[2026-02-14 10:37:55] [[32minfo[39m]: [32m[GATEWAY PROXY] GET /provider/appservices?serviceCategory=Technology+Services → http://localhost:4000/api/provider/appservices?serviceCategory=Technology+Services[39m
[2026-02-14 10:37:55] [[32minfo[39m]: [32mexpressReq.user : {"id":"698f28d799b35470f53dd6e2","role":"PROVIDER"}[39m
[2026-02-14 10:40:04] [[32minfo[39m]: [32m[GATEWAY PROXY] GET /provider/appservices?serviceCategory%5B%5D=Technology+Services → http://localhost:4000/api/provider/appservices?serviceCategory%5B%5D=Technology+Services[39m
[2026-02-14 10:40:04] [[32minfo[39m]: [32mexpressReq.user : {"id":"698f28d799b35470f53dd6e2","role":"PROVIDER"}[39m
[2026-02-14 10:40:10] [[32minfo[39m]: [32m[GATEWAY PROXY] GET /provider/appservices?serviceCategory%5B%5D=Professional+Services → http://localhost:4000/api/provider/appservices?serviceCategory%5B%5D=Professional+Services[39m
[2026-02-14 10:40:10] [[32minfo[39m]: [32mexpressReq.user : {"id":"698f28d799b35470f53dd6e2","role":"PROVIDER"}[39m
[2026-02-14 10:46:22] [[32minfo[39m]: [32m[GATEWAY PROXY] GET /provider/appservices?serviceCategory%5B%5D=Professional+Services → http://localhost:4000/api/provider/appservices?serviceCategory%5B%5D=Professional+Services[39m
[2026-02-14 10:46:22] [[32minfo[39m]: [32mexpressReq.user : {"id":"698f28d799b35470f53dd6e2","role":"PROVIDER"}[39m
[2026-02-14 10:47:04] [[32minfo[39m]: [32m[GATEWAY PROXY] GET /provider/appservices?serviceCategory%5B%5D=Professional+Services → http://localhost:4000/api/provider/appservices?serviceCategory%5B%5D=Professional+Services[39m
[2026-02-14 10:47:04] [[32minfo[39m]: [32mexpressReq.user : {"id":"698f28d799b35470f53dd6e2","role":"PROVIDER"}[39m
[2026-02-14 10:47:39] [[32minfo[39m]: [32m[GATEWAY PROXY] GET /provider/appservices?serviceCategory%5B%5D=Professional+Services → http://localhost:4000/api/provider/appservices?serviceCategory%5B%5D=Professional+Services[39m
[2026-02-14 10:47:39] [[32minfo[39m]: [32mexpressReq.user : {"id":"698f28d799b35470f53dd6e2","role":"PROVIDER"}[39m
[2026-02-14 10:47:58] [[32minfo[39m]: [32m[GATEWAY PROXY] GET /provider/appservices?serviceCategory%5B%5D=Professional+Services → http://localhost:4000/api/provider/appservices?serviceCategory%5B%5D=Professional+Services[39m
[2026-02-14 10:47:58] [[32minfo[39m]: [32mexpressReq.user : {"id":"698f28d799b35470f53dd6e2","role":"PROVIDER"}[39m
[2026-02-14 10:48:06] [[32minfo[39m]: [32m[GATEWAY PROXY] GET /provider/appservices?serviceCategory%5B%5D=Professional+Services → http://localhost:4000/api/provider/appservices?serviceCategory%5B%5D=Professional+Services[39m
[2026-02-14 10:48:06] [[32minfo[39m]: [32mexpressReq.user : {"id":"698f28d799b35470f53dd6e2","role":"PROVIDER"}[39m
[2026-02-14 10:48:07] [[32minfo[39m]: [32m[GATEWAY PROXY] GET /provider/appservices?serviceCategory%5B%5D=Professional+Services → http://localhost:4000/api/provider/appservices?serviceCategory%5B%5D=Professional+Services[39m
[2026-02-14 10:48:07] [[32minfo[39m]: [32mexpressReq.user : {"id":"698f28d799b35470f53dd6e2","role":"PROVIDER"}[39m
[2026-02-14 10:48:16] [[32minfo[39m]: [32m[GATEWAY PROXY] GET /provider/appservices?serviceCategory%5B%5D=Professional+Services → http://localhost:4000/api/provider/appservices?serviceCategory%5B%5D=Professional+Services[39m
[2026-02-14 10:48:16] [[32minfo[39m]: [32mexpressReq.user : {"id":"698f28d799b35470f53dd6e2","role":"PROVIDER"}[39m
[2026-02-14 10:48:23] [[32minfo[39m]: [32m[GATEWAY PROXY] GET /provider/appservices?serviceCategory%5B%5D=Professional+Services → http://localhost:4000/api/provider/appservices?serviceCategory%5B%5D=Professional+Services[39m
[2026-02-14 10:48:23] [[32minfo[39m]: [32mexpressReq.user : {"id":"698f28d799b35470f53dd6e2","role":"PROVIDER"}[39m
[2026-02-14 10:48:30] [[32minfo[39m]: [32m[GATEWAY PROXY] GET /provider/appservices?serviceCategory%5B%5D=Professional+Services → http://localhost:4000/api/provider/appservices?serviceCategory%5B%5D=Professional+Services[39m
[2026-02-14 10:48:30] [[32minfo[39m]: [32mexpressReq.user : {"id":"698f28d799b35470f53dd6e2","role":"PROVIDER"}[39m
[2026-02-14 10:48:31] [[32minfo[39m]: [32m[GATEWAY PROXY] GET /provider/appservices?serviceCategory%5B%5D=Professional+Services → http://localhost:4000/api/provider/appservices?serviceCategory%5B%5D=Professional+Services[39m
[2026-02-14 10:48:31] [[32minfo[39m]: [32mexpressReq.user : {"id":"698f28d799b35470f53dd6e2","role":"PROVIDER"}[39m
[2026-02-14 10:52:24] [[32minfo[39m]: [32m[GATEWAY PROXY] GET /provider/appservices?serviceCategory%5B%5D=Professional+Services → http://localhost:4000/api/provider/appservices?serviceCategory%5B%5D=Professional+Services[39m
[2026-02-14 10:52:24] [[32minfo[39m]: [32mexpressReq.user : {"id":"698f28d799b35470f53dd6e2","role":"PROVIDER"}[39m
[2026-02-14 10:52:25] [[32minfo[39m]: [32m[GATEWAY PROXY] GET /provider/appservices?serviceCategory%5B%5D=Professional+Services → http://localhost:4000/api/provider/appservices?serviceCategory%5B%5D=Professional+Services[39m
[2026-02-14 10:52:25] [[32minfo[39m]: [32mexpressReq.user : {"id":"698f28d799b35470f53dd6e2","role":"PROVIDER"}[39m
[2026-02-14 10:52:28] [[32minfo[39m]: [32m[GATEWAY PROXY] POST /provider/service → http://localhost:4000/api/provider/service[39m
[2026-02-14 10:52:28] [[32minfo[39m]: [32mexpressReq.user : {"id":"698f28d799b35470f53dd6e2","role":"PROVIDER"}[39m
[2026-02-14 10:56:32] [[32minfo[39m]: [32m[GATEWAY PROXY] POST /provider/service → http://localhost:4000/api/provider/service[39m
[2026-02-14 10:56:32] [[32minfo[39m]: [32mexpressReq.user : {"id":"698f28d799b35470f53dd6e2","role":"PROVIDER"}[39m
[2026-02-14 10:56:33] [[32minfo[39m]: [32m[GATEWAY PROXY] GET /provider/service → http://localhost:4000/api/provider/service[39m
[2026-02-14 10:56:33] [[32minfo[39m]: [32mexpressReq.user : {"id":"698f28d799b35470f53dd6e2","role":"PROVIDER"}[39m
[2026-02-14 11:19:43] [[32minfo[39m]: [32m[GATEWAY PROXY] POST /provider/availabilities → http://localhost:4000/api/provider/availabilities[39m
[2026-02-14 11:19:43] [[32minfo[39m]: [32mexpressReq.user : {"id":"698f28d799b35470f53dd6e2","role":"PROVIDER"}[39m
[2026-02-14 11:21:14] [[32minfo[39m]: [32m[GATEWAY PROXY] POST /provider/availabilities → http://localhost:4000/api/provider/availabilities[39m
[2026-02-14 11:21:14] [[32minfo[39m]: [32mexpressReq.user : {"id":"698f28d799b35470f53dd6e2","role":"PROVIDER"}[39m
[2026-02-14 11:28:20] [[32minfo[39m]: [32m[GATEWAY PROXY] POST /provider/availabilities → http://localhost:4000/api/provider/availabilities[39m
[2026-02-14 11:28:20] [[32minfo[39m]: [32mexpressReq.user : {"id":"698f28d799b35470f53dd6e2","role":"PROVIDER"}[39m
[2026-02-14 11:29:44] [[32minfo[39m]: [32m[GATEWAY PROXY] POST /provider/availabilities → http://localhost:4000/api/provider/availabilities[39m
[2026-02-14 11:29:44] [[32minfo[39m]: [32mexpressReq.user : {"id":"698f28d799b35470f53dd6e2","role":"PROVIDER"}[39m
[2026-02-14 11:32:34] [[32minfo[39m]: [32m[GATEWAY PROXY] POST /provider/availabilities → http://localhost:4000/api/provider/availabilities[39m
[2026-02-14 11:32:34] [[32minfo[39m]: [32mexpressReq.user : {"id":"698f28d799b35470f53dd6e2","role":"PROVIDER"}[39m
[2026-02-14 11:37:22] [[32minfo[39m]: [32m[GATEWAY PROXY] POST /provider/availabilities → http://localhost:4000/api/provider/availabilities[39m
[2026-02-14 11:37:22] [[32minfo[39m]: [32mexpressReq.user : {"id":"698f28d799b35470f53dd6e2","role":"PROVIDER"}[39m
[2026-02-14 11:54:06] [[32minfo[39m]: [32m[GATEWAY PROXY] POST /provider/availabilities → http://localhost:4000/api/provider/availabilities[39m
[2026-02-14 11:54:06] [[32minfo[39m]: [32mexpressReq.user : {"id":"698f28d799b35470f53dd6e2","role":"PROVIDER"}[39m
[2026-02-14 15:04:13] [[32minfo[39m]: [32m[GATEWAY PROXY] POST /provider/availabilities → http://localhost:4000/api/provider/availabilities[39m
[2026-02-14 15:04:13] [[32minfo[39m]: [32mexpressReq.user : {"id":"698f28d799b35470f53dd6e2","role":"PROVIDER"}[39m
[2026-02-14 15:25:01] [[32minfo[39m]: [32m[GATEWAY PROXY] POST /provider/availabilities → http://localhost:4000/api/provider/availabilities[39m
[2026-02-14 15:25:01] [[32minfo[39m]: [32mexpressReq.user : {"id":"698f28d799b35470f53dd6e2","role":"PROVIDER"}[39m
[2026-02-14 15:29:53] [[32minfo[39m]: [32m[GATEWAY PROXY] POST /provider/availabilities → http://localhost:4000/api/provider/availabilities[39m
[2026-02-14 15:29:53] [[32minfo[39m]: [32mexpressReq.user : {"id":"698f28d799b35470f53dd6e2","role":"PROVIDER"}[39m
[2026-02-14 15:34:37] [[32minfo[39m]: [32m[GATEWAY PROXY] POST /provider/availabilities → http://localhost:4000/api/provider/availabilities[39m
[2026-02-14 15:34:38] [[32minfo[39m]: [32mexpressReq.user : {"id":"698f28d799b35470f53dd6e2","role":"PROVIDER"}[39m
[2026-02-14 15:34:54] [[32minfo[39m]: [32m[GATEWAY PROXY] POST /auth/signout → http://localhost:4000/api/auth/signout[39m
[2026-02-14 15:34:54] [[32minfo[39m]: [32mexpressReq.user : undefined[39m
[2026-02-14 15:38:55] [[32minfo[39m]: [32m[GATEWAY PROXY] POST /auth/signin → http://localhost:4000/api/auth/signin[39m
[2026-02-14 15:38:55] [[32minfo[39m]: [32mexpressReq.user : undefined[39m
[2026-02-14 15:41:01] [[32minfo[39m]: [32m[GATEWAY PROXY] GET /provider/appservices?serviceCategory%5B%5D=Professional+Services → http://localhost:4000/api/provider/appservices?serviceCategory%5B%5D=Professional+Services[39m
[2026-02-14 15:41:01] [[32minfo[39m]: [32mexpressReq.user : {"id":"698f28d799b35470f53dd6e2","role":"PROVIDER"}[39m
[2026-02-14 15:46:09] [[32minfo[39m]: [32m[GATEWAY PROXY] GET /provider/appservices?serviceCategory%5B%5D=Home+%26+Maintenance → http://localhost:4000/api/provider/appservices?serviceCategory%5B%5D=Home+%26+Maintenance[39m
[2026-02-14 15:46:09] [[32minfo[39m]: [32mexpressReq.user : {"id":"698f28d799b35470f53dd6e2","role":"PROVIDER"}[39m
[2026-02-14 15:46:12] [[32minfo[39m]: [32m[GATEWAY PROXY] GET /provider/appservices?serviceCategory%5B%5D=Professional+Services → http://localhost:4000/api/provider/appservices?serviceCategory%5B%5D=Professional+Services[39m
[2026-02-14 15:46:12] [[32minfo[39m]: [32mexpressReq.user : {"id":"698f28d799b35470f53dd6e2","role":"PROVIDER"}[39m
[2026-02-14 15:46:42] [[32minfo[39m]: [32m[GATEWAY PROXY] POST /provider/service → http://localhost:4000/api/provider/service[39m
[2026-02-14 15:46:42] [[32minfo[39m]: [32mexpressReq.user : {"id":"698f28d799b35470f53dd6e2","role":"PROVIDER"}[39m
[2026-02-14 15:47:46] [[32minfo[39m]: [32m[GATEWAY PROXY] POST /auth/signout → http://localhost:4000/api/auth/signout[39m
[2026-02-14 15:47:46] [[32minfo[39m]: [32mexpressReq.user : undefined[39m
[2026-02-14 15:49:55] [[32minfo[39m]: [32m[GATEWAY PROXY] POST /auth/signout → http://localhost:4000/api/auth/signout[39m
[2026-02-14 15:49:55] [[32minfo[39m]: [32mexpressReq.user : undefined[39m
[2026-02-14 15:51:59] [[32minfo[39m]: [32m[GATEWAY PROXY] POST /auth/signin → http://localhost:4000/api/auth/signin[39m
[2026-02-14 15:51:59] [[32minfo[39m]: [32mexpressReq.user : undefined[39m
[2026-02-14 15:52:07] [[32minfo[39m]: [32m[GATEWAY PROXY] GET /provider/appservices?serviceCategory%5B%5D=Professional+Services → http://localhost:4000/api/provider/appservices?serviceCategory%5B%5D=Professional+Services[39m
[2026-02-14 15:52:07] [[32minfo[39m]: [32mexpressReq.user : {"id":"698f28d799b35470f53dd6e2","role":"PROVIDER"}[39m
[2026-02-14 15:52:36] [[32minfo[39m]: [32m[GATEWAY PROXY] POST /provider/service → http://localhost:4000/api/provider/service[39m
[2026-02-14 15:52:36] [[32minfo[39m]: [32mexpressReq.user : {"id":"698f28d799b35470f53dd6e2","role":"PROVIDER"}[39m
[2026-02-14 15:54:17] [[32minfo[39m]: [32m[GATEWAY PROXY] POST /auth/signout → http://localhost:4000/api/auth/signout[39m
[2026-02-14 15:54:17] [[32minfo[39m]: [32mexpressReq.user : undefined[39m
[2026-02-14 15:54:26] [[32minfo[39m]: [32m[GATEWAY PROXY] POST /auth/signin → http://localhost:4000/api/auth/signin[39m
[2026-02-14 15:54:26] [[32minfo[39m]: [32mexpressReq.user : undefined[39m
[2026-02-14 15:54:36] [[32minfo[39m]: [32m[GATEWAY PROXY] GET /provider/appservices?serviceCategory%5B%5D=Professional+Services → http://localhost:4000/api/provider/appservices?serviceCategory%5B%5D=Professional+Services[39m
[2026-02-14 15:54:36] [[32minfo[39m]: [32mexpressReq.user : {"id":"698f28d799b35470f53dd6e2","role":"PROVIDER"}[39m
[2026-02-14 15:55:04] [[32minfo[39m]: [32m[GATEWAY PROXY] POST /provider/service → http://localhost:4000/api/provider/service[39m
[2026-02-14 15:55:04] [[32minfo[39m]: [32mexpressReq.user : {"id":"698f28d799b35470f53dd6e2","role":"PROVIDER"}[39m
[2026-02-14 15:58:15] [[32minfo[39m]: [32m[GATEWAY PROXY] POST /auth/signout → http://localhost:4000/api/auth/signout[39m
[2026-02-14 15:58:15] [[32minfo[39m]: [32mexpressReq.user : undefined[39m
[2026-02-14 15:58:24] [[32minfo[39m]: [32m[GATEWAY PROXY] POST /auth/signin → http://localhost:4000/api/auth/signin[39m
[2026-02-14 15:58:24] [[32minfo[39m]: [32mexpressReq.user : undefined[39m
[2026-02-14 15:59:06] [[32minfo[39m]: [32m[GATEWAY PROXY] GET /provider/appservices?serviceCategory%5B%5D=Professional+Services → http://localhost:4000/api/provider/appservices?serviceCategory%5B%5D=Professional+Services[39m
[2026-02-14 15:59:06] [[32minfo[39m]: [32mexpressReq.user : {"id":"698f28d799b35470f53dd6e2","role":"PROVIDER"}[39m
[2026-02-14 15:59:34] [[32minfo[39m]: [32m[GATEWAY PROXY] POST /provider/service → http://localhost:4000/api/provider/service[39m
[2026-02-14 15:59:34] [[32minfo[39m]: [32mexpressReq.user : {"id":"698f28d799b35470f53dd6e2","role":"PROVIDER"}[39m
[2026-02-14 15:59:48] [[32minfo[39m]: [32m[GATEWAY PROXY] POST /auth/signout → http://localhost:4000/api/auth/signout[39m
[2026-02-14 15:59:48] [[32minfo[39m]: [32mexpressReq.user : undefined[39m
[2026-02-14 15:59:56] [[32minfo[39m]: [32m[GATEWAY PROXY] POST /auth/signin → http://localhost:4000/api/auth/signin[39m
[2026-02-14 15:59:56] [[32minfo[39m]: [32mexpressReq.user : undefined[39m
[2026-02-14 16:01:26] [[32minfo[39m]: [32m[GATEWAY PROXY] POST /provider/availabilities → http://localhost:4000/api/provider/availabilities[39m
[2026-02-14 16:01:26] [[32minfo[39m]: [32mexpressReq.user : {"id":"698f28d799b35470f53dd6e2","role":"PROVIDER"}[39m
[2026-02-14 16:04:01] [[32minfo[39m]: [32m[GATEWAY PROXY] POST /provider/availabilities → http://localhost:4000/api/provider/availabilities[39m
[2026-02-14 16:04:01] [[32minfo[39m]: [32mexpressReq.user : {"id":"698f28d799b35470f53dd6e2","role":"PROVIDER"}[39m
[2026-02-14 16:11:24] [[32minfo[39m]: [32m[GATEWAY PROXY] POST /provider/availabilities → http://localhost:4000/api/provider/availabilities[39m
[2026-02-14 16:11:24] [[32minfo[39m]: [32mexpressReq.user : {"id":"698f28d799b35470f53dd6e2","role":"PROVIDER"}[39m
[2026-02-14 16:12:54] [[32minfo[39m]: [32m[GATEWAY PROXY] POST /provider/availabilities → http://localhost:4000/api/provider/availabilities[39m
[2026-02-14 16:12:54] [[32minfo[39m]: [32mexpressReq.user : {"id":"698f28d799b35470f53dd6e2","role":"PROVIDER"}[39m
[2026-02-14 16:17:39] [[32minfo[39m]: [32m[GATEWAY PROXY] POST /provider/availabilities → http://localhost:4000/api/provider/availabilities[39m
[2026-02-14 16:17:39] [[32minfo[39m]: [32mexpressReq.user : {"id":"698f28d799b35470f53dd6e2","role":"PROVIDER"}[39m
[2026-02-14 16:27:12] [[32minfo[39m]: [32m[GATEWAY PROXY] PATCH /provider/profile/approval → http://localhost:4000/api/provider/profile/approval[39m
[2026-02-14 16:27:12] [[32minfo[39m]: [32mexpressReq.user : {"id":"698f28d799b35470f53dd6e2","role":"PROVIDER"}[39m
[2026-02-14 16:28:24] [[32minfo[39m]: [32m[GATEWAY PROXY] PATCH /provider/profile/approval → http://localhost:4000/api/provider/profile/approval[39m
[2026-02-14 16:28:24] [[32minfo[39m]: [32mexpressReq.user : {"id":"698f28d799b35470f53dd6e2","role":"PROVIDER"}[39m
[2026-02-14 16:35:45] [[32minfo[39m]: [32m[GATEWAY PROXY] POST /auth/signout → http://localhost:4000/api/auth/signout[39m
[2026-02-14 16:35:45] [[32minfo[39m]: [32mexpressReq.user : undefined[39m
[2026-02-14 16:36:20] [[32minfo[39m]: [32m[GATEWAY PROXY] POST /auth/signin → http://localhost:4000/api/auth/signin[39m
[2026-02-14 16:36:20] [[32minfo[39m]: [32mexpressReq.user : undefined[39m
[2026-02-14 16:36:23] [[32minfo[39m]: [32m[GATEWAY PROXY] GET /admin/dashboard/today → http://localhost:4000/api/admin/dashboard/today[39m
[2026-02-14 16:36:23] [[32minfo[39m]: [32mexpressReq.user : {"role":"ADMIN"}[39m
[2026-02-14 16:36:58] [[32minfo[39m]: [32m[GATEWAY PROXY] GET /admin/providers?page=1&limit=10 → http://localhost:4000/api/admin/providers?page=1&limit=10[39m
[2026-02-14 16:36:58] [[32minfo[39m]: [32mexpressReq.user : {"role":"ADMIN"}[39m
[2026-02-14 16:37:05] [[32minfo[39m]: [32m[GATEWAY PROXY] GET /admin/providers/698f28d799b35470f53dd6e2/profile → http://localhost:4000/api/admin/providers/698f28d799b35470f53dd6e2/profile[39m
[2026-02-14 16:37:05] [[32minfo[39m]: [32mexpressReq.user : {"role":"ADMIN"}[39m
[2026-02-14 16:37:15] [[32minfo[39m]: [32m[GATEWAY PROXY] GET /admin/providers/698f28d799b35470f53dd6e2/address → http://localhost:4000/api/admin/providers/698f28d799b35470f53dd6e2/address[39m
[2026-02-14 16:37:15] [[32minfo[39m]: [32mexpressReq.user : {"role":"ADMIN"}[39m
[2026-02-14 16:37:22] [[32minfo[39m]: [32m[GATEWAY PROXY] GET /admin/providers/698f28d799b35470f53dd6e2/service → http://localhost:4000/api/admin/providers/698f28d799b35470f53dd6e2/service[39m
[2026-02-14 16:37:22] [[32minfo[39m]: [32mexpressReq.user : {"role":"ADMIN"}[39m
[2026-02-14 16:37:25] [[32minfo[39m]: [32m[GATEWAY PROXY] GET /admin/providers/698f28d799b35470f53dd6e2/availability?date=2026-02-14T11:07:25.310Z → http://localhost:4000/api/admin/providers/698f28d799b35470f53dd6e2/availability?date=2026-02-14T11:07:25.310Z[39m
[2026-02-14 16:37:25] [[32minfo[39m]: [32mexpressReq.user : {"role":"ADMIN"}[39m
[2026-02-14 16:37:31] [[32minfo[39m]: [32m[GATEWAY PROXY] GET /admin/providers/698f28d799b35470f53dd6e2/availability?date=2026-02-15T18:30:00.000Z → http://localhost:4000/api/admin/providers/698f28d799b35470f53dd6e2/availability?date=2026-02-15T18:30:00.000Z[39m
[2026-02-14 16:37:31] [[32minfo[39m]: [32mexpressReq.user : {"role":"ADMIN"}[39m
[2026-02-14 16:39:42] [[32minfo[39m]: [32m[GATEWAY PROXY] GET /admin/reviews/698f28d799b35470f53dd6e2?page=1&limit=2&role=PROVIDER → http://localhost:4000/api/admin/reviews/698f28d799b35470f53dd6e2?page=1&limit=2&role=PROVIDER[39m
[2026-02-14 16:39:42] [[32minfo[39m]: [32mexpressReq.user : {"role":"ADMIN"}[39m
[2026-02-14 16:39:43] [[32minfo[39m]: [32m[GATEWAY PROXY] GET /admin/providers/698f28d799b35470f53dd6e2/subscriptions?page=1&limit=10 → http://localhost:4000/api/admin/providers/698f28d799b35470f53dd6e2/subscriptions?page=1&limit=10[39m
[2026-02-14 16:39:43] [[32minfo[39m]: [32mexpressReq.user : {"role":"ADMIN"}[39m
[2026-02-14 16:39:44] [[32minfo[39m]: [32m[GATEWAY PROXY] GET /admin/providers/698f28d799b35470f53dd6e2/payments?page=1&limit=10 → http://localhost:4000/api/admin/providers/698f28d799b35470f53dd6e2/payments?page=1&limit=10[39m
[2026-02-14 16:39:44] [[32minfo[39m]: [32mexpressReq.user : {"role":"ADMIN"}[39m
[2026-02-14 16:39:46] [[32minfo[39m]: [32m[GATEWAY PROXY] GET /admin/providers/698f28d799b35470f53dd6e2/proofs → http://localhost:4000/api/admin/providers/698f28d799b35470f53dd6e2/proofs[39m
[2026-02-14 16:39:46] [[32minfo[39m]: [32mexpressReq.user : {"role":"ADMIN"}[39m
[2026-02-14 16:41:11] [[32minfo[39m]: [32m[GATEWAY PROXY] POST /auth/signout → http://localhost:4000/api/auth/signout[39m
[2026-02-14 16:41:12] [[32minfo[39m]: [32mexpressReq.user : undefined[39m
[2026-02-14 16:41:39] [[32minfo[39m]: [32m[GATEWAY PROXY] POST /auth/signin → http://localhost:4000/api/auth/signin[39m
[2026-02-14 16:41:39] [[32minfo[39m]: [32mexpressReq.user : undefined[39m
[2026-02-14 16:41:59] [[32minfo[39m]: [32m[GATEWAY PROXY] POST /auth/signout → http://localhost:4000/api/auth/signout[39m
[2026-02-14 16:41:59] [[32minfo[39m]: [32mexpressReq.user : undefined[39m
[2026-02-14 16:42:34] [[32minfo[39m]: [32m[GATEWAY PROXY] POST /auth/signin → http://localhost:4000/api/auth/signin[39m
[2026-02-14 16:42:34] [[32minfo[39m]: [32mexpressReq.user : undefined[39m
[2026-02-14 16:43:36] [[32minfo[39m]: [32m[GATEWAY PROXY] POST /provider/availabilities → http://localhost:4000/api/provider/availabilities[39m
[2026-02-14 16:43:36] [[32minfo[39m]: [32mexpressReq.user : {"id":"698f28d799b35470f53dd6e2","role":"PROVIDER"}[39m
[2026-02-14 16:45:27] [[32minfo[39m]: [32m[GATEWAY PROXY] GET /s3/presigned-upload-url?fileName=Screenshot+2026-01-28+152204.png&fileType=image%2Fpng&folderName=provider-proof → http://localhost:4000/api/s3/presigned-upload-url?fileName=Screenshot+2026-01-28+152204.png&fileType=image%2Fpng&folderName=provider-proof[39m
[2026-02-14 16:45:27] [[32minfo[39m]: [32mexpressReq.user : {"id":"698f28d799b35470f53dd6e2","role":"PROVIDER"}[39m
[2026-02-14 16:45:29] [[32minfo[39m]: [32m[GATEWAY PROXY] PATCH /provider/profile/identity → http://localhost:4000/api/provider/profile/identity[39m
[2026-02-14 16:45:29] [[32minfo[39m]: [32mexpressReq.user : {"id":"698f28d799b35470f53dd6e2","role":"PROVIDER"}[39m
[2026-02-14 16:45:39] [[32minfo[39m]: [32m[GATEWAY PROXY] GET /s3/presigned-upload-url?fileName=Screenshot+2026-01-28+152424.png&fileType=image%2Fpng&folderName=provider-proof → http://localhost:4000/api/s3/presigned-upload-url?fileName=Screenshot+2026-01-28+152424.png&fileType=image%2Fpng&folderName=provider-proof[39m
[2026-02-14 16:45:39] [[32minfo[39m]: [32mexpressReq.user : {"id":"698f28d799b35470f53dd6e2","role":"PROVIDER"}[39m
[2026-02-14 16:45:40] [[32minfo[39m]: [32m[GATEWAY PROXY] PATCH /provider/profile/service → http://localhost:4000/api/provider/profile/service[39m
[2026-02-14 16:45:40] [[32minfo[39m]: [32mexpressReq.user : {"id":"698f28d799b35470f53dd6e2","role":"PROVIDER"}[39m
[2026-02-14 16:45:44] [[32minfo[39m]: [32m[GATEWAY PROXY] GET /provider/profile/proofs → http://localhost:4000/api/provider/profile/proofs[39m
[2026-02-14 16:45:44] [[32minfo[39m]: [32mexpressReq.user : {"id":"698f28d799b35470f53dd6e2","role":"PROVIDER"}[39m
[2026-02-14 16:52:34] [[32minfo[39m]: [32m[GATEWAY PROXY] POST /auth/signout → http://localhost:4000/api/auth/signout[39m
[2026-02-14 16:52:34] [[32minfo[39m]: [32mexpressReq.user : undefined[39m
[2026-02-14 16:52:49] [[32minfo[39m]: [32m[GATEWAY PROXY] POST /auth/signin → http://localhost:4000/api/auth/signin[39m
[2026-02-14 16:52:49] [[32minfo[39m]: [32mexpressReq.user : undefined[39m
[2026-02-14 16:52:52] [[32minfo[39m]: [32m[GATEWAY PROXY] GET /admin/dashboard/today → http://localhost:4000/api/admin/dashboard/today[39m
[2026-02-14 16:52:52] [[32minfo[39m]: [32mexpressReq.user : {"role":"ADMIN"}[39m
[2026-02-14 16:52:53] [[32minfo[39m]: [32m[GATEWAY PROXY] GET /admin/providers?page=1&limit=10 → http://localhost:4000/api/admin/providers?page=1&limit=10[39m
[2026-02-14 16:52:53] [[32minfo[39m]: [32mexpressReq.user : {"role":"ADMIN"}[39m
[2026-02-14 16:53:05] [[32minfo[39m]: [32m[GATEWAY PROXY] PATCH /admin/providers/698f28d799b35470f53dd6e2/approve → http://localhost:4000/api/admin/providers/698f28d799b35470f53dd6e2/approve[39m
[2026-02-14 16:53:05] [[32minfo[39m]: [32mexpressReq.user : {"role":"ADMIN"}[39m
[2026-02-14 16:53:06] [[32minfo[39m]: [32m[GATEWAY PROXY] GET /admin/providers?page=1&limit=10 → http://localhost:4000/api/admin/providers?page=1&limit=10[39m
[2026-02-14 16:53:06] [[32minfo[39m]: [32mexpressReq.user : {"role":"ADMIN"}[39m
[2026-02-14 16:53:10] [[32minfo[39m]: [32m[GATEWAY PROXY] POST /auth/signout → http://localhost:4000/api/auth/signout[39m
[2026-02-14 16:53:10] [[32minfo[39m]: [32mexpressReq.user : undefined[39m
[2026-02-14 16:54:04] [[32minfo[39m]: [32m[GATEWAY PROXY] POST /auth/signin → http://localhost:4000/api/auth/signin[39m
[2026-02-14 16:54:05] [[32minfo[39m]: [32mexpressReq.user : undefined[39m
[2026-02-14 16:54:09] [[32minfo[39m]: [32m[GATEWAY PROXY] GET /provider/dashboard/stats → http://localhost:4000/api/provider/dashboard/stats[39m
[2026-02-14 16:54:09] [[32minfo[39m]: [32mexpressReq.user : {"id":"698f28d799b35470f53dd6e2","role":"PROVIDER"}[39m
[2026-02-14 16:54:14] [[32minfo[39m]: [32m[GATEWAY PROXY] GET /provider/ → http://localhost:4000/api/provider/[39m
[2026-02-14 16:54:14] [[32minfo[39m]: [32mexpressReq.user : {"id":"698f28d799b35470f53dd6e2","role":"PROVIDER"}[39m
[2026-02-14 16:55:59] [[32minfo[39m]: [32m[GATEWAY PROXY] GET /provider/address → http://localhost:4000/api/provider/address[39m
[2026-02-14 16:55:59] [[32minfo[39m]: [32mexpressReq.user : {"id":"698f28d799b35470f53dd6e2","role":"PROVIDER"}[39m
[2026-02-14 16:55:59] [[32minfo[39m]: [32m[GATEWAY PROXY] GET /provider/address → http://localhost:4000/api/provider/address[39m
[2026-02-14 16:55:59] [[32minfo[39m]: [32mexpressReq.user : {"id":"698f28d799b35470f53dd6e2","role":"PROVIDER"}[39m
[2026-02-14 16:56:00] [[32minfo[39m]: [32m[GATEWAY PROXY] GET /provider/address → http://localhost:4000/api/provider/address[39m
[2026-02-14 16:56:00] [[32minfo[39m]: [32mexpressReq.user : {"id":"698f28d799b35470f53dd6e2","role":"PROVIDER"}[39m
[2026-02-14 16:56:08] [[32minfo[39m]: [32m[GATEWAY PROXY] GET /provider/dashboard/stats → http://localhost:4000/api/provider/dashboard/stats[39m
[2026-02-14 16:56:08] [[32minfo[39m]: [32mexpressReq.user : {"id":"698f28d799b35470f53dd6e2","role":"PROVIDER"}[39m
[2026-02-14 16:56:12] [[32minfo[39m]: [32m[GATEWAY PROXY] GET /provider/ → http://localhost:4000/api/provider/[39m
[2026-02-14 16:56:12] [[32minfo[39m]: [32mexpressReq.user : {"id":"698f28d799b35470f53dd6e2","role":"PROVIDER"}[39m
[2026-02-14 16:59:24] [[32minfo[39m]: [32m[GATEWAY PROXY] GET /provider/dashboard/stats → http://localhost:4000/api/provider/dashboard/stats[39m
[2026-02-14 16:59:24] [[32minfo[39m]: [32mexpressReq.user : {"id":"698f28d799b35470f53dd6e2","role":"PROVIDER"}[39m
[2026-02-14 16:59:26] [[32minfo[39m]: [32m[GATEWAY PROXY] GET /provider/ → http://localhost:4000/api/provider/[39m
[2026-02-14 16:59:26] [[32minfo[39m]: [32mexpressReq.user : {"id":"698f28d799b35470f53dd6e2","role":"PROVIDER"}[39m
[2026-02-14 18:48:11] [[32minfo[39m]: [32m[GATEWAY PROXY] GET /provider/dashboard/stats → http://localhost:4000/api/provider/dashboard/stats[39m
[2026-02-14 18:48:11] [[32minfo[39m]: [32mexpressReq.user : {"id":"698f28d799b35470f53dd6e2","role":"PROVIDER"}[39m
[2026-02-14 18:54:39] [[32minfo[39m]: [32m[GATEWAY PROXY] GET /provider/ → http://localhost:4000/api/provider/[39m
[2026-02-14 18:54:39] [[32minfo[39m]: [32mexpressReq.user : {"id":"698f28d799b35470f53dd6e2","role":"PROVIDER"}[39m
[2026-02-14 18:54:49] [[32minfo[39m]: [32m[GATEWAY PROXY] GET /provider/address → http://localhost:4000/api/provider/address[39m
[2026-02-14 18:54:49] [[32minfo[39m]: [32mexpressReq.user : {"id":"698f28d799b35470f53dd6e2","role":"PROVIDER"}[39m
[2026-02-14 18:54:49] [[32minfo[39m]: [32m[GATEWAY PROXY] GET /provider/address → http://localhost:4000/api/provider/address[39m
[2026-02-14 18:54:49] [[32minfo[39m]: [32mexpressReq.user : {"id":"698f28d799b35470f53dd6e2","role":"PROVIDER"}[39m
[2026-02-14 18:54:49] [[32minfo[39m]: [32m[GATEWAY PROXY] GET /provider/address → http://localhost:4000/api/provider/address[39m
[2026-02-14 18:54:49] [[32minfo[39m]: [32mexpressReq.user : {"id":"698f28d799b35470f53dd6e2","role":"PROVIDER"}[39m
[2026-02-14 18:55:03] [[32minfo[39m]: [32m[GATEWAY PROXY] GET /provider/service → http://localhost:4000/api/provider/service[39m
[2026-02-14 18:55:03] [[32minfo[39m]: [32mexpressReq.user : {"id":"698f28d799b35470f53dd6e2","role":"PROVIDER"}[39m
[2026-02-14 18:55:05] [[32minfo[39m]: [32m[GATEWAY PROXY] GET /provider/service → http://localhost:4000/api/provider/service[39m
[2026-02-14 18:55:05] [[32minfo[39m]: [32mexpressReq.user : {"id":"698f28d799b35470f53dd6e2","role":"PROVIDER"}[39m
[2026-02-14 18:55:07] [[32minfo[39m]: [32m[GATEWAY PROXY] GET /provider/service → http://localhost:4000/api/provider/service[39m
[2026-02-14 18:55:07] [[32minfo[39m]: [32mexpressReq.user : {"id":"698f28d799b35470f53dd6e2","role":"PROVIDER"}[39m
[2026-02-14 18:55:11] [[32minfo[39m]: [32m[GATEWAY PROXY] GET /provider/service → http://localhost:4000/api/provider/service[39m
[2026-02-14 18:55:11] [[32minfo[39m]: [32mexpressReq.user : {"id":"698f28d799b35470f53dd6e2","role":"PROVIDER"}[39m
[2026-02-14 18:55:57] [[32minfo[39m]: [32m[GATEWAY PROXY] GET /provider/dashboard/stats → http://localhost:4000/api/provider/dashboard/stats[39m
[2026-02-14 18:55:57] [[32minfo[39m]: [32mexpressReq.user : {"id":"698f28d799b35470f53dd6e2","role":"PROVIDER"}[39m
[2026-02-14 18:55:58] [[32minfo[39m]: [32m[GATEWAY PROXY] GET /provider/dashboard/stats → http://localhost:4000/api/provider/dashboard/stats[39m
[2026-02-14 18:55:58] [[32minfo[39m]: [32mexpressReq.user : {"id":"698f28d799b35470f53dd6e2","role":"PROVIDER"}[39m
[2026-02-14 18:56:00] [[32minfo[39m]: [32m[GATEWAY PROXY] GET /provider/dashboard/stats → http://localhost:4000/api/provider/dashboard/stats[39m
[2026-02-14 18:56:00] [[32minfo[39m]: [32mexpressReq.user : {"id":"698f28d799b35470f53dd6e2","role":"PROVIDER"}[39m
[2026-02-14 18:56:04] [[32minfo[39m]: [32m[GATEWAY PROXY] GET /provider/dashboard/stats → http://localhost:4000/api/provider/dashboard/stats[39m
[2026-02-14 18:56:04] [[32minfo[39m]: [32mexpressReq.user : {"id":"698f28d799b35470f53dd6e2","role":"PROVIDER"}[39m
[2026-02-14 18:56:10] [[32minfo[39m]: [32m[GATEWAY PROXY] GET /provider/ → http://localhost:4000/api/provider/[39m
[2026-02-14 18:56:10] [[32minfo[39m]: [32mexpressReq.user : {"id":"698f28d799b35470f53dd6e2","role":"PROVIDER"}[39m
[2026-02-14 18:56:11] [[32minfo[39m]: [32m[GATEWAY PROXY] GET /provider/ → http://localhost:4000/api/provider/[39m
[2026-02-14 18:56:11] [[32minfo[39m]: [32mexpressReq.user : {"id":"698f28d799b35470f53dd6e2","role":"PROVIDER"}[39m
[2026-02-14 18:56:14] [[32minfo[39m]: [32m[GATEWAY PROXY] GET /provider/ → http://localhost:4000/api/provider/[39m
[2026-02-14 18:56:14] [[32minfo[39m]: [32mexpressReq.user : {"id":"698f28d799b35470f53dd6e2","role":"PROVIDER"}[39m
[2026-02-14 18:56:15] [[32minfo[39m]: [32m[GATEWAY PROXY] GET /provider/service → http://localhost:4000/api/provider/service[39m
[2026-02-14 18:56:15] [[32minfo[39m]: [32mexpressReq.user : {"id":"698f28d799b35470f53dd6e2","role":"PROVIDER"}[39m
[2026-02-14 18:56:19] [[32minfo[39m]: [32m[GATEWAY PROXY] GET /provider/availability?date=2026-02-14T13:26:19.498Z → http://localhost:4000/api/provider/availability?date=2026-02-14T13:26:19.498Z[39m
[2026-02-14 18:56:19] [[32minfo[39m]: [32mexpressReq.user : {"id":"698f28d799b35470f53dd6e2","role":"PROVIDER"}[39m
[2026-02-14 18:58:07] [[32minfo[39m]: [32m[GATEWAY PROXY] GET /provider/availability?date=2026-02-14T13:26:19.498Z → http://localhost:4000/api/provider/availability?date=2026-02-14T13:26:19.498Z[39m
[2026-02-14 18:58:07] [[32minfo[39m]: [32mexpressReq.user : {"id":"698f28d799b35470f53dd6e2","role":"PROVIDER"}[39m
[2026-02-14 18:59:21] [[32minfo[39m]: [32m[GATEWAY PROXY] GET /provider/availability?date=2026-02-14T13:26:19.498Z → http://localhost:4000/api/provider/availability?date=2026-02-14T13:26:19.498Z[39m
[2026-02-14 18:59:21] [[32minfo[39m]: [32mexpressReq.user : {"id":"698f28d799b35470f53dd6e2","role":"PROVIDER"}[39m
[2026-02-14 18:59:37] [[32minfo[39m]: [32m[GATEWAY PROXY] GET /provider/availability?date=2026-02-12T18:30:00.000Z → http://localhost:4000/api/provider/availability?date=2026-02-12T18:30:00.000Z[39m
[2026-02-14 18:59:37] [[32minfo[39m]: [32mexpressReq.user : {"id":"698f28d799b35470f53dd6e2","role":"PROVIDER"}[39m
[2026-02-14 18:59:49] [[32minfo[39m]: [32m[GATEWAY PROXY] GET /provider/availability?date=2026-02-11T18:30:00.000Z → http://localhost:4000/api/provider/availability?date=2026-02-11T18:30:00.000Z[39m
[2026-02-14 18:59:49] [[32minfo[39m]: [32mexpressReq.user : {"id":"698f28d799b35470f53dd6e2","role":"PROVIDER"}[39m
[2026-02-14 18:59:51] [[32minfo[39m]: [32m[GATEWAY PROXY] GET /provider/availability?date=2026-02-08T18:30:00.000Z → http://localhost:4000/api/provider/availability?date=2026-02-08T18:30:00.000Z[39m
[2026-02-14 18:59:51] [[32minfo[39m]: [32mexpressReq.user : {"id":"698f28d799b35470f53dd6e2","role":"PROVIDER"}[39m
[2026-02-14 19:01:29] [[32minfo[39m]: [32m[GATEWAY PROXY] GET /provider/availability?date=2026-02-09T18:30:00.000Z → http://localhost:4000/api/provider/availability?date=2026-02-09T18:30:00.000Z[39m
[2026-02-14 19:01:29] [[32minfo[39m]: [32mexpressReq.user : {"id":"698f28d799b35470f53dd6e2","role":"PROVIDER"}[39m
[2026-02-14 19:02:52] [[32minfo[39m]: [32m[GATEWAY PROXY] GET /provider/availability?date=2026-02-10T18:30:00.000Z → http://localhost:4000/api/provider/availability?date=2026-02-10T18:30:00.000Z[39m
[2026-02-14 19:02:52] [[32minfo[39m]: [32mexpressReq.user : {"id":"698f28d799b35470f53dd6e2","role":"PROVIDER"}[39m
[2026-02-14 19:08:47] [[32minfo[39m]: [32m[GATEWAY PROXY] GET /provider/availability?date=2026-02-15T18:30:00.000Z → http://localhost:4000/api/provider/availability?date=2026-02-15T18:30:00.000Z[39m
[2026-02-14 19:08:47] [[32minfo[39m]: [32mexpressReq.user : {"id":"698f28d799b35470f53dd6e2","role":"PROVIDER"}[39m
[2026-02-14 19:21:34] [[32minfo[39m]: [32m[GATEWAY PROXY] GET /provider/availability?date=2026-02-17T18:30:00.000Z → http://localhost:4000/api/provider/availability?date=2026-02-17T18:30:00.000Z[39m
[2026-02-14 19:21:34] [[32minfo[39m]: [32mexpressReq.user : {"id":"698f28d799b35470f53dd6e2","role":"PROVIDER"}[39m
[2026-02-14 19:21:35] [[32minfo[39m]: [32m[GATEWAY PROXY] GET /provider/availability?date=2026-02-17T18:30:00.000Z → http://localhost:4000/api/provider/availability?date=2026-02-17T18:30:00.000Z[39m
[2026-02-14 19:21:35] [[32minfo[39m]: [32mexpressReq.user : {"id":"698f28d799b35470f53dd6e2","role":"PROVIDER"}[39m
[2026-02-14 19:21:38] [[32minfo[39m]: [32m[GATEWAY PROXY] GET /provider/availability?date=2026-02-17T18:30:00.000Z → http://localhost:4000/api/provider/availability?date=2026-02-17T18:30:00.000Z[39m
[2026-02-14 19:21:38] [[32minfo[39m]: [32mexpressReq.user : {"id":"698f28d799b35470f53dd6e2","role":"PROVIDER"}[39m
[2026-02-14 19:22:13] [[32minfo[39m]: [32m[GATEWAY PROXY] GET /provider/availability?date=2026-02-17T18:30:00.000Z → http://localhost:4000/api/provider/availability?date=2026-02-17T18:30:00.000Z[39m
[2026-02-14 19:22:13] [[32minfo[39m]: [32mexpressReq.user : {"id":"698f28d799b35470f53dd6e2","role":"PROVIDER"}[39m
[2026-02-14 19:23:22] [[32minfo[39m]: [32m[GATEWAY PROXY] GET /provider/availability?date=2026-02-15T18:30:00.000Z → http://localhost:4000/api/provider/availability?date=2026-02-15T18:30:00.000Z[39m
[2026-02-14 19:23:22] [[32minfo[39m]: [32mexpressReq.user : {"id":"698f28d799b35470f53dd6e2","role":"PROVIDER"}[39m
[2026-02-14 19:26:18] [[32minfo[39m]: [32m[GATEWAY PROXY] GET /provider/availability?date=2026-02-15T18:30:00.000Z → http://localhost:4000/api/provider/availability?date=2026-02-15T18:30:00.000Z[39m
[2026-02-14 19:26:18] [[32minfo[39m]: [32mexpressReq.user : {"id":"698f28d799b35470f53dd6e2","role":"PROVIDER"}[39m
[2026-02-14 19:27:16] [[32minfo[39m]: [32m[GATEWAY PROXY] GET /provider/service → http://localhost:4000/api/provider/service[39m
[2026-02-14 19:27:16] [[32minfo[39m]: [32mexpressReq.user : {"id":"698f28d799b35470f53dd6e2","role":"PROVIDER"}[39m
[2026-02-14 19:27:18] [[32minfo[39m]: [32m[GATEWAY PROXY] GET /provider/availability?date=2026-02-14T13:57:18.110Z → http://localhost:4000/api/provider/availability?date=2026-02-14T13:57:18.110Z[39m
[2026-02-14 19:27:18] [[32minfo[39m]: [32mexpressReq.user : {"id":"698f28d799b35470f53dd6e2","role":"PROVIDER"}[39m
[2026-02-14 19:27:21] [[32minfo[39m]: [32m[GATEWAY PROXY] GET /provider/address → http://localhost:4000/api/provider/address[39m
[2026-02-14 19:27:21] [[32minfo[39m]: [32mexpressReq.user : {"id":"698f28d799b35470f53dd6e2","role":"PROVIDER"}[39m
[2026-02-14 19:27:21] [[32minfo[39m]: [32m[GATEWAY PROXY] GET /provider/address → http://localhost:4000/api/provider/address[39m
[2026-02-14 19:27:21] [[32minfo[39m]: [32mexpressReq.user : {"id":"698f28d799b35470f53dd6e2","role":"PROVIDER"}[39m
[2026-02-14 19:27:21] [[32minfo[39m]: [32m[GATEWAY PROXY] GET /provider/address → http://localhost:4000/api/provider/address[39m
[2026-02-14 19:27:21] [[32minfo[39m]: [32mexpressReq.user : {"id":"698f28d799b35470f53dd6e2","role":"PROVIDER"}[39m
[2026-02-14 19:27:58] [[32minfo[39m]: [32m[GATEWAY PROXY] GET /provider/address → http://localhost:4000/api/provider/address[39m
[2026-02-14 19:27:58] [[32minfo[39m]: [32mexpressReq.user : {"id":"698f28d799b35470f53dd6e2","role":"PROVIDER"}[39m
[2026-02-14 19:27:59] [[32minfo[39m]: [32m[GATEWAY PROXY] GET /provider/address → http://localhost:4000/api/provider/address[39m
[2026-02-14 19:27:59] [[32minfo[39m]: [32mexpressReq.user : {"id":"698f28d799b35470f53dd6e2","role":"PROVIDER"}[39m
[2026-02-14 19:28:00] [[32minfo[39m]: [32m[GATEWAY PROXY] GET /provider/ → http://localhost:4000/api/provider/[39m
[2026-02-14 19:28:00] [[32minfo[39m]: [32mexpressReq.user : {"id":"698f28d799b35470f53dd6e2","role":"PROVIDER"}[39m
[2026-02-14 19:28:03] [[32minfo[39m]: [32m[GATEWAY PROXY] GET /provider/availability?date=2026-02-14T13:58:03.145Z → http://localhost:4000/api/provider/availability?date=2026-02-14T13:58:03.145Z[39m
[2026-02-14 19:28:03] [[32minfo[39m]: [32mexpressReq.user : {"id":"698f28d799b35470f53dd6e2","role":"PROVIDER"}[39m
[2026-02-14 19:28:06] [[32minfo[39m]: [32m[GATEWAY PROXY] GET /provider/availability?date=2026-02-08T18:30:00.000Z → http://localhost:4000/api/provider/availability?date=2026-02-08T18:30:00.000Z[39m
[2026-02-14 19:28:06] [[32minfo[39m]: [32mexpressReq.user : {"id":"698f28d799b35470f53dd6e2","role":"PROVIDER"}[39m
[2026-02-14 19:28:14] [[32minfo[39m]: [32m[GATEWAY PROXY] GET /provider/availability?date=2026-02-09T18:30:00.000Z → http://localhost:4000/api/provider/availability?date=2026-02-09T18:30:00.000Z[39m
[2026-02-14 19:28:14] [[32minfo[39m]: [32mexpressReq.user : {"id":"698f28d799b35470f53dd6e2","role":"PROVIDER"}[39m
[2026-02-14 19:39:17] [[32minfo[39m]: [32m[GATEWAY PROXY] GET /provider/dashboard/stats → http://localhost:4000/api/provider/dashboard/stats[39m
[2026-02-14 19:39:17] [[32minfo[39m]: [32mexpressReq.user : {"id":"698f28d799b35470f53dd6e2","role":"PROVIDER"}[39m
[2026-02-14 19:47:37] [[32minfo[39m]: [32m[GATEWAY PROXY] GET /provider/subscriptions?page=1&limit=10 → http://localhost:4000/api/provider/subscriptions?page=1&limit=10[39m
[2026-02-14 19:47:37] [[32minfo[39m]: [32mexpressReq.user : {"id":"698f28d799b35470f53dd6e2","role":"PROVIDER"}[39m
[2026-02-14 19:47:54] [[32minfo[39m]: [32m[GATEWAY PROXY] GET /provider/plans → http://localhost:4000/api/provider/plans[39m
[2026-02-14 19:47:54] [[32minfo[39m]: [32mexpressReq.user : {"id":"698f28d799b35470f53dd6e2","role":"PROVIDER"}[39m
[2026-02-14 19:49:23] [[32minfo[39m]: [32m[GATEWAY PROXY] POST /auth/signout → http://localhost:4000/api/auth/signout[39m
[2026-02-14 19:49:23] [[32minfo[39m]: [32mexpressReq.user : undefined[39m
[2026-02-14 19:50:10] [[32minfo[39m]: [32m[GATEWAY PROXY] POST /auth/signin → http://localhost:4000/api/auth/signin[39m
[2026-02-14 19:50:10] [[32minfo[39m]: [32mexpressReq.user : undefined[39m
[2026-02-14 19:50:14] [[32minfo[39m]: [32m[GATEWAY PROXY] GET /admin/dashboard/today → http://localhost:4000/api/admin/dashboard/today[39m
[2026-02-14 19:50:14] [[32minfo[39m]: [32mexpressReq.user : {"role":"ADMIN"}[39m
[2026-02-14 19:51:36] [[32minfo[39m]: [32m[GATEWAY PROXY] GET /admin/plans?page=1&limit=10 → http://localhost:4000/api/admin/plans?page=1&limit=10[39m
[2026-02-14 19:51:36] [[32minfo[39m]: [32mexpressReq.user : {"role":"ADMIN"}[39m
[2026-02-14 19:53:58] [[32minfo[39m]: [32m[GATEWAY PROXY] POST /admin/plans → http://localhost:4000/api/admin/plans[39m
[2026-02-14 19:53:58] [[32minfo[39m]: [32mexpressReq.user : {"role":"ADMIN"}[39m
[2026-02-14 19:53:58] [[32minfo[39m]: [32m[GATEWAY PROXY] GET /admin/plans?page=1&limit=10 → http://localhost:4000/api/admin/plans?page=1&limit=10[39m
[2026-02-14 19:53:58] [[32minfo[39m]: [32mexpressReq.user : {"role":"ADMIN"}[39m
[2026-02-14 19:54:17] [[32minfo[39m]: [32m[GATEWAY PROXY] POST /auth/signout → http://localhost:4000/api/auth/signout[39m
[2026-02-14 19:54:17] [[32minfo[39m]: [32mexpressReq.user : undefined[39m
[2026-02-14 20:13:31] [[32minfo[39m]: [32m[GATEWAY PROXY] POST /auth/signin → http://localhost:4000/api/auth/signin[39m
[2026-02-14 20:13:31] [[32minfo[39m]: [32mexpressReq.user : undefined[39m
[2026-02-14 20:13:36] [[32minfo[39m]: [32m[GATEWAY PROXY] GET /provider/dashboard/stats → http://localhost:4000/api/provider/dashboard/stats[39m
[2026-02-14 20:13:36] [[32minfo[39m]: [32mexpressReq.user : {"id":"698f28d799b35470f53dd6e2","role":"PROVIDER"}[39m
[2026-02-14 20:13:42] [[32minfo[39m]: [32m[GATEWAY PROXY] GET /provider/subscriptions?page=1&limit=10 → http://localhost:4000/api/provider/subscriptions?page=1&limit=10[39m
[2026-02-14 20:13:42] [[32minfo[39m]: [32mexpressReq.user : {"id":"698f28d799b35470f53dd6e2","role":"PROVIDER"}[39m
[2026-02-14 20:13:47] [[32minfo[39m]: [32m[GATEWAY PROXY] GET /provider/plans → http://localhost:4000/api/provider/plans[39m
[2026-02-14 20:13:47] [[32minfo[39m]: [32mexpressReq.user : {"id":"698f28d799b35470f53dd6e2","role":"PROVIDER"}[39m
[2026-02-14 20:36:03] [[32minfo[39m]: [32m[GATEWAY PROXY] GET /provider/dashboard/stats → http://localhost:4000/api/provider/dashboard/stats[39m
[2026-02-14 20:36:03] [[32minfo[39m]: [32mexpressReq.user : {"id":"698f28d799b35470f53dd6e2","role":"PROVIDER"}[39m
[2026-02-14 20:38:48] [[32minfo[39m]: [32m[GATEWAY PROXY] POST /provider/subscriptions/checkout/session → http://localhost:4000/api/provider/subscriptions/checkout/session[39m
[2026-02-14 20:38:48] [[32minfo[39m]: [32mexpressReq.user : {"id":"698f28d799b35470f53dd6e2","role":"PROVIDER"}[39m
[2026-02-14 20:43:50] [[32minfo[39m]: [32m[GATEWAY PROXY] POST /provider/subscriptions/checkout/session → http://localhost:4000/api/provider/subscriptions/checkout/session[39m
[2026-02-14 20:43:50] [[32minfo[39m]: [32mexpressReq.user : {"id":"698f28d799b35470f53dd6e2","role":"PROVIDER"}[39m
[2026-02-14 20:49:53] [[32minfo[39m]: [32m[GATEWAY PROXY] POST /provider/subscriptions/checkout/session → http://localhost:4000/api/provider/subscriptions/checkout/session[39m
[2026-02-14 20:49:53] [[32minfo[39m]: [32mexpressReq.user : {"id":"698f28d799b35470f53dd6e2","role":"PROVIDER"}[39m
[2026-02-14 20:58:03] [[32minfo[39m]: [32m[GATEWAY PROXY] POST /provider/subscriptions/checkout/session → http://localhost:4000/api/provider/subscriptions/checkout/session[39m
[2026-02-14 20:58:03] [[32minfo[39m]: [32mexpressReq.user : {"id":"698f28d799b35470f53dd6e2","role":"PROVIDER"}[39m
[2026-02-14 21:03:41] [[32minfo[39m]: [32m[GATEWAY PROXY] POST /provider/subscriptions/checkout/session → http://localhost:4000/api/provider/subscriptions/checkout/session[39m
[2026-02-14 21:03:41] [[32minfo[39m]: [32mexpressReq.user : {"id":"698f28d799b35470f53dd6e2","role":"PROVIDER"}[39m
[2026-02-14 21:11:18] [[32minfo[39m]: [32m[GATEWAY PROXY] POST /provider/subscriptions/checkout/session → http://localhost:4000/api/provider/subscriptions/checkout/session[39m
[2026-02-14 21:11:18] [[32minfo[39m]: [32mexpressReq.user : {"id":"698f28d799b35470f53dd6e2","role":"PROVIDER"}[39m
[2026-02-14 22:28:29] [[32minfo[39m]: [32m[GATEWAY PROXY] GET /provider/dashboard/stats → http://localhost:4000/api/provider/dashboard/stats[39m
[2026-02-14 22:28:29] [[32minfo[39m]: [32mexpressReq.user : {"id":"698f28d799b35470f53dd6e2","role":"PROVIDER"}[39m
[2026-02-14 22:39:27] [[32minfo[39m]: [32m[GATEWAY PROXY] GET /provider/dashboard/stats → http://localhost:4000/api/provider/dashboard/stats[39m
[2026-02-14 22:39:27] [[32minfo[39m]: [32mexpressReq.user : {"id":"698f28d799b35470f53dd6e2","role":"PROVIDER"}[39m
[2026-02-14 22:39:27] [[32minfo[39m]: [32m[GATEWAY PROXY] GET /provider/subscriptions?page=1&limit=10 → http://localhost:4000/api/provider/subscriptions?page=1&limit=10[39m
[2026-02-14 22:39:27] [[32minfo[39m]: [32mexpressReq.user : {"id":"698f28d799b35470f53dd6e2","role":"PROVIDER"}[39m
[2026-02-14 22:40:14] [[32minfo[39m]: [32m[GATEWAY PROXY] GET /provider/dashboard/stats → http://localhost:4000/api/provider/dashboard/stats[39m
[2026-02-14 22:40:14] [[32minfo[39m]: [32mexpressReq.user : {"id":"698f28d799b35470f53dd6e2","role":"PROVIDER"}[39m
[2026-02-14 22:40:19] [[32minfo[39m]: [32m[GATEWAY PROXY] GET /provider/subscriptions?page=1&limit=10 → http://localhost:4000/api/provider/subscriptions?page=1&limit=10[39m
[2026-02-14 22:40:19] [[32minfo[39m]: [32mexpressReq.user : {"id":"698f28d799b35470f53dd6e2","role":"PROVIDER"}[39m
[2026-02-14 22:40:21] [[32minfo[39m]: [32m[GATEWAY PROXY] GET /provider/plans → http://localhost:4000/api/provider/plans[39m
[2026-02-14 22:40:21] [[32minfo[39m]: [32mexpressReq.user : {"id":"698f28d799b35470f53dd6e2","role":"PROVIDER"}[39m
[2026-02-14 22:40:35] [[32minfo[39m]: [32m[GATEWAY PROXY] POST /provider/subscriptions/checkout/session → http://localhost:4000/api/provider/subscriptions/checkout/session[39m
[2026-02-14 22:40:35] [[32minfo[39m]: [32mexpressReq.user : {"id":"698f28d799b35470f53dd6e2","role":"PROVIDER"}[39m
[2026-02-14 22:41:55] [[32minfo[39m]: [32m[GATEWAY PROXY] POST /provider/subscriptions/checkout/session → http://localhost:4000/api/provider/subscriptions/checkout/session[39m
[2026-02-14 22:41:55] [[32minfo[39m]: [32mexpressReq.user : {"id":"698f28d799b35470f53dd6e2","role":"PROVIDER"}[39m
[2026-02-14 22:43:50] [[32minfo[39m]: [32m[GATEWAY PROXY] POST /provider/subscriptions/checkout/session → http://localhost:4000/api/provider/subscriptions/checkout/session[39m
[2026-02-14 22:43:50] [[32minfo[39m]: [32mexpressReq.user : {"id":"698f28d799b35470f53dd6e2","role":"PROVIDER"}[39m
[2026-02-14 22:46:10] [[32minfo[39m]: [32m[GATEWAY PROXY] POST /provider/subscriptions/checkout/session → http://localhost:4000/api/provider/subscriptions/checkout/session[39m
[2026-02-14 22:46:10] [[32minfo[39m]: [32mexpressReq.user : {"id":"698f28d799b35470f53dd6e2","role":"PROVIDER"}[39m
[2026-02-14 22:49:09] [[32minfo[39m]: [32m[GATEWAY PROXY] POST /provider/subscriptions/checkout/session → http://localhost:4000/api/provider/subscriptions/checkout/session[39m
[2026-02-14 22:49:09] [[32minfo[39m]: [32mexpressReq.user : {"id":"698f28d799b35470f53dd6e2","role":"PROVIDER"}[39m
[2026-02-14 22:53:29] [[32minfo[39m]: [32m[GATEWAY PROXY] POST /provider/subscriptions/checkout/session → http://localhost:4000/api/provider/subscriptions/checkout/session[39m
[2026-02-14 22:53:29] [[32minfo[39m]: [32mexpressReq.user : {"id":"698f28d799b35470f53dd6e2","role":"PROVIDER"}[39m
[2026-02-14 23:00:23] [[32minfo[39m]: [32m[GATEWAY PROXY] POST /provider/subscriptions/checkout/session → http://localhost:4000/api/provider/subscriptions/checkout/session[39m
[2026-02-14 23:00:23] [[32minfo[39m]: [32mexpressReq.user : {"id":"698f28d799b35470f53dd6e2","role":"PROVIDER"}[39m
[2026-02-14 23:02:51] [[32minfo[39m]: [32m[GATEWAY PROXY] GET /provider/dashboard/stats → http://localhost:4000/api/provider/dashboard/stats[39m
[2026-02-14 23:02:51] [[32minfo[39m]: [32mexpressReq.user : {"id":"698f28d799b35470f53dd6e2","role":"PROVIDER"}[39m
[2026-02-14 23:03:22] [[32minfo[39m]: [32m[GATEWAY PROXY] POST /provider/subscriptions/checkout/session → http://localhost:4000/api/provider/subscriptions/checkout/session[39m
[2026-02-14 23:03:22] [[32minfo[39m]: [32mexpressReq.user : {"id":"698f28d799b35470f53dd6e2","role":"PROVIDER"}[39m
[2026-02-14 23:11:45] [[32minfo[39m]: [32m[GATEWAY PROXY] GET /provider/dashboard/stats → http://localhost:4000/api/provider/dashboard/stats[39m
[2026-02-14 23:11:45] [[32minfo[39m]: [32mexpressReq.user : {"id":"698f28d799b35470f53dd6e2","role":"PROVIDER"}[39m
[2026-02-14 23:11:46] [[32minfo[39m]: [32m[GATEWAY PROXY] GET /provider/subscriptions?page=1&limit=10 → http://localhost:4000/api/provider/subscriptions?page=1&limit=10[39m
[2026-02-14 23:11:46] [[32minfo[39m]: [32mexpressReq.user : {"id":"698f28d799b35470f53dd6e2","role":"PROVIDER"}[39m
[2026-02-14 23:11:50] [[32minfo[39m]: [32m[GATEWAY PROXY] GET /provider/plans → http://localhost:4000/api/provider/plans[39m
[2026-02-14 23:11:50] [[32minfo[39m]: [32mexpressReq.user : {"id":"698f28d799b35470f53dd6e2","role":"PROVIDER"}[39m
[2026-02-14 23:12:05] [[32minfo[39m]: [32m[GATEWAY PROXY] POST /provider/subscriptions/checkout/session → http://localhost:4000/api/provider/subscriptions/checkout/session[39m
[2026-02-14 23:12:05] [[32minfo[39m]: [32mexpressReq.user : {"id":"698f28d799b35470f53dd6e2","role":"PROVIDER"}[39m
[2026-02-14 23:13:21] [[32minfo[39m]: [32m[GATEWAY PROXY] GET /provider/dashboard/stats → http://localhost:4000/api/provider/dashboard/stats[39m
[2026-02-14 23:13:21] [[32minfo[39m]: [32mexpressReq.user : {"id":"698f28d799b35470f53dd6e2","role":"PROVIDER"}[39m
[2026-02-15 00:45:29] [[32minfo[39m]: [32m[GATEWAY PROXY] GET /provider/subscriptions?page=1&limit=10 → http://localhost:4000/api/provider/subscriptions?page=1&limit=10[39m
[2026-02-15 00:45:29] [[32minfo[39m]: [32mexpressReq.user : {"id":"698f28d799b35470f53dd6e2","role":"PROVIDER"}[39m
[2026-02-15 00:45:35] [[32minfo[39m]: [32m[GATEWAY PROXY] GET /provider/plans → http://localhost:4000/api/provider/plans[39m
[2026-02-15 00:45:35] [[32minfo[39m]: [32mexpressReq.user : {"id":"698f28d799b35470f53dd6e2","role":"PROVIDER"}[39m
[2026-02-15 00:45:44] [[32minfo[39m]: [32m[GATEWAY PROXY] POST /provider/subscriptions/checkout/session → http://localhost:4000/api/provider/subscriptions/checkout/session[39m
[2026-02-15 00:45:44] [[32minfo[39m]: [32mexpressReq.user : {"id":"698f28d799b35470f53dd6e2","role":"PROVIDER"}[39m
[2026-02-15 00:47:03] [[32minfo[39m]: [32m[GATEWAY PROXY] POST /provider/subscriptions/checkout/session → http://localhost:4000/api/provider/subscriptions/checkout/session[39m
[2026-02-15 00:47:03] [[32minfo[39m]: [32mexpressReq.user : {"id":"698f28d799b35470f53dd6e2","role":"PROVIDER"}[39m
[2026-02-15 00:47:18] [[32minfo[39m]: [32m[GATEWAY PROXY] GET /provider/dashboard/stats → http://localhost:4000/api/provider/dashboard/stats[39m
[2026-02-15 00:47:18] [[32minfo[39m]: [32mexpressReq.user : {"id":"698f28d799b35470f53dd6e2","role":"PROVIDER"}[39m
[2026-02-15 07:30:24] [[32minfo[39m]: [32m[GATEWAY PROXY] GET /provider/dashboard/stats → http://localhost:4000/api/provider/dashboard/stats[39m
[2026-02-15 07:30:24] [[32minfo[39m]: [32mexpressReq.user : {"id":"698f28d799b35470f53dd6e2","role":"PROVIDER"}[39m
[2026-02-15 11:06:46] [[32minfo[39m]: [32m[GATEWAY PROXY] GET /provider/dashboard/stats → http://localhost:4000/api/provider/dashboard/stats[39m
[2026-02-15 11:06:46] [[32minfo[39m]: [32mexpressReq.user : {"id":"698f28d799b35470f53dd6e2","role":"PROVIDER"}[39m
[2026-02-15 11:58:30] [[32minfo[39m]: [32m[GATEWAY PROXY] GET /provider/dashboard/stats → http://localhost:4000/api/provider/dashboard/stats[39m
[2026-02-15 11:58:30] [[32minfo[39m]: [32mexpressReq.user : {"id":"698f28d799b35470f53dd6e2","role":"PROVIDER"}[39m
[2026-02-15 11:58:38] [[32minfo[39m]: [32m[GATEWAY PROXY] GET /provider/subscriptions?page=1&limit=10 → http://localhost:4000/api/provider/subscriptions?page=1&limit=10[39m
[2026-02-15 11:58:38] [[32minfo[39m]: [32mexpressReq.user : {"id":"698f28d799b35470f53dd6e2","role":"PROVIDER"}[39m
[2026-02-15 11:58:52] [[32minfo[39m]: [32m[GATEWAY PROXY] GET /provider/subscriptions/6990c9e00061f2d914633e55 → http://localhost:4000/api/provider/subscriptions/6990c9e00061f2d914633e55[39m
[2026-02-15 11:58:52] [[32minfo[39m]: [32mexpressReq.user : {"id":"698f28d799b35470f53dd6e2","role":"PROVIDER"}[39m
[2026-02-15 11:59:37] [[32minfo[39m]: [32m[GATEWAY PROXY] GET /provider/dashboard/stats → http://localhost:4000/api/provider/dashboard/stats[39m
[2026-02-15 11:59:37] [[32minfo[39m]: [32mexpressReq.user : {"id":"698f28d799b35470f53dd6e2","role":"PROVIDER"}[39m
[2026-02-15 11:59:40] [[32minfo[39m]: [32m[GATEWAY PROXY] GET /provider/subscriptions?page=1&limit=10 → http://localhost:4000/api/provider/subscriptions?page=1&limit=10[39m
[2026-02-15 11:59:40] [[32minfo[39m]: [32mexpressReq.user : {"id":"698f28d799b35470f53dd6e2","role":"PROVIDER"}[39m
[2026-02-15 11:59:41] [[32minfo[39m]: [32m[GATEWAY PROXY] GET /provider/plans → http://localhost:4000/api/provider/plans[39m
[2026-02-15 11:59:41] [[32minfo[39m]: [32mexpressReq.user : {"id":"698f28d799b35470f53dd6e2","role":"PROVIDER"}[39m
[2026-02-15 11:59:50] [[32minfo[39m]: [32m[GATEWAY PROXY] POST /provider/subscriptions/checkout/session → http://localhost:4000/api/provider/subscriptions/checkout/session[39m
[2026-02-15 11:59:50] [[32minfo[39m]: [32mexpressReq.user : {"id":"698f28d799b35470f53dd6e2","role":"PROVIDER"}[39m
[2026-02-15 12:00:07] [[32minfo[39m]: [32m[GATEWAY PROXY] GET /provider/dashboard/stats → http://localhost:4000/api/provider/dashboard/stats[39m
[2026-02-15 12:00:07] [[32minfo[39m]: [32mexpressReq.user : {"id":"698f28d799b35470f53dd6e2","role":"PROVIDER"}[39m
[2026-02-15 12:32:02] [[32minfo[39m]: [32m[GATEWAY PROXY] GET /provider/dashboard/stats → http://localhost:4000/api/provider/dashboard/stats[39m
[2026-02-15 12:32:02] [[32minfo[39m]: [32mexpressReq.user : {"id":"698f28d799b35470f53dd6e2","role":"PROVIDER"}[39m
[2026-02-15 15:19:14] [[32minfo[39m]: [32m[GATEWAY PROXY] GET /provider/dashboard/stats → http://localhost:4000/api/provider/dashboard/stats[39m
[2026-02-15 15:19:14] [[32minfo[39m]: [32mexpressReq.user : {"id":"698f28d799b35470f53dd6e2","role":"PROVIDER"}[39m
[2026-02-15 15:19:23] [[32minfo[39m]: [32m[GATEWAY PROXY] GET /provider/dashboard/stats → http://localhost:4000/api/provider/dashboard/stats[39m
[2026-02-15 15:19:23] [[32minfo[39m]: [32mexpressReq.user : {"id":"698f28d799b35470f53dd6e2","role":"PROVIDER"}[39m
[2026-02-15 15:19:25] [[32minfo[39m]: [32m[GATEWAY PROXY] GET /provider/subscriptions?page=1&limit=10 → http://localhost:4000/api/provider/subscriptions?page=1&limit=10[39m
[2026-02-15 15:19:25] [[32minfo[39m]: [32mexpressReq.user : {"id":"698f28d799b35470f53dd6e2","role":"PROVIDER"}[39m
[2026-02-15 15:19:44] [[32minfo[39m]: [32m[GATEWAY PROXY] GET /provider/dashboard/stats → http://localhost:4000/api/provider/dashboard/stats[39m
[2026-02-15 15:19:44] [[32minfo[39m]: [32mexpressReq.user : {"id":"698f28d799b35470f53dd6e2","role":"PROVIDER"}[39m
[2026-02-15 15:19:44] [[32minfo[39m]: [32m[GATEWAY PROXY] GET /provider/subscriptions?page=1&limit=10 → http://localhost:4000/api/provider/subscriptions?page=1&limit=10[39m
[2026-02-15 15:19:44] [[32minfo[39m]: [32mexpressReq.user : {"id":"698f28d799b35470f53dd6e2","role":"PROVIDER"}[39m
[2026-02-15 15:19:50] [[32minfo[39m]: [32m[GATEWAY PROXY] GET /provider/plans → http://localhost:4000/api/provider/plans[39m
[2026-02-15 15:19:50] [[32minfo[39m]: [32mexpressReq.user : {"id":"698f28d799b35470f53dd6e2","role":"PROVIDER"}[39m
[2026-02-15 15:20:00] [[32minfo[39m]: [32m[GATEWAY PROXY] POST /provider/subscriptions/checkout/session → http://localhost:4000/api/provider/subscriptions/checkout/session[39m
[2026-02-15 15:20:00] [[32minfo[39m]: [32mexpressReq.user : {"id":"698f28d799b35470f53dd6e2","role":"PROVIDER"}[39m
[2026-02-15 15:20:14] [[32minfo[39m]: [32m[GATEWAY PROXY] GET /provider/dashboard/stats → http://localhost:4000/api/provider/dashboard/stats[39m
[2026-02-15 15:20:14] [[32minfo[39m]: [32mexpressReq.user : {"id":"698f28d799b35470f53dd6e2","role":"PROVIDER"}[39m
[2026-02-15 15:28:48] [[32minfo[39m]: [32m[GATEWAY PROXY] GET /provider/dashboard/stats → http://localhost:4000/api/provider/dashboard/stats[39m
[2026-02-15 15:28:48] [[32minfo[39m]: [32mexpressReq.user : {"id":"698f28d799b35470f53dd6e2","role":"PROVIDER"}[39m
[2026-02-15 15:35:42] [[32minfo[39m]: [32m[GATEWAY PROXY] GET /provider/dashboard/stats → http://localhost:4000/api/provider/dashboard/stats[39m
[2026-02-15 15:35:42] [[32minfo[39m]: [32mexpressReq.user : {"id":"698f28d799b35470f53dd6e2","role":"PROVIDER"}[39m
[2026-02-15 15:55:40] [[32minfo[39m]: [32m[GATEWAY PROXY] GET /provider/subscriptions?page=1&limit=10 → http://localhost:4000/api/provider/subscriptions?page=1&limit=10[39m
[2026-02-15 15:55:40] [[32minfo[39m]: [32mexpressReq.user : {"id":"698f28d799b35470f53dd6e2","role":"PROVIDER"}[39m
[2026-02-15 15:55:46] [[32minfo[39m]: [32m[GATEWAY PROXY] GET /provider/plans → http://localhost:4000/api/provider/plans[39m
[2026-02-15 15:55:46] [[32minfo[39m]: [32mexpressReq.user : {"id":"698f28d799b35470f53dd6e2","role":"PROVIDER"}[39m
[2026-02-15 15:55:54] [[32minfo[39m]: [32m[GATEWAY PROXY] POST /provider/subscriptions/checkout/session → http://localhost:4000/api/provider/subscriptions/checkout/session[39m
[2026-02-15 15:55:54] [[32minfo[39m]: [32mexpressReq.user : {"id":"698f28d799b35470f53dd6e2","role":"PROVIDER"}[39m
[2026-02-15 15:56:06] [[32minfo[39m]: [32m[GATEWAY PROXY] GET /provider/dashboard/stats → http://localhost:4000/api/provider/dashboard/stats[39m
[2026-02-15 15:56:06] [[32minfo[39m]: [32mexpressReq.user : {"id":"698f28d799b35470f53dd6e2","role":"PROVIDER"}[39m
[2026-02-15 16:01:08] [[32minfo[39m]: [32m[GATEWAY PROXY] GET /provider/subscriptions?page=1&limit=10 → http://localhost:4000/api/provider/subscriptions?page=1&limit=10[39m
[2026-02-15 16:01:08] [[32minfo[39m]: [32mexpressReq.user : {"id":"698f28d799b35470f53dd6e2","role":"PROVIDER"}[39m
[2026-02-15 16:01:29] [[32minfo[39m]: [32m[GATEWAY PROXY] GET /provider/plans → http://localhost:4000/api/provider/plans[39m
[2026-02-15 16:01:29] [[32minfo[39m]: [32mexpressReq.user : {"id":"698f28d799b35470f53dd6e2","role":"PROVIDER"}[39m
[2026-02-15 16:01:36] [[32minfo[39m]: [32m[GATEWAY PROXY] POST /provider/subscriptions/checkout/session → http://localhost:4000/api/provider/subscriptions/checkout/session[39m
[2026-02-15 16:01:36] [[32minfo[39m]: [32mexpressReq.user : {"id":"698f28d799b35470f53dd6e2","role":"PROVIDER"}[39m
[2026-02-15 16:05:18] [[32minfo[39m]: [32m[GATEWAY PROXY] POST /provider/subscriptions/checkout/session → http://localhost:4000/api/provider/subscriptions/checkout/session[39m
[2026-02-15 16:05:18] [[32minfo[39m]: [32mexpressReq.user : {"id":"698f28d799b35470f53dd6e2","role":"PROVIDER"}[39m
[2026-02-15 16:05:34] [[32minfo[39m]: [32m[GATEWAY PROXY] GET /provider/dashboard/stats → http://localhost:4000/api/provider/dashboard/stats[39m
[2026-02-15 16:05:34] [[32minfo[39m]: [32mexpressReq.user : {"id":"698f28d799b35470f53dd6e2","role":"PROVIDER"}[39m
[2026-02-15 16:15:02] [[32minfo[39m]: [32m[GATEWAY PROXY] GET /provider/subscriptions?page=1&limit=10 → http://localhost:4000/api/provider/subscriptions?page=1&limit=10[39m
[2026-02-15 16:15:02] [[32minfo[39m]: [32mexpressReq.user : {"id":"698f28d799b35470f53dd6e2","role":"PROVIDER"}[39m
[2026-02-15 16:15:58] [[32minfo[39m]: [32m[GATEWAY PROXY] GET /provider/plans → http://localhost:4000/api/provider/plans[39m
[2026-02-15 16:15:58] [[32minfo[39m]: [32mexpressReq.user : {"id":"698f28d799b35470f53dd6e2","role":"PROVIDER"}[39m
[2026-02-15 16:16:07] [[32minfo[39m]: [32m[GATEWAY PROXY] POST /provider/subscriptions/checkout/session → http://localhost:4000/api/provider/subscriptions/checkout/session[39m
[2026-02-15 16:16:07] [[32minfo[39m]: [32mexpressReq.user : {"id":"698f28d799b35470f53dd6e2","role":"PROVIDER"}[39m
[2026-02-15 16:16:21] [[32minfo[39m]: [32m[GATEWAY PROXY] GET /provider/dashboard/stats → http://localhost:4000/api/provider/dashboard/stats[39m
[2026-02-15 16:16:21] [[32minfo[39m]: [32mexpressReq.user : {"id":"698f28d799b35470f53dd6e2","role":"PROVIDER"}[39m
[2026-02-15 16:23:39] [[32minfo[39m]: [32m[GATEWAY PROXY] GET /provider/subscriptions?page=1&limit=10 → http://localhost:4000/api/provider/subscriptions?page=1&limit=10[39m
[2026-02-15 16:23:39] [[32minfo[39m]: [32mexpressReq.user : {"id":"698f28d799b35470f53dd6e2","role":"PROVIDER"}[39m
[2026-02-15 16:23:42] [[32minfo[39m]: [32m[GATEWAY PROXY] GET /provider/plans → http://localhost:4000/api/provider/plans[39m
[2026-02-15 16:23:42] [[32minfo[39m]: [32mexpressReq.user : {"id":"698f28d799b35470f53dd6e2","role":"PROVIDER"}[39m
[2026-02-15 16:23:49] [[32minfo[39m]: [32m[GATEWAY PROXY] POST /provider/subscriptions/checkout/session → http://localhost:4000/api/provider/subscriptions/checkout/session[39m
[2026-02-15 16:23:49] [[32minfo[39m]: [32mexpressReq.user : {"id":"698f28d799b35470f53dd6e2","role":"PROVIDER"}[39m
[2026-02-15 16:24:03] [[32minfo[39m]: [32m[GATEWAY PROXY] GET /provider/dashboard/stats → http://localhost:4000/api/provider/dashboard/stats[39m
[2026-02-15 16:24:03] [[32minfo[39m]: [32mexpressReq.user : {"id":"698f28d799b35470f53dd6e2","role":"PROVIDER"}[39m
[2026-02-15 16:46:19] [[32minfo[39m]: [32m[GATEWAY PROXY] GET /provider/dashboard/stats → http://localhost:4000/api/provider/dashboard/stats[39m
[2026-02-15 16:46:19] [[32minfo[39m]: [32mexpressReq.user : {"id":"698f28d799b35470f53dd6e2","role":"PROVIDER"}[39m
[2026-02-15 16:49:58] [[32minfo[39m]: [32m[GATEWAY PROXY] GET /provider/subscriptions?page=1&limit=10 → http://localhost:4000/api/provider/subscriptions?page=1&limit=10[39m
[2026-02-15 16:49:58] [[32minfo[39m]: [32mexpressReq.user : {"id":"698f28d799b35470f53dd6e2","role":"PROVIDER"}[39m
[2026-02-15 16:50:01] [[32minfo[39m]: [32m[GATEWAY PROXY] GET /provider/plans → http://localhost:4000/api/provider/plans[39m
[2026-02-15 16:50:01] [[32minfo[39m]: [32mexpressReq.user : {"id":"698f28d799b35470f53dd6e2","role":"PROVIDER"}[39m
[2026-02-15 16:50:11] [[32minfo[39m]: [32m[GATEWAY PROXY] POST /provider/subscriptions/checkout/session → http://localhost:4000/api/provider/subscriptions/checkout/session[39m
[2026-02-15 16:50:11] [[32minfo[39m]: [32mexpressReq.user : {"id":"698f28d799b35470f53dd6e2","role":"PROVIDER"}[39m
[2026-02-15 16:50:26] [[32minfo[39m]: [32m[GATEWAY PROXY] GET /provider/dashboard/stats → http://localhost:4000/api/provider/dashboard/stats[39m
[2026-02-15 16:50:26] [[32minfo[39m]: [32mexpressReq.user : {"id":"698f28d799b35470f53dd6e2","role":"PROVIDER"}[39m
[2026-02-15 18:05:27] [[32minfo[39m]: [32m[GATEWAY PROXY] GET /provider/dashboard/stats → http://localhost:4000/api/provider/dashboard/stats[39m
[2026-02-15 18:05:27] [[32minfo[39m]: [32mexpressReq.user : {"id":"698f28d799b35470f53dd6e2","role":"PROVIDER"}[39m
[2026-02-15 18:19:12] [[32minfo[39m]: [32m[GATEWAY PROXY] GET /provider/dashboard/stats → http://localhost:4000/api/provider/dashboard/stats[39m
[2026-02-15 18:19:12] [[32minfo[39m]: [32mexpressReq.user : {"id":"698f28d799b35470f53dd6e2","role":"PROVIDER"}[39m
[2026-02-15 22:42:49] [[32minfo[39m]: [32m[GATEWAY PROXY] GET /provider/dashboard/stats → http://localhost:4000/api/provider/dashboard/stats[39m
[2026-02-15 22:42:49] [[32minfo[39m]: [32mexpressReq.user : {"id":"698f28d799b35470f53dd6e2","role":"PROVIDER"}[39m
[2026-02-16 15:10:08] [[32minfo[39m]: [32m[GATEWAY PROXY] GET /provider/dashboard/stats → http://localhost:4000/api/provider/dashboard/stats[39m
[2026-02-16 15:10:08] [[32minfo[39m]: [32mexpressReq.user : {"id":"698f28d799b35470f53dd6e2","role":"PROVIDER"}[39m
[2026-02-16 15:17:33] [[32minfo[39m]: [32m[GATEWAY PROXY] GET /provider/dashboard/stats → http://localhost:4000/api/provider/dashboard/stats[39m
[2026-02-16 15:17:33] [[32minfo[39m]: [32mexpressReq.user : {"id":"698f28d799b35470f53dd6e2","role":"PROVIDER"}[39m
[2026-02-16 15:48:42] [[32minfo[39m]: [32m[GATEWAY PROXY] GET /provider/dashboard/stats → http://localhost:4000/api/provider/dashboard/stats[39m
[2026-02-16 15:48:42] [[32minfo[39m]: [32mexpressReq.user : {"id":"698f28d799b35470f53dd6e2","role":"PROVIDER"}[39m
[2026-02-16 16:00:29] [[32minfo[39m]: [32m[GATEWAY PROXY] GET /provider/dashboard/stats → http://localhost:4000/api/provider/dashboard/stats[39m
[2026-02-16 16:00:29] [[32minfo[39m]: [32mexpressReq.user : {"id":"698f28d799b35470f53dd6e2","role":"PROVIDER"}[39m
[2026-02-16 16:33:04] [[32minfo[39m]: [32m[GATEWAY PROXY] GET /provider/dashboard/stats → http://localhost:4000/api/provider/dashboard/stats[39m
[2026-02-16 16:33:04] [[32minfo[39m]: [32mexpressReq.user : {"id":"698f28d799b35470f53dd6e2","role":"PROVIDER"}[39m
[2026-02-16 16:44:21] [[32minfo[39m]: [32m[GATEWAY PROXY] GET /provider/dashboard/stats → http://localhost:4000/api/provider/dashboard/stats[39m
[2026-02-16 16:44:21] [[32minfo[39m]: [32mexpressReq.user : {"id":"698f28d799b35470f53dd6e2","role":"PROVIDER"}[39m
[2026-02-16 16:46:10] [[32minfo[39m]: [32m[GATEWAY PROXY] GET /provider/dashboard/stats → http://localhost:4000/api/provider/dashboard/stats[39m
[2026-02-16 16:46:10] [[32minfo[39m]: [32mexpressReq.user : {"id":"698f28d799b35470f53dd6e2","role":"PROVIDER"}[39m
[2026-02-16 17:04:35] [[32minfo[39m]: [32m[GATEWAY PROXY] GET /provider/dashboard/stats → http://localhost:4000/api/provider/dashboard/stats[39m
[2026-02-16 17:04:35] [[32minfo[39m]: [32mexpressReq.user : {"id":"698f28d799b35470f53dd6e2","role":"PROVIDER"}[39m
[2026-02-16 17:04:41] [[32minfo[39m]: [32m[GATEWAY PROXY] GET /provider/dashboard/stats → http://localhost:4000/api/provider/dashboard/stats[39m
[2026-02-16 17:04:41] [[32minfo[39m]: [32mexpressReq.user : {"id":"698f28d799b35470f53dd6e2","role":"PROVIDER"}[39m
[2026-02-16 17:04:46] [[32minfo[39m]: [32m[GATEWAY PROXY] GET /provider/subscriptions?page=1&limit=10 → http://localhost:4000/api/provider/subscriptions?page=1&limit=10[39m
[2026-02-16 17:04:46] [[32minfo[39m]: [32mexpressReq.user : {"id":"698f28d799b35470f53dd6e2","role":"PROVIDER"}[39m
[2026-02-16 17:05:25] [[32minfo[39m]: [32m[GATEWAY PROXY] GET /provider/subscriptions?page=1&limit=10 → http://localhost:4000/api/provider/subscriptions?page=1&limit=10[39m
[2026-02-16 17:05:25] [[32minfo[39m]: [32mexpressReq.user : {"id":"698f28d799b35470f53dd6e2","role":"PROVIDER"}[39m
[2026-02-16 17:05:25] [[32minfo[39m]: [32m[GATEWAY PROXY] GET /provider/dashboard/stats → http://localhost:4000/api/provider/dashboard/stats[39m
[2026-02-16 17:05:25] [[32minfo[39m]: [32mexpressReq.user : {"id":"698f28d799b35470f53dd6e2","role":"PROVIDER"}[39m
[2026-02-16 17:05:32] [[32minfo[39m]: [32m[GATEWAY PROXY] GET /provider/plans → http://localhost:4000/api/provider/plans[39m
[2026-02-16 17:05:32] [[32minfo[39m]: [32mexpressReq.user : {"id":"698f28d799b35470f53dd6e2","role":"PROVIDER"}[39m
[2026-02-16 17:05:40] [[32minfo[39m]: [32m[GATEWAY PROXY] POST /provider/subscriptions/checkout/session → http://localhost:4000/api/provider/subscriptions/checkout/session[39m
[2026-02-16 17:05:40] [[32minfo[39m]: [32mexpressReq.user : {"id":"698f28d799b35470f53dd6e2","role":"PROVIDER"}[39m
[2026-02-16 17:07:18] [[32minfo[39m]: [32m[GATEWAY PROXY] GET /provider/dashboard/stats → http://localhost:4000/api/provider/dashboard/stats[39m
[2026-02-16 17:07:18] [[32minfo[39m]: [32mexpressReq.user : {"id":"698f28d799b35470f53dd6e2","role":"PROVIDER"}[39m
[2026-02-16 17:07:18] [[32minfo[39m]: [32m[GATEWAY PROXY] GET /provider/subscriptions?page=1&limit=10 → http://localhost:4000/api/provider/subscriptions?page=1&limit=10[39m
[2026-02-16 17:07:18] [[32minfo[39m]: [32mexpressReq.user : {"id":"698f28d799b35470f53dd6e2","role":"PROVIDER"}[39m
[2026-02-16 17:07:59] [[32minfo[39m]: [32m[GATEWAY PROXY] GET /provider/subscriptions/6993010cba21cef8cfdb5be0 → http://localhost:4000/api/provider/subscriptions/6993010cba21cef8cfdb5be0[39m
[2026-02-16 17:07:59] [[32minfo[39m]: [32mexpressReq.user : {"id":"698f28d799b35470f53dd6e2","role":"PROVIDER"}[39m
[2026-02-16 17:16:12] [[32minfo[39m]: [32m[GATEWAY PROXY] GET /provider/plans → http://localhost:4000/api/provider/plans[39m
[2026-02-16 17:16:12] [[32minfo[39m]: [32mexpressReq.user : {"id":"698f28d799b35470f53dd6e2","role":"PROVIDER"}[39m
[2026-02-16 17:16:32] [[32minfo[39m]: [32m[GATEWAY PROXY] POST /provider/subscriptions/checkout/session → http://localhost:4000/api/provider/subscriptions/checkout/session[39m
[2026-02-16 17:16:32] [[32minfo[39m]: [32mexpressReq.user : {"id":"698f28d799b35470f53dd6e2","role":"PROVIDER"}[39m
[2026-02-16 17:25:26] [[32minfo[39m]: [32m[GATEWAY PROXY] POST /provider/subscriptions/checkout/session → http://localhost:4000/api/provider/subscriptions/checkout/session[39m
[2026-02-16 17:25:26] [[32minfo[39m]: [32mexpressReq.user : {"id":"698f28d799b35470f53dd6e2","role":"PROVIDER"}[39m
[2026-02-16 17:26:05] [[32minfo[39m]: [32m[GATEWAY PROXY] GET /provider/dashboard/stats → http://localhost:4000/api/provider/dashboard/stats[39m
[2026-02-16 17:26:05] [[32minfo[39m]: [32mexpressReq.user : {"id":"698f28d799b35470f53dd6e2","role":"PROVIDER"}[39m
[2026-02-16 17:30:16] [[32minfo[39m]: [32m[GATEWAY PROXY] GET /provider/subscriptions?page=1&limit=10 → http://localhost:4000/api/provider/subscriptions?page=1&limit=10[39m
[2026-02-16 17:30:16] [[32minfo[39m]: [32mexpressReq.user : {"id":"698f28d799b35470f53dd6e2","role":"PROVIDER"}[39m
[2026-02-16 17:30:19] [[32minfo[39m]: [32m[GATEWAY PROXY] GET /provider/plans → http://localhost:4000/api/provider/plans[39m
[2026-02-16 17:30:19] [[32minfo[39m]: [32mexpressReq.user : {"id":"698f28d799b35470f53dd6e2","role":"PROVIDER"}[39m
[2026-02-16 17:30:28] [[32minfo[39m]: [32m[GATEWAY PROXY] POST /provider/subscriptions/checkout/session → http://localhost:4000/api/provider/subscriptions/checkout/session[39m
[2026-02-16 17:30:28] [[32minfo[39m]: [32mexpressReq.user : {"id":"698f28d799b35470f53dd6e2","role":"PROVIDER"}[39m
[2026-02-16 17:31:20] [[32minfo[39m]: [32m[GATEWAY PROXY] GET /provider/dashboard/stats → http://localhost:4000/api/provider/dashboard/stats[39m
[2026-02-16 17:31:20] [[32minfo[39m]: [32mexpressReq.user : {"id":"698f28d799b35470f53dd6e2","role":"PROVIDER"}[39m
[2026-02-16 17:32:46] [[32minfo[39m]: [32m[GATEWAY PROXY] POST /auth/signout → http://localhost:4000/api/auth/signout[39m
[2026-02-16 17:32:46] [[32minfo[39m]: [32mexpressReq.user : undefined[39m
[2026-02-16 17:32:57] [[32minfo[39m]: [32m[GATEWAY PROXY] POST /auth/signin → http://localhost:4000/api/auth/signin[39m
[2026-02-16 17:32:57] [[32minfo[39m]: [32mexpressReq.user : undefined[39m
[2026-02-16 17:33:01] [[32minfo[39m]: [32m[GATEWAY PROXY] GET /provider/dashboard/stats → http://localhost:4000/api/provider/dashboard/stats[39m
[2026-02-16 17:33:01] [[32minfo[39m]: [32mexpressReq.user : {"id":"698f28d799b35470f53dd6e2","role":"PROVIDER"}[39m
[2026-02-16 17:37:03] [[32minfo[39m]: [32m[GATEWAY PROXY] POST /auth/signout → http://localhost:4000/api/auth/signout[39m
[2026-02-16 17:37:03] [[32minfo[39m]: [32mexpressReq.user : undefined[39m
[2026-02-16 17:37:11] [[32minfo[39m]: [32m[GATEWAY PROXY] POST /auth/signin → http://localhost:4000/api/auth/signin[39m
[2026-02-16 17:37:11] [[32minfo[39m]: [32mexpressReq.user : undefined[39m
[2026-02-16 17:37:16] [[32minfo[39m]: [32m[GATEWAY PROXY] GET /provider/dashboard/stats → http://localhost:4000/api/provider/dashboard/stats[39m
[2026-02-16 17:37:16] [[32minfo[39m]: [32mexpressReq.user : {"id":"698f28d799b35470f53dd6e2","role":"PROVIDER"}[39m
[2026-02-16 17:53:29] [[32minfo[39m]: [32m[GATEWAY PROXY] GET /provider/subscriptions?page=1&limit=10 → http://localhost:4000/api/provider/subscriptions?page=1&limit=10[39m
[2026-02-16 17:53:29] [[32minfo[39m]: [32mexpressReq.user : {"id":"698f28d799b35470f53dd6e2","role":"PROVIDER"}[39m
[2026-02-16 19:34:49] [[32minfo[39m]: [32m[GATEWAY PROXY] GET /provider/dashboard/stats → http://localhost:4000/api/provider/dashboard/stats[39m
[2026-02-16 19:34:49] [[32minfo[39m]: [32mexpressReq.user : {"id":"698f28d799b35470f53dd6e2","role":"PROVIDER"}[39m
[2026-02-16 23:02:43] [[31merror[39m]: [31mgetBlockList failed[39m
[31mfetch failed[39m
[31mTypeError: fetch failed[39m
[31m    at node:internal/deps/undici/undici:16416:13[39m
[31m    at process.processTicksAndRejections (node:internal/process/task_queues:103:5)[39m
[31m    at async HttpClient.request (file:///C:/MY%20LOCAL%20DISC/Slotflow/slotflow-api-gateway/node_modules/.pnpm/@upstash+redis@1.36.1/node_modules/@upstash/redis/chunk-LLI2WIYN.mjs:171:15)[39m
[31m    at async Pipeline.exec (file:///C:/MY%20LOCAL%20DISC/Slotflow/slotflow-api-gateway/node_modules/.pnpm/@upstash+redis@1.36.1/node_modules/@upstash/redis/chunk-LLI2WIYN.mjs:2528:17)[39m
[31m    at async AutoPipelineExecutor.withAutoPipeline (file:///C:/MY%20LOCAL%20DISC/Slotflow/slotflow-api-gateway/node_modules/.pnpm/@upstash+redis@1.36.1/node_modules/@upstash/redis/chunk-LLI2WIYN.mjs:3443:21)[39m
[31m    at async CacheServiceImpl.getBlockList (C:\MY LOCAL DISC\Slotflow\slotflow-api-gateway\src\services\cache.service.impl.ts:14:20)[39m
[31m    at async blockCheckMiddleware (C:\MY LOCAL DISC\Slotflow\slotflow-api-gateway\src\middleware\blockCheck.middleware.ts:14:30)[39m
[2026-02-16 23:02:43] [[31merror[39m]: [31mError in blockCheckMiddleware[39m
[31mfetch failed[39m
[31mTypeError: fetch failed[39m
[31m    at node:internal/deps/undici/undici:16416:13[39m
[31m    at process.processTicksAndRejections (node:internal/process/task_queues:103:5)[39m
[31m    at async HttpClient.request (file:///C:/MY%20LOCAL%20DISC/Slotflow/slotflow-api-gateway/node_modules/.pnpm/@upstash+redis@1.36.1/node_modules/@upstash/redis/chunk-LLI2WIYN.mjs:171:15)[39m
[31m    at async Pipeline.exec (file:///C:/MY%20LOCAL%20DISC/Slotflow/slotflow-api-gateway/node_modules/.pnpm/@upstash+redis@1.36.1/node_modules/@upstash/redis/chunk-LLI2WIYN.mjs:2528:17)[39m
[31m    at async AutoPipelineExecutor.withAutoPipeline (file:///C:/MY%20LOCAL%20DISC/Slotflow/slotflow-api-gateway/node_modules/.pnpm/@upstash+redis@1.36.1/node_modules/@upstash/redis/chunk-LLI2WIYN.mjs:3443:21)[39m
[31m    at async CacheServiceImpl.getBlockList (C:\MY LOCAL DISC\Slotflow\slotflow-api-gateway\src\services\cache.service.impl.ts:14:20)[39m
[31m    at async blockCheckMiddleware (C:\MY LOCAL DISC\Slotflow\slotflow-api-gateway\src\middleware\blockCheck.middleware.ts:14:30)[39m
[2026-02-17 16:08:52] [[32minfo[39m]: [32m[SLOTFLOW API GATEWAY] running on http://localhost:3000[39m
[2026-02-17 23:25:32] [[32minfo[39m]: [32m[SLOTFLOW API GATEWAY] running on http://localhost:3000[39m
[2026-02-17 23:36:39] [[32minfo[39m]: [32m[GATEWAY PROXY] GET /provider/dashboard/stats → http://localhost:4000/api/provider/dashboard/stats[39m
[2026-02-17 23:36:39] [[32minfo[39m]: [32mexpressReq.user : {"id":"698f28d799b35470f53dd6e2","role":"PROVIDER"}[39m
[2026-02-17 23:37:02] [[32minfo[39m]: [32m[GATEWAY PROXY] POST /auth/signout → http://localhost:4000/api/auth/signout[39m
[2026-02-17 23:37:02] [[32minfo[39m]: [32mexpressReq.user : undefined[39m
[2026-02-17 23:37:19] [[32minfo[39m]: [32m[GATEWAY PROXY] POST /auth/signin → http://localhost:4000/api/auth/signin[39m
[2026-02-17 23:37:19] [[32minfo[39m]: [32mexpressReq.user : undefined[39m
[2026-02-17 23:37:24] [[32minfo[39m]: [32m[GATEWAY PROXY] GET /provider/dashboard/stats → http://localhost:4000/api/provider/dashboard/stats[39m
[2026-02-17 23:37:24] [[32minfo[39m]: [32mexpressReq.user : {"id":"698f28d799b35470f53dd6e2","role":"PROVIDER"}[39m
[2026-02-17 23:37:59] [[32minfo[39m]: [32m[GATEWAY PROXY] GET /provider/subscriptions?page=1&limit=10 → http://localhost:4000/api/provider/subscriptions?page=1&limit=10[39m
[2026-02-17 23:37:59] [[32minfo[39m]: [32mexpressReq.user : {"id":"698f28d799b35470f53dd6e2","role":"PROVIDER"}[39m
[2026-02-17 23:38:10] [[32minfo[39m]: [32m[GATEWAY PROXY] GET /provider/plans → http://localhost:4000/api/provider/plans[39m
[2026-02-17 23:38:10] [[32minfo[39m]: [32mexpressReq.user : {"id":"698f28d799b35470f53dd6e2","role":"PROVIDER"}[39m
[2026-02-17 23:38:18] [[32minfo[39m]: [32m[GATEWAY PROXY] POST /provider/subscriptions/checkout/session → http://localhost:4000/api/provider/subscriptions/checkout/session[39m
[2026-02-17 23:38:18] [[32minfo[39m]: [32mexpressReq.user : {"id":"698f28d799b35470f53dd6e2","role":"PROVIDER"}[39m
[2026-02-17 23:38:44] [[32minfo[39m]: [32m[GATEWAY PROXY] GET /provider/dashboard/stats → http://localhost:4000/api/provider/dashboard/stats[39m
[2026-02-17 23:38:44] [[32minfo[39m]: [32mexpressReq.user : {"id":"698f28d799b35470f53dd6e2","role":"PROVIDER"}[39m
[2026-02-17 23:44:28] [[32minfo[39m]: [32m[GATEWAY PROXY] POST /auth/signout → http://localhost:4000/api/auth/signout[39m
[2026-02-17 23:44:28] [[32minfo[39m]: [32mexpressReq.user : undefined[39m
[2026-02-17 23:44:39] [[32minfo[39m]: [32m[GATEWAY PROXY] POST /auth/signout → http://localhost:4000/api/auth/signout[39m
[2026-02-17 23:44:39] [[32minfo[39m]: [32mexpressReq.user : undefined[39m
[2026-02-17 23:44:47] [[32minfo[39m]: [32m[GATEWAY PROXY] POST /auth/signin → http://localhost:4000/api/auth/signin[39m
[2026-02-17 23:44:47] [[32minfo[39m]: [32mexpressReq.user : undefined[39m
[2026-02-17 23:44:51] [[32minfo[39m]: [32m[GATEWAY PROXY] GET /provider/dashboard/stats → http://localhost:4000/api/provider/dashboard/stats[39m
[2026-02-17 23:44:51] [[32minfo[39m]: [32mexpressReq.user : {"id":"698f28d799b35470f53dd6e2","role":"PROVIDER"}[39m
[2026-02-17 23:45:29] [[32minfo[39m]: [32m[GATEWAY PROXY] GET /provider/subscriptions?page=1&limit=10 → http://localhost:4000/api/provider/subscriptions?page=1&limit=10[39m
[2026-02-17 23:45:29] [[32minfo[39m]: [32mexpressReq.user : {"id":"698f28d799b35470f53dd6e2","role":"PROVIDER"}[39m
[2026-02-17 23:45:34] [[32minfo[39m]: [32m[GATEWAY PROXY] GET /provider/plans → http://localhost:4000/api/provider/plans[39m
[2026-02-17 23:45:34] [[32minfo[39m]: [32mexpressReq.user : {"id":"698f28d799b35470f53dd6e2","role":"PROVIDER"}[39m
[2026-02-18 00:07:17] [[32minfo[39m]: [32m[GATEWAY PROXY] GET /provider/dashboard/stats → http://localhost:4000/api/provider/dashboard/stats[39m
[2026-02-18 00:07:17] [[32minfo[39m]: [32mexpressReq.user : {"id":"698f28d799b35470f53dd6e2","role":"PROVIDER"}[39m
[2026-02-18 00:11:33] [[32minfo[39m]: [32m[GATEWAY PROXY] GET /provider/dashboard/stats → http://localhost:4000/api/provider/dashboard/stats[39m
[2026-02-18 00:11:33] [[32minfo[39m]: [32mexpressReq.user : {"id":"698f28d799b35470f53dd6e2","role":"PROVIDER"}[39m
[2026-02-18 00:32:27] [[32minfo[39m]: [32m[GATEWAY PROXY] GET /provider/dashboard/stats → http://localhost:4000/api/provider/dashboard/stats[39m
[2026-02-18 00:32:27] [[32minfo[39m]: [32mexpressReq.user : {"id":"698f28d799b35470f53dd6e2","role":"PROVIDER"}[39m
[2026-02-18 00:34:02] [[32minfo[39m]: [32m[GATEWAY PROXY] GET /provider/subscriptions?page=1&limit=10 → http://localhost:4000/api/provider/subscriptions?page=1&limit=10[39m
[2026-02-18 00:34:02] [[32minfo[39m]: [32mexpressReq.user : {"id":"698f28d799b35470f53dd6e2","role":"PROVIDER"}[39m
[2026-02-18 00:37:14] [[32minfo[39m]: [32m[GATEWAY PROXY] GET /provider/plans → http://localhost:4000/api/provider/plans[39m
[2026-02-18 00:37:14] [[32minfo[39m]: [32mexpressReq.user : {"id":"698f28d799b35470f53dd6e2","role":"PROVIDER"}[39m
[2026-02-18 00:37:25] [[32minfo[39m]: [32m[GATEWAY PROXY] POST /provider/subscriptions/checkout/session → http://localhost:4000/api/provider/subscriptions/checkout/session[39m
[2026-02-18 00:37:25] [[32minfo[39m]: [32mexpressReq.user : {"id":"698f28d799b35470f53dd6e2","role":"PROVIDER"}[39m
[2026-02-18 00:37:53] [[32minfo[39m]: [32m[GATEWAY PROXY] GET /provider/dashboard/stats → http://localhost:4000/api/provider/dashboard/stats[39m
[2026-02-18 00:37:53] [[32minfo[39m]: [32mexpressReq.user : {"id":"698f28d799b35470f53dd6e2","role":"PROVIDER"}[39m
[2026-02-18 00:44:41] [[32minfo[39m]: [32m[GATEWAY PROXY] GET /provider/subscriptions?page=1&limit=10 → http://localhost:4000/api/provider/subscriptions?page=1&limit=10[39m
[2026-02-18 00:44:41] [[32minfo[39m]: [32mexpressReq.user : {"id":"698f28d799b35470f53dd6e2","role":"PROVIDER"}[39m
[2026-02-18 00:45:18] [[32minfo[39m]: [32m[GATEWAY PROXY] GET /provider/plans → http://localhost:4000/api/provider/plans[39m
[2026-02-18 00:45:18] [[32minfo[39m]: [32mexpressReq.user : {"id":"698f28d799b35470f53dd6e2","role":"PROVIDER"}[39m
[2026-02-18 00:45:28] [[32minfo[39m]: [32m[GATEWAY PROXY] POST /provider/subscriptions/checkout/session → http://localhost:4000/api/provider/subscriptions/checkout/session[39m
[2026-02-18 00:45:28] [[32minfo[39m]: [32mexpressReq.user : {"id":"698f28d799b35470f53dd6e2","role":"PROVIDER"}[39m
[2026-02-18 00:45:55] [[32minfo[39m]: [32m[GATEWAY PROXY] GET /provider/dashboard/stats → http://localhost:4000/api/provider/dashboard/stats[39m
[2026-02-18 00:45:55] [[32minfo[39m]: [32mexpressReq.user : {"id":"698f28d799b35470f53dd6e2","role":"PROVIDER"}[39m
[2026-02-18 00:47:06] [[32minfo[39m]: [32m[GATEWAY PROXY] GET /provider/subscriptions?page=1&limit=10 → http://localhost:4000/api/provider/subscriptions?page=1&limit=10[39m
[2026-02-18 00:47:06] [[32minfo[39m]: [32mexpressReq.user : {"id":"698f28d799b35470f53dd6e2","role":"PROVIDER"}[39m
[2026-02-18 00:47:15] [[32minfo[39m]: [32m[GATEWAY PROXY] GET /provider/subscriptions/6994be51920a9c10ab5ac68f → http://localhost:4000/api/provider/subscriptions/6994be51920a9c10ab5ac68f[39m
[2026-02-18 00:47:15] [[32minfo[39m]: [32mexpressReq.user : {"id":"698f28d799b35470f53dd6e2","role":"PROVIDER"}[39m
[2026-02-18 01:00:07] [[32minfo[39m]: [32m[GATEWAY PROXY] GET /provider/subscriptions/6994be51920a9c10ab5ac68f → http://localhost:4000/api/provider/subscriptions/6994be51920a9c10ab5ac68f[39m
[2026-02-18 01:00:07] [[32minfo[39m]: [32mexpressReq.user : {"id":"698f28d799b35470f53dd6e2","role":"PROVIDER"}[39m
[2026-02-18 01:00:55] [[32minfo[39m]: [32m[GATEWAY PROXY] GET /provider/subscriptions?page=1&limit=10 → http://localhost:4000/api/provider/subscriptions?page=1&limit=10[39m
[2026-02-18 01:00:55] [[32minfo[39m]: [32mexpressReq.user : {"id":"698f28d799b35470f53dd6e2","role":"PROVIDER"}[39m
[2026-02-18 01:00:58] [[32minfo[39m]: [32m[GATEWAY PROXY] GET /provider/plans → http://localhost:4000/api/provider/plans[39m
[2026-02-18 01:00:58] [[32minfo[39m]: [32mexpressReq.user : {"id":"698f28d799b35470f53dd6e2","role":"PROVIDER"}[39m
[2026-02-18 01:01:56] [[32minfo[39m]: [32m[GATEWAY PROXY] POST /provider/subscriptions/checkout/session → http://localhost:4000/api/provider/subscriptions/checkout/session[39m
[2026-02-18 01:01:56] [[32minfo[39m]: [32mexpressReq.user : {"id":"698f28d799b35470f53dd6e2","role":"PROVIDER"}[39m
[2026-02-18 01:02:19] [[32minfo[39m]: [32m[GATEWAY PROXY] GET /provider/dashboard/stats → http://localhost:4000/api/provider/dashboard/stats[39m
[2026-02-18 01:02:19] [[32minfo[39m]: [32mexpressReq.user : {"id":"698f28d799b35470f53dd6e2","role":"PROVIDER"}[39m
[2026-02-18 01:02:29] [[32minfo[39m]: [32m[GATEWAY PROXY] GET /provider/subscriptions?page=1&limit=10 → http://localhost:4000/api/provider/subscriptions?page=1&limit=10[39m
[2026-02-18 01:02:29] [[32minfo[39m]: [32mexpressReq.user : {"id":"698f28d799b35470f53dd6e2","role":"PROVIDER"}[39m
[2026-02-18 01:02:39] [[32minfo[39m]: [32m[GATEWAY PROXY] GET /provider/subscriptions/6994c22d3b95543e0cf76fc2 → http://localhost:4000/api/provider/subscriptions/6994c22d3b95543e0cf76fc2[39m
[2026-02-18 01:02:39] [[32minfo[39m]: [32mexpressReq.user : {"id":"698f28d799b35470f53dd6e2","role":"PROVIDER"}[39m
[2026-02-18 15:18:52] [[32minfo[39m]: [32m[GATEWAY PROXY] GET /provider/subscriptions?page=1&limit=10 → http://localhost:4000/api/provider/subscriptions?page=1&limit=10[39m
[2026-02-18 15:18:52] [[32minfo[39m]: [32mexpressReq.user : {"id":"698f28d799b35470f53dd6e2","role":"PROVIDER"}[39m
[2026-02-18 16:46:19] [[32minfo[39m]: [32m[GATEWAY PROXY] GET /provider/subscriptions?page=1&limit=10 → http://localhost:4000/api/provider/subscriptions?page=1&limit=10[39m
[2026-02-18 16:46:19] [[32minfo[39m]: [32mexpressReq.user : {"id":"698f28d799b35470f53dd6e2","role":"PROVIDER"}[39m
[2026-02-18 16:47:19] [[32minfo[39m]: [32m[GATEWAY PROXY] GET /provider/subscriptions?page=1&limit=10 → http://localhost:4000/api/provider/subscriptions?page=1&limit=10[39m
[2026-02-18 16:47:19] [[32minfo[39m]: [32mexpressReq.user : {"id":"698f28d799b35470f53dd6e2","role":"PROVIDER"}[39m
[2026-02-18 16:53:18] [[32minfo[39m]: [32m[GATEWAY PROXY] GET /provider/subscriptions?page=1&limit=10 → http://localhost:4000/api/provider/subscriptions?page=1&limit=10[39m
[2026-02-18 16:53:18] [[32minfo[39m]: [32mexpressReq.user : {"id":"698f28d799b35470f53dd6e2","role":"PROVIDER"}[39m
[2026-02-18 17:23:43] [[32minfo[39m]: [32m[GATEWAY PROXY] GET /provider/subscriptions?page=1&limit=10 → http://localhost:4000/api/provider/subscriptions?page=1&limit=10[39m
[2026-02-18 17:23:43] [[32minfo[39m]: [32mexpressReq.user : {"id":"698f28d799b35470f53dd6e2","role":"PROVIDER"}[39m
[2026-02-18 17:48:46] [[32minfo[39m]: [32m[GATEWAY PROXY] GET /provider/subscriptions?page=1&limit=10 → http://localhost:4000/api/provider/subscriptions?page=1&limit=10[39m
[2026-02-18 17:48:46] [[32minfo[39m]: [32mexpressReq.user : {"id":"698f28d799b35470f53dd6e2","role":"PROVIDER"}[39m
[2026-02-18 18:16:07] [[32minfo[39m]: [32m[GATEWAY PROXY] GET /provider/subscriptions?page=1&limit=10 → http://localhost:4000/api/provider/subscriptions?page=1&limit=10[39m
[2026-02-18 18:16:07] [[32minfo[39m]: [32mexpressReq.user : {"id":"698f28d799b35470f53dd6e2","role":"PROVIDER"}[39m
[2026-02-18 19:20:05] [[32minfo[39m]: [32m[GATEWAY PROXY] GET /provider/subscriptions?page=1&limit=10 → http://localhost:4000/api/provider/subscriptions?page=1&limit=10[39m
[2026-02-18 19:20:05] [[32minfo[39m]: [32mexpressReq.user : {"id":"698f28d799b35470f53dd6e2","role":"PROVIDER"}[39m
[2026-02-18 19:38:52] [[32minfo[39m]: [32m[GATEWAY PROXY] GET /provider/subscriptions?page=1&limit=10 → http://localhost:4000/api/provider/subscriptions?page=1&limit=10[39m
[2026-02-18 19:38:52] [[32minfo[39m]: [32mexpressReq.user : {"id":"698f28d799b35470f53dd6e2","role":"PROVIDER"}[39m
[2026-02-18 20:40:02] [[32minfo[39m]: [32m[GATEWAY PROXY] GET /provider/subscriptions?page=1&limit=10 → http://localhost:4000/api/provider/subscriptions?page=1&limit=10[39m
[2026-02-18 20:40:02] [[32minfo[39m]: [32mexpressReq.user : {"id":"698f28d799b35470f53dd6e2","role":"PROVIDER"}[39m
[2026-02-18 21:00:41] [[32minfo[39m]: [32m[GATEWAY PROXY] GET /provider/subscriptions?page=1&limit=10 → http://localhost:4000/api/provider/subscriptions?page=1&limit=10[39m
[2026-02-18 21:00:41] [[32minfo[39m]: [32mexpressReq.user : {"id":"698f28d799b35470f53dd6e2","role":"PROVIDER"}[39m
[2026-02-18 22:11:06] [[32minfo[39m]: [32m[GATEWAY PROXY] GET /provider/subscriptions?page=1&limit=10 → http://localhost:4000/api/provider/subscriptions?page=1&limit=10[39m
[2026-02-18 22:11:06] [[32minfo[39m]: [32mexpressReq.user : {"id":"698f28d799b35470f53dd6e2","role":"PROVIDER"}[39m
[2026-02-18 22:53:51] [[32minfo[39m]: [32m[GATEWAY PROXY] GET /provider/subscriptions?page=1&limit=10 → http://localhost:4000/api/provider/subscriptions?page=1&limit=10[39m
[2026-02-18 22:53:51] [[32minfo[39m]: [32mexpressReq.user : {"id":"698f28d799b35470f53dd6e2","role":"PROVIDER"}[39m
[2026-02-18 23:13:13] [[32minfo[39m]: [32m[GATEWAY PROXY] GET /provider/subscriptions?page=1&limit=10 → http://localhost:4000/api/provider/subscriptions?page=1&limit=10[39m
[2026-02-18 23:13:13] [[32minfo[39m]: [32mexpressReq.user : {"id":"698f28d799b35470f53dd6e2","role":"PROVIDER"}[39m
[2026-02-18 23:24:51] [[32minfo[39m]: [32m[GATEWAY PROXY] GET /provider/subscriptions?page=1&limit=10 → http://localhost:4000/api/provider/subscriptions?page=1&limit=10[39m
[2026-02-18 23:24:51] [[32minfo[39m]: [32mexpressReq.user : {"id":"698f28d799b35470f53dd6e2","role":"PROVIDER"}[39m
[2026-02-18 23:27:40] [[32minfo[39m]: [32m[GATEWAY PROXY] GET /provider/subscriptions?page=1&limit=10 → http://localhost:4000/api/provider/subscriptions?page=1&limit=10[39m
[2026-02-18 23:27:40] [[32minfo[39m]: [32mexpressReq.user : {"id":"698f28d799b35470f53dd6e2","role":"PROVIDER"}[39m
[2026-02-18 23:34:00] [[32minfo[39m]: [32m[GATEWAY PROXY] GET /provider/subscriptions?page=1&limit=10 → http://localhost:4000/api/provider/subscriptions?page=1&limit=10[39m
[2026-02-18 23:34:00] [[32minfo[39m]: [32mexpressReq.user : {"id":"698f28d799b35470f53dd6e2","role":"PROVIDER"}[39m
[2026-02-18 23:34:03] [[32minfo[39m]: [32m[GATEWAY PROXY] GET /provider/subscriptions?page=1&limit=10 → http://localhost:4000/api/provider/subscriptions?page=1&limit=10[39m
[2026-02-18 23:34:03] [[32minfo[39m]: [32mexpressReq.user : {"id":"698f28d799b35470f53dd6e2","role":"PROVIDER"}[39m
[2026-02-18 23:34:06] [[32minfo[39m]: [32m[GATEWAY PROXY] GET /provider/subscriptions?page=1&limit=10 → http://localhost:4000/api/provider/subscriptions?page=1&limit=10[39m
[2026-02-18 23:34:06] [[32minfo[39m]: [32mexpressReq.user : {"id":"698f28d799b35470f53dd6e2","role":"PROVIDER"}[39m
[2026-02-18 23:34:09] [[32minfo[39m]: [32m[GATEWAY PROXY] GET /provider/subscriptions?page=1&limit=10 → http://localhost:4000/api/provider/subscriptions?page=1&limit=10[39m
[2026-02-18 23:34:09] [[32minfo[39m]: [32mexpressReq.user : {"id":"698f28d799b35470f53dd6e2","role":"PROVIDER"}[39m
[2026-02-18 23:34:19] [[32minfo[39m]: [32m[GATEWAY PROXY] GET /provider/subscriptions?page=1&limit=10 → http://localhost:4000/api/provider/subscriptions?page=1&limit=10[39m
[2026-02-18 23:34:19] [[32minfo[39m]: [32mexpressReq.user : {"id":"698f28d799b35470f53dd6e2","role":"PROVIDER"}[39m
[2026-02-18 23:34:22] [[32minfo[39m]: [32m[GATEWAY PROXY] GET /provider/subscriptions?page=1&limit=10 → http://localhost:4000/api/provider/subscriptions?page=1&limit=10[39m
[2026-02-18 23:34:22] [[32minfo[39m]: [32mexpressReq.user : {"id":"698f28d799b35470f53dd6e2","role":"PROVIDER"}[39m
[2026-02-18 23:34:22] [[32minfo[39m]: [32m[GATEWAY PROXY] GET /provider/subscriptions?page=1&limit=10 → http://localhost:4000/api/provider/subscriptions?page=1&limit=10[39m
[2026-02-18 23:34:22] [[32minfo[39m]: [32mexpressReq.user : {"id":"698f28d799b35470f53dd6e2","role":"PROVIDER"}[39m
[2026-02-18 23:34:25] [[32minfo[39m]: [32m[GATEWAY PROXY] GET /provider/subscriptions?page=1&limit=10 → http://localhost:4000/api/provider/subscriptions?page=1&limit=10[39m
[2026-02-18 23:34:25] [[32minfo[39m]: [32mexpressReq.user : {"id":"698f28d799b35470f53dd6e2","role":"PROVIDER"}[39m
[2026-02-18 23:34:27] [[32minfo[39m]: [32m[GATEWAY PROXY] GET /provider/subscriptions?page=1&limit=10 → http://localhost:4000/api/provider/subscriptions?page=1&limit=10[39m
[2026-02-18 23:34:27] [[32minfo[39m]: [32mexpressReq.user : {"id":"698f28d799b35470f53dd6e2","role":"PROVIDER"}[39m
[2026-02-18 23:34:34] [[32minfo[39m]: [32m[GATEWAY PROXY] GET /provider/subscriptions?page=1&limit=10 → http://localhost:4000/api/provider/subscriptions?page=1&limit=10[39m
[2026-02-18 23:34:34] [[32minfo[39m]: [32mexpressReq.user : {"id":"698f28d799b35470f53dd6e2","role":"PROVIDER"}[39m
[2026-02-18 23:34:34] [[32minfo[39m]: [32m[GATEWAY PROXY] GET /provider/subscriptions?page=1&limit=10 → http://localhost:4000/api/provider/subscriptions?page=1&limit=10[39m
[2026-02-18 23:34:34] [[32minfo[39m]: [32mexpressReq.user : {"id":"698f28d799b35470f53dd6e2","role":"PROVIDER"}[39m
[2026-02-18 23:34:40] [[32minfo[39m]: [32m[GATEWAY PROXY] GET /provider/subscriptions?page=1&limit=10 → http://localhost:4000/api/provider/subscriptions?page=1&limit=10[39m
[2026-02-18 23:34:40] [[32minfo[39m]: [32mexpressReq.user : {"id":"698f28d799b35470f53dd6e2","role":"PROVIDER"}[39m
[2026-02-18 23:34:41] [[32minfo[39m]: [32m[GATEWAY PROXY] GET /provider/subscriptions?page=1&limit=10 → http://localhost:4000/api/provider/subscriptions?page=1&limit=10[39m
[2026-02-18 23:34:41] [[32minfo[39m]: [32mexpressReq.user : {"id":"698f28d799b35470f53dd6e2","role":"PROVIDER"}[39m
[2026-02-18 23:34:51] [[32minfo[39m]: [32m[GATEWAY PROXY] GET /provider/subscriptions?page=1&limit=10 → http://localhost:4000/api/provider/subscriptions?page=1&limit=10[39m
[2026-02-18 23:34:51] [[32minfo[39m]: [32mexpressReq.user : {"id":"698f28d799b35470f53dd6e2","role":"PROVIDER"}[39m
[2026-02-18 23:35:01] [[32minfo[39m]: [32m[GATEWAY PROXY] GET /provider/subscriptions?page=1&limit=10 → http://localhost:4000/api/provider/subscriptions?page=1&limit=10[39m
[2026-02-18 23:35:01] [[32minfo[39m]: [32mexpressReq.user : {"id":"698f28d799b35470f53dd6e2","role":"PROVIDER"}[39m
[2026-02-18 23:35:02] [[32minfo[39m]: [32m[GATEWAY PROXY] GET /provider/subscriptions?page=1&limit=10 → http://localhost:4000/api/provider/subscriptions?page=1&limit=10[39m
[2026-02-18 23:35:02] [[32minfo[39m]: [32mexpressReq.user : {"id":"698f28d799b35470f53dd6e2","role":"PROVIDER"}[39m
[2026-02-18 23:35:04] [[32minfo[39m]: [32m[GATEWAY PROXY] GET /provider/subscriptions?page=1&limit=10 → http://localhost:4000/api/provider/subscriptions?page=1&limit=10[39m
[2026-02-18 23:35:04] [[32minfo[39m]: [32mexpressReq.user : {"id":"698f28d799b35470f53dd6e2","role":"PROVIDER"}[39m
[2026-02-18 23:35:06] [[32minfo[39m]: [32m[GATEWAY PROXY] GET /provider/subscriptions?page=1&limit=10 → http://localhost:4000/api/provider/subscriptions?page=1&limit=10[39m
[2026-02-18 23:35:06] [[32minfo[39m]: [32mexpressReq.user : {"id":"698f28d799b35470f53dd6e2","role":"PROVIDER"}[39m
[2026-02-18 23:35:10] [[32minfo[39m]: [32m[GATEWAY PROXY] GET /provider/subscriptions?page=1&limit=10 → http://localhost:4000/api/provider/subscriptions?page=1&limit=10[39m
[2026-02-18 23:35:10] [[32minfo[39m]: [32mexpressReq.user : {"id":"698f28d799b35470f53dd6e2","role":"PROVIDER"}[39m
[2026-02-18 23:35:17] [[32minfo[39m]: [32m[GATEWAY PROXY] GET /provider/subscriptions?page=1&limit=10 → http://localhost:4000/api/provider/subscriptions?page=1&limit=10[39m
[2026-02-18 23:35:17] [[32minfo[39m]: [32mexpressReq.user : {"id":"698f28d799b35470f53dd6e2","role":"PROVIDER"}[39m
[2026-02-18 23:35:19] [[32minfo[39m]: [32m[GATEWAY PROXY] GET /provider/subscriptions?page=1&limit=10 → http://localhost:4000/api/provider/subscriptions?page=1&limit=10[39m
[2026-02-18 23:35:19] [[32minfo[39m]: [32mexpressReq.user : {"id":"698f28d799b35470f53dd6e2","role":"PROVIDER"}[39m
[2026-02-18 23:35:21] [[32minfo[39m]: [32m[GATEWAY PROXY] GET /provider/subscriptions?page=1&limit=10 → http://localhost:4000/api/provider/subscriptions?page=1&limit=10[39m
[2026-02-18 23:35:21] [[32minfo[39m]: [32mexpressReq.user : {"id":"698f28d799b35470f53dd6e2","role":"PROVIDER"}[39m
[2026-02-18 23:40:45] [[32minfo[39m]: [32m[GATEWAY PROXY] GET /provider/subscriptions?page=1&limit=10 → http://localhost:4000/api/provider/subscriptions?page=1&limit=10[39m
[2026-02-18 23:40:45] [[32minfo[39m]: [32mexpressReq.user : {"id":"698f28d799b35470f53dd6e2","role":"PROVIDER"}[39m
[2026-02-18 23:41:16] [[32minfo[39m]: [32m[GATEWAY PROXY] GET /provider/subscriptions?page=1&limit=10 → http://localhost:4000/api/provider/subscriptions?page=1&limit=10[39m
[2026-02-18 23:41:16] [[32minfo[39m]: [32mexpressReq.user : {"id":"698f28d799b35470f53dd6e2","role":"PROVIDER"}[39m
[2026-02-18 23:41:49] [[32minfo[39m]: [32m[GATEWAY PROXY] GET /provider/subscriptions?page=1&limit=10 → http://localhost:4000/api/provider/subscriptions?page=1&limit=10[39m
[2026-02-18 23:41:49] [[32minfo[39m]: [32mexpressReq.user : {"id":"698f28d799b35470f53dd6e2","role":"PROVIDER"}[39m
[2026-02-18 23:41:53] [[32minfo[39m]: [32m[GATEWAY PROXY] GET /provider/subscriptions?page=1&limit=10 → http://localhost:4000/api/provider/subscriptions?page=1&limit=10[39m
[2026-02-18 23:41:53] [[32minfo[39m]: [32mexpressReq.user : {"id":"698f28d799b35470f53dd6e2","role":"PROVIDER"}[39m
[2026-02-18 23:41:58] [[32minfo[39m]: [32m[GATEWAY PROXY] GET /provider/subscriptions?page=1&limit=10 → http://localhost:4000/api/provider/subscriptions?page=1&limit=10[39m
[2026-02-18 23:41:58] [[32minfo[39m]: [32mexpressReq.user : {"id":"698f28d799b35470f53dd6e2","role":"PROVIDER"}[39m
[2026-02-18 23:41:59] [[32minfo[39m]: [32m[GATEWAY PROXY] GET /provider/subscriptions?page=1&limit=10 → http://localhost:4000/api/provider/subscriptions?page=1&limit=10[39m
[2026-02-18 23:41:59] [[32minfo[39m]: [32mexpressReq.user : {"id":"698f28d799b35470f53dd6e2","role":"PROVIDER"}[39m
[2026-02-18 23:42:00] [[32minfo[39m]: [32m[GATEWAY PROXY] GET /provider/subscriptions?page=1&limit=10 → http://localhost:4000/api/provider/subscriptions?page=1&limit=10[39m
[2026-02-18 23:42:00] [[32minfo[39m]: [32mexpressReq.user : {"id":"698f28d799b35470f53dd6e2","role":"PROVIDER"}[39m
[2026-02-18 23:42:01] [[32minfo[39m]: [32m[GATEWAY PROXY] GET /provider/subscriptions?page=1&limit=10 → http://localhost:4000/api/provider/subscriptions?page=1&limit=10[39m
[2026-02-18 23:42:01] [[32minfo[39m]: [32mexpressReq.user : {"id":"698f28d799b35470f53dd6e2","role":"PROVIDER"}[39m
[2026-02-18 23:55:31] [[32minfo[39m]: [32m[GATEWAY PROXY] GET /provider/subscriptions?page=1&limit=10 → http://localhost:4000/api/provider/subscriptions?page=1&limit=10[39m
[2026-02-18 23:55:31] [[32minfo[39m]: [32mexpressReq.user : {"id":"698f28d799b35470f53dd6e2","role":"PROVIDER"}[39m
[2026-02-18 23:55:34] [[32minfo[39m]: [32m[GATEWAY PROXY] GET /provider/subscriptions?page=1&limit=10 → http://localhost:4000/api/provider/subscriptions?page=1&limit=10[39m
[2026-02-18 23:55:34] [[32minfo[39m]: [32mexpressReq.user : {"id":"698f28d799b35470f53dd6e2","role":"PROVIDER"}[39m
[2026-02-18 23:57:49] [[32minfo[39m]: [32m[GATEWAY PROXY] GET /provider/subscriptions?page=1&limit=10 → http://localhost:4000/api/provider/subscriptions?page=1&limit=10[39m
[2026-02-18 23:57:49] [[32minfo[39m]: [32mexpressReq.user : {"id":"698f28d799b35470f53dd6e2","role":"PROVIDER"}[39m
[2026-02-18 23:57:52] [[32minfo[39m]: [32m[GATEWAY PROXY] GET /provider/subscriptions?page=1&limit=10 → http://localhost:4000/api/provider/subscriptions?page=1&limit=10[39m
[2026-02-18 23:57:52] [[32minfo[39m]: [32mexpressReq.user : {"id":"698f28d799b35470f53dd6e2","role":"PROVIDER"}[39m
[2026-02-18 23:57:59] [[32minfo[39m]: [32m[GATEWAY PROXY] GET /provider/subscriptions?page=1&limit=10 → http://localhost:4000/api/provider/subscriptions?page=1&limit=10[39m
[2026-02-18 23:57:59] [[32minfo[39m]: [32mexpressReq.user : {"id":"698f28d799b35470f53dd6e2","role":"PROVIDER"}[39m
[2026-02-18 23:58:04] [[32minfo[39m]: [32m[GATEWAY PROXY] GET /provider/subscriptions?page=1&limit=10 → http://localhost:4000/api/provider/subscriptions?page=1&limit=10[39m
[2026-02-18 23:58:04] [[32minfo[39m]: [32mexpressReq.user : {"id":"698f28d799b35470f53dd6e2","role":"PROVIDER"}[39m
[2026-02-18 23:58:14] [[32minfo[39m]: [32m[GATEWAY PROXY] GET /provider/subscriptions?page=1&limit=10 → http://localhost:4000/api/provider/subscriptions?page=1&limit=10[39m
[2026-02-18 23:58:14] [[32minfo[39m]: [32mexpressReq.user : {"id":"698f28d799b35470f53dd6e2","role":"PROVIDER"}[39m
[2026-02-18 23:58:39] [[32minfo[39m]: [32m[GATEWAY PROXY] GET /provider/subscriptions?page=1&limit=10 → http://localhost:4000/api/provider/subscriptions?page=1&limit=10[39m
[2026-02-18 23:58:39] [[32minfo[39m]: [32mexpressReq.user : {"id":"698f28d799b35470f53dd6e2","role":"PROVIDER"}[39m
[2026-02-18 23:58:57] [[32minfo[39m]: [32m[GATEWAY PROXY] GET /provider/subscriptions?page=1&limit=10 → http://localhost:4000/api/provider/subscriptions?page=1&limit=10[39m
[2026-02-18 23:58:57] [[32minfo[39m]: [32mexpressReq.user : {"id":"698f28d799b35470f53dd6e2","role":"PROVIDER"}[39m
[2026-02-18 23:59:23] [[32minfo[39m]: [32m[GATEWAY PROXY] GET /provider/subscriptions?page=1&limit=10 → http://localhost:4000/api/provider/subscriptions?page=1&limit=10[39m
[2026-02-18 23:59:23] [[32minfo[39m]: [32mexpressReq.user : {"id":"698f28d799b35470f53dd6e2","role":"PROVIDER"}[39m
[2026-02-18 23:59:25] [[32minfo[39m]: [32m[GATEWAY PROXY] GET /provider/subscriptions?page=1&limit=10 → http://localhost:4000/api/provider/subscriptions?page=1&limit=10[39m
[2026-02-18 23:59:25] [[32minfo[39m]: [32mexpressReq.user : {"id":"698f28d799b35470f53dd6e2","role":"PROVIDER"}[39m
[2026-02-19 00:05:08] [[32minfo[39m]: [32m[GATEWAY PROXY] GET /provider/subscriptions?page=1&limit=10 → http://localhost:4000/api/provider/subscriptions?page=1&limit=10[39m
[2026-02-19 00:05:08] [[32minfo[39m]: [32mexpressReq.user : {"id":"698f28d799b35470f53dd6e2","role":"PROVIDER"}[39m
[2026-02-19 00:06:05] [[32minfo[39m]: [32m[GATEWAY PROXY] GET /provider/subscriptions?page=1&limit=10 → http://localhost:4000/api/provider/subscriptions?page=1&limit=10[39m
[2026-02-19 00:06:05] [[32minfo[39m]: [32mexpressReq.user : {"id":"698f28d799b35470f53dd6e2","role":"PROVIDER"}[39m
[2026-02-19 00:07:06] [[32minfo[39m]: [32m[GATEWAY PROXY] GET /provider/subscriptions?page=1&limit=10 → http://localhost:4000/api/provider/subscriptions?page=1&limit=10[39m
[2026-02-19 00:07:06] [[32minfo[39m]: [32mexpressReq.user : {"id":"698f28d799b35470f53dd6e2","role":"PROVIDER"}[39m
[2026-02-19 00:13:50] [[32minfo[39m]: [32m[GATEWAY PROXY] GET /provider/subscriptions?page=1&limit=10 → http://localhost:4000/api/provider/subscriptions?page=1&limit=10[39m
[2026-02-19 00:13:50] [[32minfo[39m]: [32mexpressReq.user : {"id":"698f28d799b35470f53dd6e2","role":"PROVIDER"}[39m
[2026-02-19 00:28:52] [[32minfo[39m]: [32m[GATEWAY PROXY] GET /provider/subscriptions?page=1&limit=10 → http://localhost:4000/api/provider/subscriptions?page=1&limit=10[39m
[2026-02-19 00:28:52] [[32minfo[39m]: [32mexpressReq.user : {"id":"698f28d799b35470f53dd6e2","role":"PROVIDER"}[39m
[2026-02-19 00:51:28] [[32minfo[39m]: [32m[GATEWAY PROXY] GET /provider/subscriptions?page=1&limit=10 → http://localhost:4000/api/provider/subscriptions?page=1&limit=10[39m
[2026-02-19 00:51:28] [[32minfo[39m]: [32mexpressReq.user : {"id":"698f28d799b35470f53dd6e2","role":"PROVIDER"}[39m
[2026-02-19 00:52:01] [[32minfo[39m]: [32m[GATEWAY PROXY] GET /provider/subscriptions?page=1&limit=10 → http://localhost:4000/api/provider/subscriptions?page=1&limit=10[39m
[2026-02-19 00:52:01] [[32minfo[39m]: [32mexpressReq.user : {"id":"698f28d799b35470f53dd6e2","role":"PROVIDER"}[39m
[2026-02-19 01:00:13] [[32minfo[39m]: [32m[GATEWAY PROXY] GET /provider/subscriptions?page=1&limit=10 → http://localhost:4000/api/provider/subscriptions?page=1&limit=10[39m
[2026-02-19 01:00:13] [[32minfo[39m]: [32mexpressReq.user : {"id":"698f28d799b35470f53dd6e2","role":"PROVIDER"}[39m
[2026-02-19 01:29:32] [[32minfo[39m]: [32m[GATEWAY PROXY] GET /provider/subscriptions?page=1&limit=10 → http://localhost:4000/api/provider/subscriptions?page=1&limit=10[39m
[2026-02-19 01:29:32] [[32minfo[39m]: [32mexpressReq.user : {"id":"698f28d799b35470f53dd6e2","role":"PROVIDER"}[39m
[2026-02-19 02:23:17] [[32minfo[39m]: [32m[GATEWAY PROXY] GET /provider/subscriptions?page=1&limit=10 → http://localhost:4000/api/provider/subscriptions?page=1&limit=10[39m
[2026-02-19 02:23:17] [[32minfo[39m]: [32mexpressReq.user : {"id":"698f28d799b35470f53dd6e2","role":"PROVIDER"}[39m
[2026-02-19 02:23:29] [[32minfo[39m]: [32m[GATEWAY PROXY] GET /provider/subscriptions?page=1&limit=10 → http://localhost:4000/api/provider/subscriptions?page=1&limit=10[39m
[2026-02-19 02:23:29] [[32minfo[39m]: [32mexpressReq.user : {"id":"698f28d799b35470f53dd6e2","role":"PROVIDER"}[39m
[2026-02-19 02:23:57] [[32minfo[39m]: [32m[GATEWAY PROXY] GET /provider/subscriptions?page=1&limit=10 → http://localhost:4000/api/provider/subscriptions?page=1&limit=10[39m
[2026-02-19 02:23:57] [[32minfo[39m]: [32mexpressReq.user : {"id":"698f28d799b35470f53dd6e2","role":"PROVIDER"}[39m
[2026-02-19 02:24:20] [[32minfo[39m]: [32m[GATEWAY PROXY] GET /provider/subscriptions?page=1&limit=10 → http://localhost:4000/api/provider/subscriptions?page=1&limit=10[39m
[2026-02-19 02:24:20] [[32minfo[39m]: [32mexpressReq.user : {"id":"698f28d799b35470f53dd6e2","role":"PROVIDER"}[39m
[2026-02-19 02:25:09] [[32minfo[39m]: [32m[GATEWAY PROXY] GET /provider/subscriptions?page=1&limit=10 → http://localhost:4000/api/provider/subscriptions?page=1&limit=10[39m
[2026-02-19 02:25:09] [[32minfo[39m]: [32mexpressReq.user : {"id":"698f28d799b35470f53dd6e2","role":"PROVIDER"}[39m
[2026-02-19 02:27:04] [[32minfo[39m]: [32m[GATEWAY PROXY] GET /provider/subscriptions?page=1&limit=10 → http://localhost:4000/api/provider/subscriptions?page=1&limit=10[39m
[2026-02-19 02:27:04] [[32minfo[39m]: [32mexpressReq.user : {"id":"698f28d799b35470f53dd6e2","role":"PROVIDER"}[39m
[2026-02-19 02:27:16] [[32minfo[39m]: [32m[GATEWAY PROXY] GET /provider/subscriptions?page=1&limit=10 → http://localhost:4000/api/provider/subscriptions?page=1&limit=10[39m
[2026-02-19 02:27:16] [[32minfo[39m]: [32mexpressReq.user : {"id":"698f28d799b35470f53dd6e2","role":"PROVIDER"}[39m
[2026-02-19 02:27:25] [[32minfo[39m]: [32m[GATEWAY PROXY] GET /provider/subscriptions?page=1&limit=10 → http://localhost:4000/api/provider/subscriptions?page=1&limit=10[39m
[2026-02-19 02:27:25] [[32minfo[39m]: [32mexpressReq.user : {"id":"698f28d799b35470f53dd6e2","role":"PROVIDER"}[39m
[2026-02-19 02:27:26] [[32minfo[39m]: [32m[GATEWAY PROXY] GET /provider/subscriptions?page=1&limit=10 → http://localhost:4000/api/provider/subscriptions?page=1&limit=10[39m
[2026-02-19 02:27:26] [[32minfo[39m]: [32mexpressReq.user : {"id":"698f28d799b35470f53dd6e2","role":"PROVIDER"}[39m
[2026-02-19 02:27:41] [[32minfo[39m]: [32m[GATEWAY PROXY] GET /provider/subscriptions?page=1&limit=10 → http://localhost:4000/api/provider/subscriptions?page=1&limit=10[39m
[2026-02-19 02:27:41] [[32minfo[39m]: [32mexpressReq.user : {"id":"698f28d799b35470f53dd6e2","role":"PROVIDER"}[39m
[2026-02-19 02:27:44] [[32minfo[39m]: [32m[GATEWAY PROXY] GET /provider/subscriptions?page=1&limit=10 → http://localhost:4000/api/provider/subscriptions?page=1&limit=10[39m
[2026-02-19 02:27:44] [[32minfo[39m]: [32mexpressReq.user : {"id":"698f28d799b35470f53dd6e2","role":"PROVIDER"}[39m
[2026-02-19 02:27:51] [[32minfo[39m]: [32m[GATEWAY PROXY] GET /provider/subscriptions?page=1&limit=10 → http://localhost:4000/api/provider/subscriptions?page=1&limit=10[39m
[2026-02-19 02:27:51] [[32minfo[39m]: [32mexpressReq.user : {"id":"698f28d799b35470f53dd6e2","role":"PROVIDER"}[39m
[2026-02-19 02:27:54] [[32minfo[39m]: [32m[GATEWAY PROXY] GET /provider/subscriptions?page=1&limit=10 → http://localhost:4000/api/provider/subscriptions?page=1&limit=10[39m
[2026-02-19 02:27:54] [[32minfo[39m]: [32mexpressReq.user : {"id":"698f28d799b35470f53dd6e2","role":"PROVIDER"}[39m
[2026-02-19 02:27:59] [[32minfo[39m]: [32m[GATEWAY PROXY] GET /provider/subscriptions?page=1&limit=10 → http://localhost:4000/api/provider/subscriptions?page=1&limit=10[39m
[2026-02-19 02:27:59] [[32minfo[39m]: [32mexpressReq.user : {"id":"698f28d799b35470f53dd6e2","role":"PROVIDER"}[39m
[2026-02-19 02:28:07] [[32minfo[39m]: [32m[GATEWAY PROXY] GET /provider/subscriptions?page=1&limit=10 → http://localhost:4000/api/provider/subscriptions?page=1&limit=10[39m
[2026-02-19 02:28:07] [[32minfo[39m]: [32mexpressReq.user : {"id":"698f28d799b35470f53dd6e2","role":"PROVIDER"}[39m
[2026-02-19 02:28:16] [[32minfo[39m]: [32m[GATEWAY PROXY] GET /provider/subscriptions?page=1&limit=10 → http://localhost:4000/api/provider/subscriptions?page=1&limit=10[39m
[2026-02-19 02:28:16] [[32minfo[39m]: [32mexpressReq.user : {"id":"698f28d799b35470f53dd6e2","role":"PROVIDER"}[39m
[2026-02-19 02:28:21] [[32minfo[39m]: [32m[GATEWAY PROXY] GET /provider/subscriptions?page=1&limit=10 → http://localhost:4000/api/provider/subscriptions?page=1&limit=10[39m
[2026-02-19 02:28:21] [[32minfo[39m]: [32mexpressReq.user : {"id":"698f28d799b35470f53dd6e2","role":"PROVIDER"}[39m
[2026-02-19 02:28:23] [[32minfo[39m]: [32m[GATEWAY PROXY] GET /provider/subscriptions?page=1&limit=10 → http://localhost:4000/api/provider/subscriptions?page=1&limit=10[39m
[2026-02-19 02:28:23] [[32minfo[39m]: [32mexpressReq.user : {"id":"698f28d799b35470f53dd6e2","role":"PROVIDER"}[39m
[2026-02-19 02:28:25] [[32minfo[39m]: [32m[GATEWAY PROXY] GET /provider/subscriptions?page=1&limit=10 → http://localhost:4000/api/provider/subscriptions?page=1&limit=10[39m
[2026-02-19 02:28:25] [[32minfo[39m]: [32mexpressReq.user : {"id":"698f28d799b35470f53dd6e2","role":"PROVIDER"}[39m
[2026-02-19 02:28:30] [[32minfo[39m]: [32m[GATEWAY PROXY] GET /provider/subscriptions?page=1&limit=10 → http://localhost:4000/api/provider/subscriptions?page=1&limit=10[39m
[2026-02-19 02:28:30] [[32minfo[39m]: [32mexpressReq.user : {"id":"698f28d799b35470f53dd6e2","role":"PROVIDER"}[39m
[2026-02-19 02:28:33] [[32minfo[39m]: [32m[GATEWAY PROXY] GET /provider/subscriptions?page=1&limit=10 → http://localhost:4000/api/provider/subscriptions?page=1&limit=10[39m
[2026-02-19 02:28:33] [[32minfo[39m]: [32mexpressReq.user : {"id":"698f28d799b35470f53dd6e2","role":"PROVIDER"}[39m
[2026-02-19 02:28:45] [[32minfo[39m]: [32m[GATEWAY PROXY] GET /provider/subscriptions?page=1&limit=10 → http://localhost:4000/api/provider/subscriptions?page=1&limit=10[39m
[2026-02-19 02:28:45] [[32minfo[39m]: [32mexpressReq.user : {"id":"698f28d799b35470f53dd6e2","role":"PROVIDER"}[39m
[2026-02-19 02:28:50] [[32minfo[39m]: [32m[GATEWAY PROXY] GET /provider/subscriptions?page=1&limit=10 → http://localhost:4000/api/provider/subscriptions?page=1&limit=10[39m
[2026-02-19 02:28:50] [[32minfo[39m]: [32mexpressReq.user : {"id":"698f28d799b35470f53dd6e2","role":"PROVIDER"}[39m
[2026-02-19 02:28:55] [[32minfo[39m]: [32m[GATEWAY PROXY] GET /provider/subscriptions?page=1&limit=10 → http://localhost:4000/api/provider/subscriptions?page=1&limit=10[39m
[2026-02-19 02:28:55] [[32minfo[39m]: [32mexpressReq.user : {"id":"698f28d799b35470f53dd6e2","role":"PROVIDER"}[39m
[2026-02-19 02:29:01] [[32minfo[39m]: [32m[GATEWAY PROXY] GET /provider/subscriptions?page=1&limit=10 → http://localhost:4000/api/provider/subscriptions?page=1&limit=10[39m
[2026-02-19 02:29:01] [[32minfo[39m]: [32mexpressReq.user : {"id":"698f28d799b35470f53dd6e2","role":"PROVIDER"}[39m
[2026-02-19 02:29:06] [[32minfo[39m]: [32m[GATEWAY PROXY] GET /provider/subscriptions?page=1&limit=10 → http://localhost:4000/api/provider/subscriptions?page=1&limit=10[39m
[2026-02-19 02:29:06] [[32minfo[39m]: [32mexpressReq.user : {"id":"698f28d799b35470f53dd6e2","role":"PROVIDER"}[39m
[2026-02-19 02:29:11] [[32minfo[39m]: [32m[GATEWAY PROXY] GET /provider/subscriptions?page=1&limit=10 → http://localhost:4000/api/provider/subscriptions?page=1&limit=10[39m
[2026-02-19 02:29:11] [[32minfo[39m]: [32mexpressReq.user : {"id":"698f28d799b35470f53dd6e2","role":"PROVIDER"}[39m
[2026-02-19 02:29:51] [[32minfo[39m]: [32m[GATEWAY PROXY] GET /provider/subscriptions?page=1&limit=10 → http://localhost:4000/api/provider/subscriptions?page=1&limit=10[39m
[2026-02-19 02:29:51] [[32minfo[39m]: [32mexpressReq.user : {"id":"698f28d799b35470f53dd6e2","role":"PROVIDER"}[39m
[2026-02-19 02:29:56] [[32minfo[39m]: [32m[GATEWAY PROXY] GET /provider/subscriptions?page=1&limit=10 → http://localhost:4000/api/provider/subscriptions?page=1&limit=10[39m
[2026-02-19 02:29:56] [[32minfo[39m]: [32mexpressReq.user : {"id":"698f28d799b35470f53dd6e2","role":"PROVIDER"}[39m
[2026-02-19 02:30:52] [[32minfo[39m]: [32m[GATEWAY PROXY] GET /provider/subscriptions?page=1&limit=10 → http://localhost:4000/api/provider/subscriptions?page=1&limit=10[39m
[2026-02-19 02:30:52] [[32minfo[39m]: [32mexpressReq.user : {"id":"698f28d799b35470f53dd6e2","role":"PROVIDER"}[39m
[2026-02-19 02:31:20] [[32minfo[39m]: [32m[GATEWAY PROXY] GET /provider/subscriptions?page=1&limit=10 → http://localhost:4000/api/provider/subscriptions?page=1&limit=10[39m
[2026-02-19 02:31:20] [[32minfo[39m]: [32mexpressReq.user : {"id":"698f28d799b35470f53dd6e2","role":"PROVIDER"}[39m
[2026-02-19 02:31:24] [[32minfo[39m]: [32m[GATEWAY PROXY] GET /provider/subscriptions?page=1&limit=10 → http://localhost:4000/api/provider/subscriptions?page=1&limit=10[39m
[2026-02-19 02:31:24] [[32minfo[39m]: [32mexpressReq.user : {"id":"698f28d799b35470f53dd6e2","role":"PROVIDER"}[39m
[2026-02-19 02:31:28] [[32minfo[39m]: [32m[GATEWAY PROXY] GET /provider/subscriptions?page=1&limit=10 → http://localhost:4000/api/provider/subscriptions?page=1&limit=10[39m
[2026-02-19 02:31:28] [[32minfo[39m]: [32mexpressReq.user : {"id":"698f28d799b35470f53dd6e2","role":"PROVIDER"}[39m
[2026-02-19 02:31:34] [[32minfo[39m]: [32m[GATEWAY PROXY] GET /provider/subscriptions?page=1&limit=10 → http://localhost:4000/api/provider/subscriptions?page=1&limit=10[39m
[2026-02-19 02:31:34] [[32minfo[39m]: [32mexpressReq.user : {"id":"698f28d799b35470f53dd6e2","role":"PROVIDER"}[39m
[2026-02-19 20:15:40] [[32minfo[39m]: [32m[SLOTFLOW API GATEWAY] running on http://localhost:3000[39m
[2026-02-19 20:15:44] [[32minfo[39m]: [32m[SLOTFLOW API GATEWAY] running on http://localhost:3000[39m
[2026-02-19 20:15:52] [[32minfo[39m]: [32m[SLOTFLOW API GATEWAY] running on http://localhost:3000[39m
[2026-02-19 20:17:44] [[32minfo[39m]: [32m[SLOTFLOW API GATEWAY] running on http://localhost:3000[39m
[2026-02-19 20:19:26] [[32minfo[39m]: [32m[GATEWAY PROXY] GET /provider/subscriptions?page=1&limit=10 → http://localhost:4000/api/provider/subscriptions?page=1&limit=10[39m
[2026-02-19 20:19:26] [[32minfo[39m]: [32mexpressReq.user : {"id":"698f28d799b35470f53dd6e2","role":"PROVIDER"}[39m
[2026-02-19 20:19:34] [[32minfo[39m]: [32m[GATEWAY PROXY] GET /provider/subscriptions?page=1&limit=10 → http://localhost:4000/api/provider/subscriptions?page=1&limit=10[39m
[2026-02-19 20:19:34] [[32minfo[39m]: [32mexpressReq.user : {"id":"698f28d799b35470f53dd6e2","role":"PROVIDER"}[39m
[2026-02-19 20:19:35] [[32minfo[39m]: [32m[GATEWAY PROXY] GET /provider/subscriptions?page=1&limit=10 → http://localhost:4000/api/provider/subscriptions?page=1&limit=10[39m
[2026-02-19 20:19:35] [[32minfo[39m]: [32mexpressReq.user : {"id":"698f28d799b35470f53dd6e2","role":"PROVIDER"}[39m
[2026-02-19 20:19:37] [[32minfo[39m]: [32m[GATEWAY PROXY] GET /provider/subscriptions?page=1&limit=10 → http://localhost:4000/api/provider/subscriptions?page=1&limit=10[39m
[2026-02-19 20:19:37] [[32minfo[39m]: [32mexpressReq.user : {"id":"698f28d799b35470f53dd6e2","role":"PROVIDER"}[39m
[2026-02-19 20:19:41] [[32minfo[39m]: [32m[GATEWAY PROXY] GET /provider/subscriptions?page=1&limit=10 → http://localhost:4000/api/provider/subscriptions?page=1&limit=10[39m
[2026-02-19 20:19:41] [[32minfo[39m]: [32mexpressReq.user : {"id":"698f28d799b35470f53dd6e2","role":"PROVIDER"}[39m
[2026-02-19 20:19:49] [[32minfo[39m]: [32m[GATEWAY PROXY] GET /provider/dashboard/stats → http://localhost:4000/api/provider/dashboard/stats[39m
[2026-02-19 20:19:49] [[32minfo[39m]: [32mexpressReq.user : {"id":"698f28d799b35470f53dd6e2","role":"PROVIDER"}[39m
[2026-02-19 20:19:50] [[32minfo[39m]: [32m[GATEWAY PROXY] GET /provider/dashboard/stats → http://localhost:4000/api/provider/dashboard/stats[39m
[2026-02-19 20:19:50] [[32minfo[39m]: [32mexpressReq.user : {"id":"698f28d799b35470f53dd6e2","role":"PROVIDER"}[39m
[2026-02-19 20:19:52] [[32minfo[39m]: [32m[GATEWAY PROXY] GET /provider/dashboard/stats → http://localhost:4000/api/provider/dashboard/stats[39m
[2026-02-19 20:19:52] [[32minfo[39m]: [32mexpressReq.user : {"id":"698f28d799b35470f53dd6e2","role":"PROVIDER"}[39m
[2026-02-19 20:19:56] [[32minfo[39m]: [32m[GATEWAY PROXY] GET /provider/dashboard/stats → http://localhost:4000/api/provider/dashboard/stats[39m
[2026-02-19 20:19:56] [[32minfo[39m]: [32mexpressReq.user : {"id":"698f28d799b35470f53dd6e2","role":"PROVIDER"}[39m
[2026-02-19 20:53:19] [[32minfo[39m]: [32m[GATEWAY PROXY] GET /provider/dashboard/stats → http://localhost:4000/api/provider/dashboard/stats[39m
[2026-02-19 20:53:19] [[32minfo[39m]: [32mexpressReq.user : {"id":"698f28d799b35470f53dd6e2","role":"PROVIDER"}[39m
[2026-02-19 22:11:29] [[32minfo[39m]: [32m[GATEWAY PROXY] GET /provider/dashboard/stats → http://localhost:4000/api/provider/dashboard/stats[39m
[2026-02-19 22:11:29] [[32minfo[39m]: [32mexpressReq.user : {"id":"698f28d799b35470f53dd6e2","role":"PROVIDER"}[39m
[2026-02-19 22:30:20] [[32minfo[39m]: [32m[GATEWAY PROXY] GET /provider/dashboard/stats → http://localhost:4000/api/provider/dashboard/stats[39m
[2026-02-19 22:30:20] [[32minfo[39m]: [32mexpressReq.user : {"id":"698f28d799b35470f53dd6e2","role":"PROVIDER"}[39m
[2026-02-19 22:46:35] [[32minfo[39m]: [32m[SLOTFLOW API GATEWAY] running on http://localhost:3000[39m
[2026-02-19 22:59:11] [[32minfo[39m]: [32m[SLOTFLOW API GATEWAY] running on http://localhost:3000[39m
[2026-02-19 23:05:03] [[32minfo[39m]: [32m[GATEWAY PROXY] GET /provider/dashboard/stats → http://localhost:4000/api/provider/dashboard/stats[39m
[2026-02-19 23:05:03] [[32minfo[39m]: [32mexpressReq.user : {"id":"698f28d799b35470f53dd6e2","role":"PROVIDER"}[39m
[2026-02-19 23:05:06] [[32minfo[39m]: [32m[GATEWAY PROXY] GET /provider/dashboard/stats → http://localhost:4000/api/provider/dashboard/stats[39m
[2026-02-19 23:05:06] [[32minfo[39m]: [32mexpressReq.user : {"id":"698f28d799b35470f53dd6e2","role":"PROVIDER"}[39m
[2026-02-19 23:05:07] [[32minfo[39m]: [32m[GATEWAY PROXY] POST /auth/signout → http://localhost:4000/api/auth/signout[39m
[2026-02-19 23:05:07] [[32minfo[39m]: [32mexpressReq.user : undefined[39m
[2026-02-19 23:05:10] [[32minfo[39m]: [32m[GATEWAY PROXY] GET /provider/dashboard/stats → http://localhost:4000/api/provider/dashboard/stats[39m
[2026-02-19 23:05:10] [[32minfo[39m]: [32mexpressReq.user : {"id":"698f28d799b35470f53dd6e2","role":"PROVIDER"}[39m
[2026-02-19 23:06:00] [[32minfo[39m]: [32m[GATEWAY PROXY] POST /auth/signout → http://localhost:4000/api/auth/signout[39m
[2026-02-19 23:06:00] [[32minfo[39m]: [32mexpressReq.user : undefined[39m
[2026-02-19 23:06:20] [[32minfo[39m]: [32m[GATEWAY PROXY] POST /auth/signin → http://localhost:4000/api/auth/signin[39m
[2026-02-19 23:06:20] [[32minfo[39m]: [32mexpressReq.user : undefined[39m
[2026-02-19 23:07:04] [[32minfo[39m]: [32m[GATEWAY PROXY] GET /provider/dashboard/stats → http://localhost:4000/api/provider/dashboard/stats[39m
[2026-02-19 23:07:04] [[32minfo[39m]: [32mexpressReq.user : {"id":"698f28d799b35470f53dd6e2","role":"PROVIDER"}[39m
[2026-02-19 23:07:10] [[32minfo[39m]: [32m[GATEWAY PROXY] GET /provider/ → http://localhost:4000/api/provider/[39m
[2026-02-19 23:07:10] [[32minfo[39m]: [32mexpressReq.user : {"id":"698f28d799b35470f53dd6e2","role":"PROVIDER"}[39m
[2026-02-19 23:07:15] [[32minfo[39m]: [32m[GATEWAY PROXY] GET /provider/bookings/?page=1&limit=10 → http://localhost:4000/api/provider/bookings/?page=1&limit=10[39m
[2026-02-19 23:07:15] [[32minfo[39m]: [32mexpressReq.user : {"id":"698f28d799b35470f53dd6e2","role":"PROVIDER"}[39m
[2026-02-19 23:07:18] [[32minfo[39m]: [32m[GATEWAY PROXY] GET /provider/subscriptions?page=1&limit=10 → http://localhost:4000/api/provider/subscriptions?page=1&limit=10[39m
[2026-02-19 23:07:18] [[32minfo[39m]: [32mexpressReq.user : {"id":"698f28d799b35470f53dd6e2","role":"PROVIDER"}[39m
[2026-02-19 23:09:29] [[32minfo[39m]: [32m[GATEWAY PROXY] POST /auth/signout → http://localhost:4000/api/auth/signout[39m
[2026-02-19 23:09:29] [[32minfo[39m]: [32mexpressReq.user : undefined[39m
[2026-02-19 23:09:36] [[32minfo[39m]: [32m[GATEWAY PROXY] POST /auth/signin → http://localhost:4000/api/auth/signin[39m
[2026-02-19 23:09:36] [[32minfo[39m]: [32mexpressReq.user : undefined[39m
[2026-02-19 23:09:40] [[32minfo[39m]: [32m[GATEWAY PROXY] GET /provider/dashboard/stats → http://localhost:4000/api/provider/dashboard/stats[39m
[2026-02-19 23:09:40] [[32minfo[39m]: [32mexpressReq.user : {"id":"698f28d799b35470f53dd6e2","role":"PROVIDER"}[39m
[2026-02-19 23:10:17] [[32minfo[39m]: [32m[GATEWAY PROXY] POST /auth/signout → http://localhost:4000/api/auth/signout[39m
[2026-02-19 23:10:17] [[32minfo[39m]: [32mexpressReq.user : undefined[39m
[2026-02-19 23:10:57] [[32minfo[39m]: [32m[GATEWAY PROXY] POST /auth/signin → http://localhost:4000/api/auth/signin[39m
[2026-02-19 23:10:57] [[32minfo[39m]: [32mexpressReq.user : undefined[39m
[2026-02-19 23:11:04] [[32minfo[39m]: [32m[GATEWAY PROXY] GET /provider/dashboard/stats → http://localhost:4000/api/provider/dashboard/stats[39m
[2026-02-19 23:11:04] [[32minfo[39m]: [32mexpressReq.user : {"id":"698f28d799b35470f53dd6e2","role":"PROVIDER"}[39m
[2026-02-19 23:11:06] [[32minfo[39m]: [32m[GATEWAY PROXY] GET /provider/subscriptions?page=1&limit=10 → http://localhost:4000/api/provider/subscriptions?page=1&limit=10[39m
[2026-02-19 23:11:06] [[32minfo[39m]: [32mexpressReq.user : {"id":"698f28d799b35470f53dd6e2","role":"PROVIDER"}[39m
[2026-02-19 23:11:07] [[32minfo[39m]: [32m[GATEWAY PROXY] GET /provider/plans → http://localhost:4000/api/provider/plans[39m
[2026-02-19 23:11:07] [[32minfo[39m]: [32mexpressReq.user : {"id":"698f28d799b35470f53dd6e2","role":"PROVIDER"}[39m
[2026-02-19 23:11:14] [[32minfo[39m]: [32m[GATEWAY PROXY] POST /provider/subscriptions/checkout/session → http://localhost:4000/api/provider/subscriptions/checkout/session[39m
[2026-02-19 23:11:14] [[32minfo[39m]: [32mexpressReq.user : {"id":"698f28d799b35470f53dd6e2","role":"PROVIDER"}[39m
[2026-02-19 23:11:46] [[32minfo[39m]: [32m[GATEWAY PROXY] GET /provider/dashboard/stats → http://localhost:4000/api/provider/dashboard/stats[39m
[2026-02-19 23:11:46] [[32minfo[39m]: [32mexpressReq.user : {"id":"698f28d799b35470f53dd6e2","role":"PROVIDER"}[39m
[2026-02-19 23:19:03] [[32minfo[39m]: [32m[GATEWAY PROXY] POST /auth/signout → http://localhost:4000/api/auth/signout[39m
[2026-02-19 23:19:03] [[32minfo[39m]: [32mexpressReq.user : undefined[39m
[2026-02-19 23:21:26] [[32minfo[39m]: [32m[GATEWAY PROXY] POST /auth/signin → http://localhost:4000/api/auth/signin[39m
[2026-02-19 23:21:26] [[32minfo[39m]: [32mexpressReq.user : undefined[39m
[2026-02-19 23:21:34] [[32minfo[39m]: [32m[GATEWAY PROXY] GET /provider/dashboard/stats → http://localhost:4000/api/provider/dashboard/stats[39m
[2026-02-19 23:21:34] [[32minfo[39m]: [32mexpressReq.user : {"id":"698f28d799b35470f53dd6e2","role":"PROVIDER"}[39m
[2026-02-19 23:21:59] [[32minfo[39m]: [32m[GATEWAY PROXY] POST /auth/signout → http://localhost:4000/api/auth/signout[39m
[2026-02-19 23:21:59] [[32minfo[39m]: [32mexpressReq.user : undefined[39m
[2026-02-19 23:23:42] [[32minfo[39m]: [32m[SLOTFLOW API GATEWAY] running on http://localhost:3000[39m
[2026-02-19 23:24:19] [[32minfo[39m]: [32m[GATEWAY PROXY] POST /auth/signin → http://localhost:4000/api/auth/signin[39m
[2026-02-19 23:24:19] [[32minfo[39m]: [32mexpressReq.user : undefined[39m
[2026-02-19 23:31:43] [[32minfo[39m]: [32m[GATEWAY PROXY] POST /auth/signin → http://localhost:4000/api/auth/signin[39m
[2026-02-19 23:31:43] [[32minfo[39m]: [32mexpressReq.user : undefined[39m
[2026-02-19 23:32:52] [[32minfo[39m]: [32m[GATEWAY PROXY] POST /auth/signin → http://localhost:4000/api/auth/signin[39m
[2026-02-19 23:32:52] [[32minfo[39m]: [32mexpressReq.user : undefined[39m
[2026-02-19 23:33:43] [[32minfo[39m]: [32m[SLOTFLOW API GATEWAY] running on http://localhost:3000[39m
[2026-02-19 23:36:12] [[32minfo[39m]: [32m[GATEWAY PROXY] POST /auth/signin → http://localhost:4000/api/auth/signin[39m
[2026-02-19 23:36:12] [[32minfo[39m]: [32mexpressReq.user : undefined[39m
[2026-02-19 23:37:34] [[32minfo[39m]: [32m[GATEWAY PROXY] POST /auth/signin → http://localhost:4000/api/auth/signin[39m
[2026-02-19 23:37:34] [[32minfo[39m]: [32mexpressReq.user : undefined[39m
[2026-02-19 23:38:16] [[32minfo[39m]: [32m[GATEWAY PROXY] POST /auth/signin → http://localhost:4000/api/auth/signin[39m
[2026-02-19 23:38:16] [[32minfo[39m]: [32mexpressReq.user : undefined[39m
[2026-02-19 23:39:07] [[32minfo[39m]: [32m[SLOTFLOW API GATEWAY] running on http://localhost:3000[39m
[2026-02-19 23:39:13] [[32minfo[39m]: [32m[GATEWAY PROXY] POST /auth/signin → http://localhost:4000/api/auth/signin[39m
[2026-02-19 23:39:13] [[32minfo[39m]: [32mexpressReq.user : undefined[39m
[2026-02-19 23:39:59] [[32minfo[39m]: [32m[SLOTFLOW API GATEWAY] running on http://localhost:3000[39m
[2026-02-19 23:40:02] [[32minfo[39m]: [32m[GATEWAY PROXY] POST /auth/signin → http://localhost:4000/api/auth/signin[39m
[2026-02-19 23:40:02] [[32minfo[39m]: [32mexpressReq.user : undefined[39m
[2026-02-19 23:40:08] [[32minfo[39m]: [32m[GATEWAY PROXY] POST /auth/signin → http://localhost:4000/api/auth/signin[39m
[2026-02-19 23:40:08] [[32minfo[39m]: [32mexpressReq.user : undefined[39m
[2026-02-19 23:47:44] [[32minfo[39m]: [32m[GATEWAY PROXY] POST /auth/signin → http://localhost:4000/api/auth/signin[39m
[2026-02-19 23:47:44] [[32minfo[39m]: [32mexpressReq.user : undefined[39m
[2026-02-19 23:47:50] [[32minfo[39m]: [32m[GATEWAY PROXY] GET /provider/dashboard/stats → http://localhost:4000/api/provider/dashboard/stats[39m
[2026-02-19 23:47:50] [[32minfo[39m]: [32mexpressReq.user : {"id":"698f28d799b35470f53dd6e2","role":"PROVIDER"}[39m
[2026-02-19 23:52:38] [[32minfo[39m]: [32m[GATEWAY PROXY] POST /auth/signout → http://localhost:4000/api/auth/signout[39m
[2026-02-19 23:52:38] [[32minfo[39m]: [32mexpressReq.user : undefined[39m
[2026-02-19 23:53:14] [[32minfo[39m]: [32m[GATEWAY PROXY] POST /auth/signout → http://localhost:4000/api/auth/signout[39m
[2026-02-19 23:53:14] [[32minfo[39m]: [32mexpressReq.user : undefined[39m
[2026-02-19 23:53:27] [[32minfo[39m]: [32m[GATEWAY PROXY] POST /auth/signin → http://localhost:4000/api/auth/signin[39m
[2026-02-19 23:53:27] [[32minfo[39m]: [32mexpressReq.user : undefined[39m
[2026-02-19 23:53:31] [[32minfo[39m]: [32m[GATEWAY PROXY] GET /provider/dashboard/stats → http://localhost:4000/api/provider/dashboard/stats[39m
[2026-02-19 23:53:31] [[32minfo[39m]: [32mexpressReq.user : {"id":"698f28d799b35470f53dd6e2","role":"PROVIDER"}[39m
[2026-02-19 23:55:42] [[32minfo[39m]: [32m[GATEWAY PROXY] POST /auth/signout → http://localhost:4000/api/auth/signout[39m
[2026-02-19 23:55:42] [[32minfo[39m]: [32mexpressReq.user : undefined[39m
[2026-02-20 00:03:19] [[32minfo[39m]: [32m[GATEWAY PROXY] POST /auth/signin → http://localhost:4000/api/auth/signin[39m
[2026-02-20 00:03:19] [[32minfo[39m]: [32mexpressReq.user : undefined[39m
[2026-02-20 00:03:24] [[32minfo[39m]: [32m[GATEWAY PROXY] GET /provider/dashboard/stats → http://localhost:4000/api/provider/dashboard/stats[39m
[2026-02-20 00:03:24] [[32minfo[39m]: [32mexpressReq.user : {"id":"698f28d799b35470f53dd6e2","role":"PROVIDER"}[39m
[2026-02-20 00:05:46] [[32minfo[39m]: [32m[GATEWAY PROXY] POST /auth/signout → http://localhost:4000/api/auth/signout[39m
[2026-02-20 00:05:46] [[32minfo[39m]: [32mexpressReq.user : undefined[39m
[2026-02-20 00:06:19] [[32minfo[39m]: [32m[GATEWAY PROXY] POST /auth/signin → http://localhost:4000/api/auth/signin[39m
[2026-02-20 00:06:19] [[32minfo[39m]: [32mexpressReq.user : undefined[39m
[2026-02-20 00:06:24] [[32minfo[39m]: [32m[GATEWAY PROXY] GET /provider/dashboard/stats → http://localhost:4000/api/provider/dashboard/stats[39m
[2026-02-20 00:06:24] [[32minfo[39m]: [32mexpressReq.user : {"id":"698f28d799b35470f53dd6e2","role":"PROVIDER"}[39m
[2026-02-20 00:08:02] [[32minfo[39m]: [32m[GATEWAY PROXY] POST /auth/signout → http://localhost:4000/api/auth/signout[39m
[2026-02-20 00:08:02] [[32minfo[39m]: [32mexpressReq.user : undefined[39m
[2026-02-20 00:08:29] [[32minfo[39m]: [32m[GATEWAY PROXY] POST /auth/signin → http://localhost:4000/api/auth/signin[39m
[2026-02-20 00:08:29] [[32minfo[39m]: [32mexpressReq.user : undefined[39m
[2026-02-20 00:08:33] [[32minfo[39m]: [32m[GATEWAY PROXY] GET /provider/dashboard/stats → http://localhost:4000/api/provider/dashboard/stats[39m
[2026-02-20 00:08:33] [[32minfo[39m]: [32mexpressReq.user : {"id":"698f28d799b35470f53dd6e2","role":"PROVIDER"}[39m
[2026-02-20 00:10:42] [[32minfo[39m]: [32m[GATEWAY PROXY] POST /auth/signout → http://localhost:4000/api/auth/signout[39m
[2026-02-20 00:10:42] [[32minfo[39m]: [32mexpressReq.user : undefined[39m
[2026-02-20 00:16:16] [[32minfo[39m]: [32m[GATEWAY PROXY] POST /auth/signin → http://localhost:4000/api/auth/signin[39m
[2026-02-20 00:16:16] [[32minfo[39m]: [32mexpressReq.user : undefined[39m
[2026-02-20 00:16:20] [[32minfo[39m]: [32m[GATEWAY PROXY] GET /provider/dashboard/stats → http://localhost:4000/api/provider/dashboard/stats[39m
[2026-02-20 00:16:20] [[32minfo[39m]: [32mexpressReq.user : {"id":"698f28d799b35470f53dd6e2","role":"PROVIDER"}[39m
[2026-02-20 00:29:15] [[32minfo[39m]: [32m[SLOTFLOW API GATEWAY] running on http://localhost:3000[39m
[2026-02-20 00:30:00] [[32minfo[39m]: [32m[GATEWAY PROXY] POST /auth/signout → http://localhost:4000/api/auth/signout[39m
[2026-02-20 00:30:00] [[32minfo[39m]: [32mexpressReq.user : undefined[39m
[2026-02-20 00:30:22] [[32minfo[39m]: [32m[GATEWAY PROXY] POST /auth/signin → http://localhost:4000/api/auth/signin[39m
[2026-02-20 00:30:22] [[32minfo[39m]: [32mexpressReq.user : undefined[39m
[2026-02-20 00:30:27] [[32minfo[39m]: [32m[GATEWAY PROXY] GET /provider/dashboard/stats → http://localhost:4000/api/provider/dashboard/stats[39m
[2026-02-20 00:30:27] [[32minfo[39m]: [32mexpressReq.user : {"id":"698f28d799b35470f53dd6e2","role":"PROVIDER"}[39m
[2026-02-20 00:31:09] [[32minfo[39m]: [32m[GATEWAY PROXY] POST /auth/signout → http://localhost:4000/api/auth/signout[39m
[2026-02-20 00:31:09] [[32minfo[39m]: [32mexpressReq.user : undefined[39m
[2026-02-20 00:36:10] [[32minfo[39m]: [32m[GATEWAY PROXY] POST /auth/signin → http://localhost:4000/api/auth/signin[39m
[2026-02-20 00:36:10] [[32minfo[39m]: [32mexpressReq.user : undefined[39m
[2026-02-20 00:36:15] [[32minfo[39m]: [32m[GATEWAY PROXY] GET /provider/dashboard/stats → http://localhost:4000/api/provider/dashboard/stats[39m
[2026-02-20 00:36:15] [[32minfo[39m]: [32mexpressReq.user : {"id":"698f28d799b35470f53dd6e2","role":"PROVIDER"}[39m
[2026-02-20 00:36:27] [[32minfo[39m]: [32m[GATEWAY PROXY] POST /user-device/ → http://localhost:6000/api/user-device/[39m
[2026-02-20 00:36:27] [[32minfo[39m]: [32mexpressReq.user : {"id":"698f28d799b35470f53dd6e2","role":"PROVIDER"}[39m
[2026-02-20 18:14:01] [[32minfo[39m]: [32m[GATEWAY PROXY] GET /provider/dashboard/stats → http://localhost:4000/api/provider/dashboard/stats[39m
[2026-02-20 18:14:01] [[32minfo[39m]: [32mexpressReq.user : {"id":"698f28d799b35470f53dd6e2","role":"PROVIDER"}[39m
[2026-02-20 18:24:21] [[32minfo[39m]: [32m[GATEWAY PROXY] GET /provider/dashboard/stats → http://localhost:4000/api/provider/dashboard/stats[39m
[2026-02-20 18:24:21] [[32minfo[39m]: [32mexpressReq.user : {"id":"698f28d799b35470f53dd6e2","role":"PROVIDER"}[39m
[2026-02-20 18:25:55] [[32minfo[39m]: [32m[GATEWAY PROXY] GET /provider/dashboard/stats → http://localhost:4000/api/provider/dashboard/stats[39m
[2026-02-20 18:25:55] [[32minfo[39m]: [32mexpressReq.user : {"id":"698f28d799b35470f53dd6e2","role":"PROVIDER"}[39m
[2026-02-20 18:34:47] [[32minfo[39m]: [32m[GATEWAY PROXY] GET /provider/dashboard/stats → http://localhost:4000/api/provider/dashboard/stats[39m
[2026-02-20 18:34:47] [[32minfo[39m]: [32mexpressReq.user : {"id":"698f28d799b35470f53dd6e2","role":"PROVIDER"}[39m
[2026-02-20 18:35:46] [[32minfo[39m]: [32m[GATEWAY PROXY] GET /provider/dashboard/stats → http://localhost:4000/api/provider/dashboard/stats[39m
[2026-02-20 18:35:46] [[32minfo[39m]: [32mexpressReq.user : {"id":"698f28d799b35470f53dd6e2","role":"PROVIDER"}[39m
[2026-02-20 18:36:59] [[32minfo[39m]: [32m[GATEWAY PROXY] GET /provider/dashboard/stats → http://localhost:4000/api/provider/dashboard/stats[39m
[2026-02-20 18:36:59] [[32minfo[39m]: [32mexpressReq.user : {"id":"698f28d799b35470f53dd6e2","role":"PROVIDER"}[39m
[2026-02-20 18:39:55] [[32minfo[39m]: [32m[GATEWAY PROXY] POST /auth/signout → http://localhost:4000/api/auth/signout[39m
[2026-02-20 18:39:55] [[32minfo[39m]: [32mexpressReq.user : undefined[39m
[2026-02-20 18:54:59] [[32minfo[39m]: [32m[SLOTFLOW API GATEWAY] running on http://localhost:3000[39m
[2026-02-20 22:49:30] [[32minfo[39m]: [32m[SLOTFLOW API GATEWAY] running on http://localhost:3000[39m
[2026-02-20 22:56:04] [[32minfo[39m]: [32m[GATEWAY PROXY] POST /auth/signin → http://localhost:4000/api/auth/signin[39m
[2026-02-20 22:56:04] [[32minfo[39m]: [32mexpressReq.user : undefined[39m
[2026-02-20 22:56:12] [[31merror[39m]: [31mgetBlockList failed[39m
[31mfetch failed[39m
[31mTypeError: fetch failed[39m
[31m    at node:internal/deps/undici/undici:16416:13[39m
[31m    at process.processTicksAndRejections (node:internal/process/task_queues:103:5)[39m
[31m    at async HttpClient.request (file:///C:/MY%20LOCAL%20DISC/Slotflow/slotflow-api-gateway/node_modules/.pnpm/@upstash+redis@1.36.1/node_modules/@upstash/redis/chunk-LLI2WIYN.mjs:171:15)[39m
[31m    at async Pipeline.exec (file:///C:/MY%20LOCAL%20DISC/Slotflow/slotflow-api-gateway/node_modules/.pnpm/@upstash+redis@1.36.1/node_modules/@upstash/redis/chunk-LLI2WIYN.mjs:2528:17)[39m
[31m    at async AutoPipelineExecutor.withAutoPipeline (file:///C:/MY%20LOCAL%20DISC/Slotflow/slotflow-api-gateway/node_modules/.pnpm/@upstash+redis@1.36.1/node_modules/@upstash/redis/chunk-LLI2WIYN.mjs:3443:21)[39m
[31m    at async CacheServiceImpl.getBlockList (C:\MY LOCAL DISC\Slotflow\slotflow-api-gateway\src\services\cache.service.impl.ts:14:20)[39m
[31m    at async blockCheckMiddleware (C:\MY LOCAL DISC\Slotflow\slotflow-api-gateway\src\middleware\blockCheck.middleware.ts:14:30)[39m
[2026-02-20 22:56:12] [[31merror[39m]: [31mError in blockCheckMiddleware[39m
[31mfetch failed[39m
[31mTypeError: fetch failed[39m
[31m    at node:internal/deps/undici/undici:16416:13[39m
[31m    at process.processTicksAndRejections (node:internal/process/task_queues:103:5)[39m
[31m    at async HttpClient.request (file:///C:/MY%20LOCAL%20DISC/Slotflow/slotflow-api-gateway/node_modules/.pnpm/@upstash+redis@1.36.1/node_modules/@upstash/redis/chunk-LLI2WIYN.mjs:171:15)[39m
[31m    at async Pipeline.exec (file:///C:/MY%20LOCAL%20DISC/Slotflow/slotflow-api-gateway/node_modules/.pnpm/@upstash+redis@1.36.1/node_modules/@upstash/redis/chunk-LLI2WIYN.mjs:2528:17)[39m
[31m    at async AutoPipelineExecutor.withAutoPipeline (file:///C:/MY%20LOCAL%20DISC/Slotflow/slotflow-api-gateway/node_modules/.pnpm/@upstash+redis@1.36.1/node_modules/@upstash/redis/chunk-LLI2WIYN.mjs:3443:21)[39m
[31m    at async CacheServiceImpl.getBlockList (C:\MY LOCAL DISC\Slotflow\slotflow-api-gateway\src\services\cache.service.impl.ts:14:20)[39m
[31m    at async blockCheckMiddleware (C:\MY LOCAL DISC\Slotflow\slotflow-api-gateway\src\middleware\blockCheck.middleware.ts:14:30)[39m
[2026-02-20 22:56:14] [[31merror[39m]: [31mgetBlockList failed[39m
[31mfetch failed[39m
[31mTypeError: fetch failed[39m
[31m    at node:internal/deps/undici/undici:16416:13[39m
[31m    at process.processTicksAndRejections (node:internal/process/task_queues:103:5)[39m
[31m    at async HttpClient.request (file:///C:/MY%20LOCAL%20DISC/Slotflow/slotflow-api-gateway/node_modules/.pnpm/@upstash+redis@1.36.1/node_modules/@upstash/redis/chunk-LLI2WIYN.mjs:171:15)[39m
[31m    at async Pipeline.exec (file:///C:/MY%20LOCAL%20DISC/Slotflow/slotflow-api-gateway/node_modules/.pnpm/@upstash+redis@1.36.1/node_modules/@upstash/redis/chunk-LLI2WIYN.mjs:2528:17)[39m
[31m    at async AutoPipelineExecutor.withAutoPipeline (file:///C:/MY%20LOCAL%20DISC/Slotflow/slotflow-api-gateway/node_modules/.pnpm/@upstash+redis@1.36.1/node_modules/@upstash/redis/chunk-LLI2WIYN.mjs:3443:21)[39m
[31m    at async CacheServiceImpl.getBlockList (C:\MY LOCAL DISC\Slotflow\slotflow-api-gateway\src\services\cache.service.impl.ts:14:20)[39m
[31m    at async blockCheckMiddleware (C:\MY LOCAL DISC\Slotflow\slotflow-api-gateway\src\middleware\blockCheck.middleware.ts:14:30)[39m
[2026-02-20 22:56:14] [[31merror[39m]: [31mError in blockCheckMiddleware[39m
[31mfetch failed[39m
[31mTypeError: fetch failed[39m
[31m    at node:internal/deps/undici/undici:16416:13[39m
[31m    at process.processTicksAndRejections (node:internal/process/task_queues:103:5)[39m
[31m    at async HttpClient.request (file:///C:/MY%20LOCAL%20DISC/Slotflow/slotflow-api-gateway/node_modules/.pnpm/@upstash+redis@1.36.1/node_modules/@upstash/redis/chunk-LLI2WIYN.mjs:171:15)[39m
[31m    at async Pipeline.exec (file:///C:/MY%20LOCAL%20DISC/Slotflow/slotflow-api-gateway/node_modules/.pnpm/@upstash+redis@1.36.1/node_modules/@upstash/redis/chunk-LLI2WIYN.mjs:2528:17)[39m
[31m    at async AutoPipelineExecutor.withAutoPipeline (file:///C:/MY%20LOCAL%20DISC/Slotflow/slotflow-api-gateway/node_modules/.pnpm/@upstash+redis@1.36.1/node_modules/@upstash/redis/chunk-LLI2WIYN.mjs:3443:21)[39m
[31m    at async CacheServiceImpl.getBlockList (C:\MY LOCAL DISC\Slotflow\slotflow-api-gateway\src\services\cache.service.impl.ts:14:20)[39m
[31m    at async blockCheckMiddleware (C:\MY LOCAL DISC\Slotflow\slotflow-api-gateway\src\middleware\blockCheck.middleware.ts:14:30)[39m
[2026-02-20 22:56:17] [[31merror[39m]: [31mgetBlockList failed[39m
[31mfetch failed[39m
[31mTypeError: fetch failed[39m
[31m    at node:internal/deps/undici/undici:16416:13[39m
[31m    at process.processTicksAndRejections (node:internal/process/task_queues:103:5)[39m
[31m    at async HttpClient.request (file:///C:/MY%20LOCAL%20DISC/Slotflow/slotflow-api-gateway/node_modules/.pnpm/@upstash+redis@1.36.1/node_modules/@upstash/redis/chunk-LLI2WIYN.mjs:171:15)[39m
[31m    at async Pipeline.exec (file:///C:/MY%20LOCAL%20DISC/Slotflow/slotflow-api-gateway/node_modules/.pnpm/@upstash+redis@1.36.1/node_modules/@upstash/redis/chunk-LLI2WIYN.mjs:2528:17)[39m
[31m    at async AutoPipelineExecutor.withAutoPipeline (file:///C:/MY%20LOCAL%20DISC/Slotflow/slotflow-api-gateway/node_modules/.pnpm/@upstash+redis@1.36.1/node_modules/@upstash/redis/chunk-LLI2WIYN.mjs:3443:21)[39m
[31m    at async CacheServiceImpl.getBlockList (C:\MY LOCAL DISC\Slotflow\slotflow-api-gateway\src\services\cache.service.impl.ts:14:20)[39m
[31m    at async blockCheckMiddleware (C:\MY LOCAL DISC\Slotflow\slotflow-api-gateway\src\middleware\blockCheck.middleware.ts:14:30)[39m
[2026-02-20 22:56:17] [[31merror[39m]: [31mError in blockCheckMiddleware[39m
[31mfetch failed[39m
[31mTypeError: fetch failed[39m
[31m    at node:internal/deps/undici/undici:16416:13[39m
[31m    at process.processTicksAndRejections (node:internal/process/task_queues:103:5)[39m
[31m    at async HttpClient.request (file:///C:/MY%20LOCAL%20DISC/Slotflow/slotflow-api-gateway/node_modules/.pnpm/@upstash+redis@1.36.1/node_modules/@upstash/redis/chunk-LLI2WIYN.mjs:171:15)[39m
[31m    at async Pipeline.exec (file:///C:/MY%20LOCAL%20DISC/Slotflow/slotflow-api-gateway/node_modules/.pnpm/@upstash+redis@1.36.1/node_modules/@upstash/redis/chunk-LLI2WIYN.mjs:2528:17)[39m
[31m    at async AutoPipelineExecutor.withAutoPipeline (file:///C:/MY%20LOCAL%20DISC/Slotflow/slotflow-api-gateway/node_modules/.pnpm/@upstash+redis@1.36.1/node_modules/@upstash/redis/chunk-LLI2WIYN.mjs:3443:21)[39m
[31m    at async CacheServiceImpl.getBlockList (C:\MY LOCAL DISC\Slotflow\slotflow-api-gateway\src\services\cache.service.impl.ts:14:20)[39m
[31m    at async blockCheckMiddleware (C:\MY LOCAL DISC\Slotflow\slotflow-api-gateway\src\middleware\blockCheck.middleware.ts:14:30)[39m
[2026-02-20 22:56:19] [[31merror[39m]: [31mgetBlockList failed[39m
[31mfetch failed[39m
[31mTypeError: fetch failed[39m
[31m    at node:internal/deps/undici/undici:16416:13[39m
[31m    at process.processTicksAndRejections (node:internal/process/task_queues:103:5)[39m
[31m    at async HttpClient.request (file:///C:/MY%20LOCAL%20DISC/Slotflow/slotflow-api-gateway/node_modules/.pnpm/@upstash+redis@1.36.1/node_modules/@upstash/redis/chunk-LLI2WIYN.mjs:171:15)[39m
[31m    at async Pipeline.exec (file:///C:/MY%20LOCAL%20DISC/Slotflow/slotflow-api-gateway/node_modules/.pnpm/@upstash+redis@1.36.1/node_modules/@upstash/redis/chunk-LLI2WIYN.mjs:2528:17)[39m
[31m    at async AutoPipelineExecutor.withAutoPipeline (file:///C:/MY%20LOCAL%20DISC/Slotflow/slotflow-api-gateway/node_modules/.pnpm/@upstash+redis@1.36.1/node_modules/@upstash/redis/chunk-LLI2WIYN.mjs:3443:21)[39m
[31m    at async CacheServiceImpl.getBlockList (C:\MY LOCAL DISC\Slotflow\slotflow-api-gateway\src\services\cache.service.impl.ts:14:20)[39m
[31m    at async blockCheckMiddleware (C:\MY LOCAL DISC\Slotflow\slotflow-api-gateway\src\middleware\blockCheck.middleware.ts:14:30)[39m
[2026-02-20 22:56:19] [[31merror[39m]: [31mError in blockCheckMiddleware[39m
[31mfetch failed[39m
[31mTypeError: fetch failed[39m
[31m    at node:internal/deps/undici/undici:16416:13[39m
[31m    at process.processTicksAndRejections (node:internal/process/task_queues:103:5)[39m
[31m    at async HttpClient.request (file:///C:/MY%20LOCAL%20DISC/Slotflow/slotflow-api-gateway/node_modules/.pnpm/@upstash+redis@1.36.1/node_modules/@upstash/redis/chunk-LLI2WIYN.mjs:171:15)[39m
[31m    at async Pipeline.exec (file:///C:/MY%20LOCAL%20DISC/Slotflow/slotflow-api-gateway/node_modules/.pnpm/@upstash+redis@1.36.1/node_modules/@upstash/redis/chunk-LLI2WIYN.mjs:2528:17)[39m
[31m    at async AutoPipelineExecutor.withAutoPipeline (file:///C:/MY%20LOCAL%20DISC/Slotflow/slotflow-api-gateway/node_modules/.pnpm/@upstash+redis@1.36.1/node_modules/@upstash/redis/chunk-LLI2WIYN.mjs:3443:21)[39m
[31m    at async CacheServiceImpl.getBlockList (C:\MY LOCAL DISC\Slotflow\slotflow-api-gateway\src\services\cache.service.impl.ts:14:20)[39m
[31m    at async blockCheckMiddleware (C:\MY LOCAL DISC\Slotflow\slotflow-api-gateway\src\middleware\blockCheck.middleware.ts:14:30)[39m
[2026-02-20 22:56:23] [[31merror[39m]: [31mgetBlockList failed[39m
[31mfetch failed[39m
[31mTypeError: fetch failed[39m
[31m    at node:internal/deps/undici/undici:16416:13[39m
[31m    at process.processTicksAndRejections (node:internal/process/task_queues:103:5)[39m
[31m    at async HttpClient.request (file:///C:/MY%20LOCAL%20DISC/Slotflow/slotflow-api-gateway/node_modules/.pnpm/@upstash+redis@1.36.1/node_modules/@upstash/redis/chunk-LLI2WIYN.mjs:171:15)[39m
[31m    at async Pipeline.exec (file:///C:/MY%20LOCAL%20DISC/Slotflow/slotflow-api-gateway/node_modules/.pnpm/@upstash+redis@1.36.1/node_modules/@upstash/redis/chunk-LLI2WIYN.mjs:2528:17)[39m
[31m    at async AutoPipelineExecutor.withAutoPipeline (file:///C:/MY%20LOCAL%20DISC/Slotflow/slotflow-api-gateway/node_modules/.pnpm/@upstash+redis@1.36.1/node_modules/@upstash/redis/chunk-LLI2WIYN.mjs:3443:21)[39m
[31m    at async CacheServiceImpl.getBlockList (C:\MY LOCAL DISC\Slotflow\slotflow-api-gateway\src\services\cache.service.impl.ts:14:20)[39m
[31m    at async blockCheckMiddleware (C:\MY LOCAL DISC\Slotflow\slotflow-api-gateway\src\middleware\blockCheck.middleware.ts:14:30)[39m
[2026-02-20 22:56:23] [[31merror[39m]: [31mError in blockCheckMiddleware[39m
[31mfetch failed[39m
[31mTypeError: fetch failed[39m
[31m    at node:internal/deps/undici/undici:16416:13[39m
[31m    at process.processTicksAndRejections (node:internal/process/task_queues:103:5)[39m
[31m    at async HttpClient.request (file:///C:/MY%20LOCAL%20DISC/Slotflow/slotflow-api-gateway/node_modules/.pnpm/@upstash+redis@1.36.1/node_modules/@upstash/redis/chunk-LLI2WIYN.mjs:171:15)[39m
[31m    at async Pipeline.exec (file:///C:/MY%20LOCAL%20DISC/Slotflow/slotflow-api-gateway/node_modules/.pnpm/@upstash+redis@1.36.1/node_modules/@upstash/redis/chunk-LLI2WIYN.mjs:2528:17)[39m
[31m    at async AutoPipelineExecutor.withAutoPipeline (file:///C:/MY%20LOCAL%20DISC/Slotflow/slotflow-api-gateway/node_modules/.pnpm/@upstash+redis@1.36.1/node_modules/@upstash/redis/chunk-LLI2WIYN.mjs:3443:21)[39m
[31m    at async CacheServiceImpl.getBlockList (C:\MY LOCAL DISC\Slotflow\slotflow-api-gateway\src\services\cache.service.impl.ts:14:20)[39m
[31m    at async blockCheckMiddleware (C:\MY LOCAL DISC\Slotflow\slotflow-api-gateway\src\middleware\blockCheck.middleware.ts:14:30)[39m
[2026-02-20 22:56:25] [[31merror[39m]: [31mgetBlockList failed[39m
[31mfetch failed[39m
[31mTypeError: fetch failed[39m
[31m    at node:internal/deps/undici/undici:16416:13[39m
[31m    at process.processTicksAndRejections (node:internal/process/task_queues:103:5)[39m
[31m    at async HttpClient.request (file:///C:/MY%20LOCAL%20DISC/Slotflow/slotflow-api-gateway/node_modules/.pnpm/@upstash+redis@1.36.1/node_modules/@upstash/redis/chunk-LLI2WIYN.mjs:171:15)[39m
[31m    at async Pipeline.exec (file:///C:/MY%20LOCAL%20DISC/Slotflow/slotflow-api-gateway/node_modules/.pnpm/@upstash+redis@1.36.1/node_modules/@upstash/redis/chunk-LLI2WIYN.mjs:2528:17)[39m
[31m    at async AutoPipelineExecutor.withAutoPipeline (file:///C:/MY%20LOCAL%20DISC/Slotflow/slotflow-api-gateway/node_modules/.pnpm/@upstash+redis@1.36.1/node_modules/@upstash/redis/chunk-LLI2WIYN.mjs:3443:21)[39m
[31m    at async CacheServiceImpl.getBlockList (C:\MY LOCAL DISC\Slotflow\slotflow-api-gateway\src\services\cache.service.impl.ts:14:20)[39m
[31m    at async blockCheckMiddleware (C:\MY LOCAL DISC\Slotflow\slotflow-api-gateway\src\middleware\blockCheck.middleware.ts:14:30)[39m
[2026-02-20 22:56:25] [[31merror[39m]: [31mError in blockCheckMiddleware[39m
[31mfetch failed[39m
[31mTypeError: fetch failed[39m
[31m    at node:internal/deps/undici/undici:16416:13[39m
[31m    at process.processTicksAndRejections (node:internal/process/task_queues:103:5)[39m
[31m    at async HttpClient.request (file:///C:/MY%20LOCAL%20DISC/Slotflow/slotflow-api-gateway/node_modules/.pnpm/@upstash+redis@1.36.1/node_modules/@upstash/redis/chunk-LLI2WIYN.mjs:171:15)[39m
[31m    at async Pipeline.exec (file:///C:/MY%20LOCAL%20DISC/Slotflow/slotflow-api-gateway/node_modules/.pnpm/@upstash+redis@1.36.1/node_modules/@upstash/redis/chunk-LLI2WIYN.mjs:2528:17)[39m
[31m    at async AutoPipelineExecutor.withAutoPipeline (file:///C:/MY%20LOCAL%20DISC/Slotflow/slotflow-api-gateway/node_modules/.pnpm/@upstash+redis@1.36.1/node_modules/@upstash/redis/chunk-LLI2WIYN.mjs:3443:21)[39m
[31m    at async CacheServiceImpl.getBlockList (C:\MY LOCAL DISC\Slotflow\slotflow-api-gateway\src\services\cache.service.impl.ts:14:20)[39m
[31m    at async blockCheckMiddleware (C:\MY LOCAL DISC\Slotflow\slotflow-api-gateway\src\middleware\blockCheck.middleware.ts:14:30)[39m
[2026-02-20 22:56:31] [[31merror[39m]: [31mgetBlockList failed[39m
[31mfetch failed[39m
[31mTypeError: fetch failed[39m
[31m    at node:internal/deps/undici/undici:16416:13[39m
[31m    at process.processTicksAndRejections (node:internal/process/task_queues:103:5)[39m
[31m    at async HttpClient.request (file:///C:/MY%20LOCAL%20DISC/Slotflow/slotflow-api-gateway/node_modules/.pnpm/@upstash+redis@1.36.1/node_modules/@upstash/redis/chunk-LLI2WIYN.mjs:171:15)[39m
[31m    at async Pipeline.exec (file:///C:/MY%20LOCAL%20DISC/Slotflow/slotflow-api-gateway/node_modules/.pnpm/@upstash+redis@1.36.1/node_modules/@upstash/redis/chunk-LLI2WIYN.mjs:2528:17)[39m
[31m    at async AutoPipelineExecutor.withAutoPipeline (file:///C:/MY%20LOCAL%20DISC/Slotflow/slotflow-api-gateway/node_modules/.pnpm/@upstash+redis@1.36.1/node_modules/@upstash/redis/chunk-LLI2WIYN.mjs:3443:21)[39m
[31m    at async CacheServiceImpl.getBlockList (C:\MY LOCAL DISC\Slotflow\slotflow-api-gateway\src\services\cache.service.impl.ts:14:20)[39m
[31m    at async blockCheckMiddleware (C:\MY LOCAL DISC\Slotflow\slotflow-api-gateway\src\middleware\blockCheck.middleware.ts:14:30)[39m
[2026-02-20 22:56:31] [[31merror[39m]: [31mError in blockCheckMiddleware[39m
[31mfetch failed[39m
[31mTypeError: fetch failed[39m
[31m    at node:internal/deps/undici/undici:16416:13[39m
[31m    at process.processTicksAndRejections (node:internal/process/task_queues:103:5)[39m
[31m    at async HttpClient.request (file:///C:/MY%20LOCAL%20DISC/Slotflow/slotflow-api-gateway/node_modules/.pnpm/@upstash+redis@1.36.1/node_modules/@upstash/redis/chunk-LLI2WIYN.mjs:171:15)[39m
[31m    at async Pipeline.exec (file:///C:/MY%20LOCAL%20DISC/Slotflow/slotflow-api-gateway/node_modules/.pnpm/@upstash+redis@1.36.1/node_modules/@upstash/redis/chunk-LLI2WIYN.mjs:2528:17)[39m
[31m    at async AutoPipelineExecutor.withAutoPipeline (file:///C:/MY%20LOCAL%20DISC/Slotflow/slotflow-api-gateway/node_modules/.pnpm/@upstash+redis@1.36.1/node_modules/@upstash/redis/chunk-LLI2WIYN.mjs:3443:21)[39m
[31m    at async CacheServiceImpl.getBlockList (C:\MY LOCAL DISC\Slotflow\slotflow-api-gateway\src\services\cache.service.impl.ts:14:20)[39m
[31m    at async blockCheckMiddleware (C:\MY LOCAL DISC\Slotflow\slotflow-api-gateway\src\middleware\blockCheck.middleware.ts:14:30)[39m
[2026-02-20 22:56:34] [[31merror[39m]: [31mgetBlockList failed[39m
[31mfetch failed[39m
[31mTypeError: fetch failed[39m
[31m    at node:internal/deps/undici/undici:16416:13[39m
[31m    at process.processTicksAndRejections (node:internal/process/task_queues:103:5)[39m
[31m    at async HttpClient.request (file:///C:/MY%20LOCAL%20DISC/Slotflow/slotflow-api-gateway/node_modules/.pnpm/@upstash+redis@1.36.1/node_modules/@upstash/redis/chunk-LLI2WIYN.mjs:171:15)[39m
[31m    at async Pipeline.exec (file:///C:/MY%20LOCAL%20DISC/Slotflow/slotflow-api-gateway/node_modules/.pnpm/@upstash+redis@1.36.1/node_modules/@upstash/redis/chunk-LLI2WIYN.mjs:2528:17)[39m
[31m    at async AutoPipelineExecutor.withAutoPipeline (file:///C:/MY%20LOCAL%20DISC/Slotflow/slotflow-api-gateway/node_modules/.pnpm/@upstash+redis@1.36.1/node_modules/@upstash/redis/chunk-LLI2WIYN.mjs:3443:21)[39m
[31m    at async CacheServiceImpl.getBlockList (C:\MY LOCAL DISC\Slotflow\slotflow-api-gateway\src\services\cache.service.impl.ts:14:20)[39m
[31m    at async blockCheckMiddleware (C:\MY LOCAL DISC\Slotflow\slotflow-api-gateway\src\middleware\blockCheck.middleware.ts:14:30)[39m
[2026-02-20 22:56:34] [[31merror[39m]: [31mError in blockCheckMiddleware[39m
[31mfetch failed[39m
[31mTypeError: fetch failed[39m
[31m    at node:internal/deps/undici/undici:16416:13[39m
[31m    at process.processTicksAndRejections (node:internal/process/task_queues:103:5)[39m
[31m    at async HttpClient.request (file:///C:/MY%20LOCAL%20DISC/Slotflow/slotflow-api-gateway/node_modules/.pnpm/@upstash+redis@1.36.1/node_modules/@upstash/redis/chunk-LLI2WIYN.mjs:171:15)[39m
[31m    at async Pipeline.exec (file:///C:/MY%20LOCAL%20DISC/Slotflow/slotflow-api-gateway/node_modules/.pnpm/@upstash+redis@1.36.1/node_modules/@upstash/redis/chunk-LLI2WIYN.mjs:2528:17)[39m
[31m    at async AutoPipelineExecutor.withAutoPipeline (file:///C:/MY%20LOCAL%20DISC/Slotflow/slotflow-api-gateway/node_modules/.pnpm/@upstash+redis@1.36.1/node_modules/@upstash/redis/chunk-LLI2WIYN.mjs:3443:21)[39m
[31m    at async CacheServiceImpl.getBlockList (C:\MY LOCAL DISC\Slotflow\slotflow-api-gateway\src\services\cache.service.impl.ts:14:20)[39m
[31m    at async blockCheckMiddleware (C:\MY LOCAL DISC\Slotflow\slotflow-api-gateway\src\middleware\blockCheck.middleware.ts:14:30)[39m
[2026-02-20 22:56:41] [[31merror[39m]: [31mgetBlockList failed[39m
[31mfetch failed[39m
[31mTypeError: fetch failed[39m
[31m    at node:internal/deps/undici/undici:16416:13[39m
[31m    at process.processTicksAndRejections (node:internal/process/task_queues:103:5)[39m
[31m    at async HttpClient.request (file:///C:/MY%20LOCAL%20DISC/Slotflow/slotflow-api-gateway/node_modules/.pnpm/@upstash+redis@1.36.1/node_modules/@upstash/redis/chunk-LLI2WIYN.mjs:171:15)[39m
[31m    at async Pipeline.exec (file:///C:/MY%20LOCAL%20DISC/Slotflow/slotflow-api-gateway/node_modules/.pnpm/@upstash+redis@1.36.1/node_modules/@upstash/redis/chunk-LLI2WIYN.mjs:2528:17)[39m
[31m    at async AutoPipelineExecutor.withAutoPipeline (file:///C:/MY%20LOCAL%20DISC/Slotflow/slotflow-api-gateway/node_modules/.pnpm/@upstash+redis@1.36.1/node_modules/@upstash/redis/chunk-LLI2WIYN.mjs:3443:21)[39m
[31m    at async CacheServiceImpl.getBlockList (C:\MY LOCAL DISC\Slotflow\slotflow-api-gateway\src\services\cache.service.impl.ts:14:20)[39m
[31m    at async blockCheckMiddleware (C:\MY LOCAL DISC\Slotflow\slotflow-api-gateway\src\middleware\blockCheck.middleware.ts:14:30)[39m
[2026-02-20 22:56:41] [[31merror[39m]: [31mError in blockCheckMiddleware[39m
[31mfetch failed[39m
[31mTypeError: fetch failed[39m
[31m    at node:internal/deps/undici/undici:16416:13[39m
[31m    at process.processTicksAndRejections (node:internal/process/task_queues:103:5)[39m
[31m    at async HttpClient.request (file:///C:/MY%20LOCAL%20DISC/Slotflow/slotflow-api-gateway/node_modules/.pnpm/@upstash+redis@1.36.1/node_modules/@upstash/redis/chunk-LLI2WIYN.mjs:171:15)[39m
[31m    at async Pipeline.exec (file:///C:/MY%20LOCAL%20DISC/Slotflow/slotflow-api-gateway/node_modules/.pnpm/@upstash+redis@1.36.1/node_modules/@upstash/redis/chunk-LLI2WIYN.mjs:2528:17)[39m
[31m    at async AutoPipelineExecutor.withAutoPipeline (file:///C:/MY%20LOCAL%20DISC/Slotflow/slotflow-api-gateway/node_modules/.pnpm/@upstash+redis@1.36.1/node_modules/@upstash/redis/chunk-LLI2WIYN.mjs:3443:21)[39m
[31m    at async CacheServiceImpl.getBlockList (C:\MY LOCAL DISC\Slotflow\slotflow-api-gateway\src\services\cache.service.impl.ts:14:20)[39m
[31m    at async blockCheckMiddleware (C:\MY LOCAL DISC\Slotflow\slotflow-api-gateway\src\middleware\blockCheck.middleware.ts:14:30)[39m
[2026-02-20 22:56:50] [[31merror[39m]: [31mgetBlockList failed[39m
[31mfetch failed[39m
[31mTypeError: fetch failed[39m
[31m    at node:internal/deps/undici/undici:16416:13[39m
[31m    at process.processTicksAndRejections (node:internal/process/task_queues:103:5)[39m
[31m    at async HttpClient.request (file:///C:/MY%20LOCAL%20DISC/Slotflow/slotflow-api-gateway/node_modules/.pnpm/@upstash+redis@1.36.1/node_modules/@upstash/redis/chunk-LLI2WIYN.mjs:171:15)[39m
[31m    at async Pipeline.exec (file:///C:/MY%20LOCAL%20DISC/Slotflow/slotflow-api-gateway/node_modules/.pnpm/@upstash+redis@1.36.1/node_modules/@upstash/redis/chunk-LLI2WIYN.mjs:2528:17)[39m
[31m    at async AutoPipelineExecutor.withAutoPipeline (file:///C:/MY%20LOCAL%20DISC/Slotflow/slotflow-api-gateway/node_modules/.pnpm/@upstash+redis@1.36.1/node_modules/@upstash/redis/chunk-LLI2WIYN.mjs:3443:21)[39m
[31m    at async CacheServiceImpl.getBlockList (C:\MY LOCAL DISC\Slotflow\slotflow-api-gateway\src\services\cache.service.impl.ts:14:20)[39m
[31m    at async blockCheckMiddleware (C:\MY LOCAL DISC\Slotflow\slotflow-api-gateway\src\middleware\blockCheck.middleware.ts:14:30)[39m
[2026-02-20 22:56:50] [[31merror[39m]: [31mError in blockCheckMiddleware[39m
[31mfetch failed[39m
[31mTypeError: fetch failed[39m
[31m    at node:internal/deps/undici/undici:16416:13[39m
[31m    at process.processTicksAndRejections (node:internal/process/task_queues:103:5)[39m
[31m    at async HttpClient.request (file:///C:/MY%20LOCAL%20DISC/Slotflow/slotflow-api-gateway/node_modules/.pnpm/@upstash+redis@1.36.1/node_modules/@upstash/redis/chunk-LLI2WIYN.mjs:171:15)[39m
[31m    at async Pipeline.exec (file:///C:/MY%20LOCAL%20DISC/Slotflow/slotflow-api-gateway/node_modules/.pnpm/@upstash+redis@1.36.1/node_modules/@upstash/redis/chunk-LLI2WIYN.mjs:2528:17)[39m
[31m    at async AutoPipelineExecutor.withAutoPipeline (file:///C:/MY%20LOCAL%20DISC/Slotflow/slotflow-api-gateway/node_modules/.pnpm/@upstash+redis@1.36.1/node_modules/@upstash/redis/chunk-LLI2WIYN.mjs:3443:21)[39m
[31m    at async CacheServiceImpl.getBlockList (C:\MY LOCAL DISC\Slotflow\slotflow-api-gateway\src\services\cache.service.impl.ts:14:20)[39m
[31m    at async blockCheckMiddleware (C:\MY LOCAL DISC\Slotflow\slotflow-api-gateway\src\middleware\blockCheck.middleware.ts:14:30)[39m
[2026-02-20 22:56:59] [[31merror[39m]: [31mgetBlockList failed[39m
[31mfetch failed[39m
[31mTypeError: fetch failed[39m
[31m    at node:internal/deps/undici/undici:16416:13[39m
[31m    at process.processTicksAndRejections (node:internal/process/task_queues:103:5)[39m
[31m    at async HttpClient.request (file:///C:/MY%20LOCAL%20DISC/Slotflow/slotflow-api-gateway/node_modules/.pnpm/@upstash+redis@1.36.1/node_modules/@upstash/redis/chunk-LLI2WIYN.mjs:171:15)[39m
[31m    at async Pipeline.exec (file:///C:/MY%20LOCAL%20DISC/Slotflow/slotflow-api-gateway/node_modules/.pnpm/@upstash+redis@1.36.1/node_modules/@upstash/redis/chunk-LLI2WIYN.mjs:2528:17)[39m
[31m    at async AutoPipelineExecutor.withAutoPipeline (file:///C:/MY%20LOCAL%20DISC/Slotflow/slotflow-api-gateway/node_modules/.pnpm/@upstash+redis@1.36.1/node_modules/@upstash/redis/chunk-LLI2WIYN.mjs:3443:21)[39m
[31m    at async CacheServiceImpl.getBlockList (C:\MY LOCAL DISC\Slotflow\slotflow-api-gateway\src\services\cache.service.impl.ts:14:20)[39m
[31m    at async blockCheckMiddleware (C:\MY LOCAL DISC\Slotflow\slotflow-api-gateway\src\middleware\blockCheck.middleware.ts:14:30)[39m
[2026-02-20 22:56:59] [[31merror[39m]: [31mError in blockCheckMiddleware[39m
[31mfetch failed[39m
[31mTypeError: fetch failed[39m
[31m    at node:internal/deps/undici/undici:16416:13[39m
[31m    at process.processTicksAndRejections (node:internal/process/task_queues:103:5)[39m
[31m    at async HttpClient.request (file:///C:/MY%20LOCAL%20DISC/Slotflow/slotflow-api-gateway/node_modules/.pnpm/@upstash+redis@1.36.1/node_modules/@upstash/redis/chunk-LLI2WIYN.mjs:171:15)[39m
[31m    at async Pipeline.exec (file:///C:/MY%20LOCAL%20DISC/Slotflow/slotflow-api-gateway/node_modules/.pnpm/@upstash+redis@1.36.1/node_modules/@upstash/redis/chunk-LLI2WIYN.mjs:2528:17)[39m
[31m    at async AutoPipelineExecutor.withAutoPipeline (file:///C:/MY%20LOCAL%20DISC/Slotflow/slotflow-api-gateway/node_modules/.pnpm/@upstash+redis@1.36.1/node_modules/@upstash/redis/chunk-LLI2WIYN.mjs:3443:21)[39m
[31m    at async CacheServiceImpl.getBlockList (C:\MY LOCAL DISC\Slotflow\slotflow-api-gateway\src\services\cache.service.impl.ts:14:20)[39m
[31m    at async blockCheckMiddleware (C:\MY LOCAL DISC\Slotflow\slotflow-api-gateway\src\middleware\blockCheck.middleware.ts:14:30)[39m
[2026-02-20 22:57:09] [[31merror[39m]: [31mgetBlockList failed[39m
[31mfetch failed[39m
[31mTypeError: fetch failed[39m
[31m    at node:internal/deps/undici/undici:16416:13[39m
[31m    at process.processTicksAndRejections (node:internal/process/task_queues:103:5)[39m
[31m    at async HttpClient.request (file:///C:/MY%20LOCAL%20DISC/Slotflow/slotflow-api-gateway/node_modules/.pnpm/@upstash+redis@1.36.1/node_modules/@upstash/redis/chunk-LLI2WIYN.mjs:171:15)[39m
[31m    at async Pipeline.exec (file:///C:/MY%20LOCAL%20DISC/Slotflow/slotflow-api-gateway/node_modules/.pnpm/@upstash+redis@1.36.1/node_modules/@upstash/redis/chunk-LLI2WIYN.mjs:2528:17)[39m
[31m    at async AutoPipelineExecutor.withAutoPipeline (file:///C:/MY%20LOCAL%20DISC/Slotflow/slotflow-api-gateway/node_modules/.pnpm/@upstash+redis@1.36.1/node_modules/@upstash/redis/chunk-LLI2WIYN.mjs:3443:21)[39m
[31m    at async CacheServiceImpl.getBlockList (C:\MY LOCAL DISC\Slotflow\slotflow-api-gateway\src\services\cache.service.impl.ts:14:20)[39m
[31m    at async blockCheckMiddleware (C:\MY LOCAL DISC\Slotflow\slotflow-api-gateway\src\middleware\blockCheck.middleware.ts:14:30)[39m
[2026-02-20 22:57:09] [[31merror[39m]: [31mError in blockCheckMiddleware[39m
[31mfetch failed[39m
[31mTypeError: fetch failed[39m
[31m    at node:internal/deps/undici/undici:16416:13[39m
[31m    at process.processTicksAndRejections (node:internal/process/task_queues:103:5)[39m
[31m    at async HttpClient.request (file:///C:/MY%20LOCAL%20DISC/Slotflow/slotflow-api-gateway/node_modules/.pnpm/@upstash+redis@1.36.1/node_modules/@upstash/redis/chunk-LLI2WIYN.mjs:171:15)[39m
[31m    at async Pipeline.exec (file:///C:/MY%20LOCAL%20DISC/Slotflow/slotflow-api-gateway/node_modules/.pnpm/@upstash+redis@1.36.1/node_modules/@upstash/redis/chunk-LLI2WIYN.mjs:2528:17)[39m
[31m    at async AutoPipelineExecutor.withAutoPipeline (file:///C:/MY%20LOCAL%20DISC/Slotflow/slotflow-api-gateway/node_modules/.pnpm/@upstash+redis@1.36.1/node_modules/@upstash/redis/chunk-LLI2WIYN.mjs:3443:21)[39m
[31m    at async CacheServiceImpl.getBlockList (C:\MY LOCAL DISC\Slotflow\slotflow-api-gateway\src\services\cache.service.impl.ts:14:20)[39m
[31m    at async blockCheckMiddleware (C:\MY LOCAL DISC\Slotflow\slotflow-api-gateway\src\middleware\blockCheck.middleware.ts:14:30)[39m
[2026-02-20 22:57:18] [[31merror[39m]: [31mgetBlockList failed[39m
[31mfetch failed[39m
[31mTypeError: fetch failed[39m
[31m    at node:internal/deps/undici/undici:16416:13[39m
[31m    at process.processTicksAndRejections (node:internal/process/task_queues:103:5)[39m
[31m    at async HttpClient.request (file:///C:/MY%20LOCAL%20DISC/Slotflow/slotflow-api-gateway/node_modules/.pnpm/@upstash+redis@1.36.1/node_modules/@upstash/redis/chunk-LLI2WIYN.mjs:171:15)[39m
[31m    at async Pipeline.exec (file:///C:/MY%20LOCAL%20DISC/Slotflow/slotflow-api-gateway/node_modules/.pnpm/@upstash+redis@1.36.1/node_modules/@upstash/redis/chunk-LLI2WIYN.mjs:2528:17)[39m
[31m    at async AutoPipelineExecutor.withAutoPipeline (file:///C:/MY%20LOCAL%20DISC/Slotflow/slotflow-api-gateway/node_modules/.pnpm/@upstash+redis@1.36.1/node_modules/@upstash/redis/chunk-LLI2WIYN.mjs:3443:21)[39m
[31m    at async CacheServiceImpl.getBlockList (C:\MY LOCAL DISC\Slotflow\slotflow-api-gateway\src\services\cache.service.impl.ts:14:20)[39m
[31m    at async blockCheckMiddleware (C:\MY LOCAL DISC\Slotflow\slotflow-api-gateway\src\middleware\blockCheck.middleware.ts:14:30)[39m
[2026-02-20 22:57:18] [[31merror[39m]: [31mError in blockCheckMiddleware[39m
[31mfetch failed[39m
[31mTypeError: fetch failed[39m
[31m    at node:internal/deps/undici/undici:16416:13[39m
[31m    at process.processTicksAndRejections (node:internal/process/task_queues:103:5)[39m
[31m    at async HttpClient.request (file:///C:/MY%20LOCAL%20DISC/Slotflow/slotflow-api-gateway/node_modules/.pnpm/@upstash+redis@1.36.1/node_modules/@upstash/redis/chunk-LLI2WIYN.mjs:171:15)[39m
[31m    at async Pipeline.exec (file:///C:/MY%20LOCAL%20DISC/Slotflow/slotflow-api-gateway/node_modules/.pnpm/@upstash+redis@1.36.1/node_modules/@upstash/redis/chunk-LLI2WIYN.mjs:2528:17)[39m
[31m    at async AutoPipelineExecutor.withAutoPipeline (file:///C:/MY%20LOCAL%20DISC/Slotflow/slotflow-api-gateway/node_modules/.pnpm/@upstash+redis@1.36.1/node_modules/@upstash/redis/chunk-LLI2WIYN.mjs:3443:21)[39m
[31m    at async CacheServiceImpl.getBlockList (C:\MY LOCAL DISC\Slotflow\slotflow-api-gateway\src\services\cache.service.impl.ts:14:20)[39m
[31m    at async blockCheckMiddleware (C:\MY LOCAL DISC\Slotflow\slotflow-api-gateway\src\middleware\blockCheck.middleware.ts:14:30)[39m
[2026-02-20 22:57:28] [[31merror[39m]: [31mgetBlockList failed[39m
[31mfetch failed[39m
[31mTypeError: fetch failed[39m
[31m    at node:internal/deps/undici/undici:16416:13[39m
[31m    at process.processTicksAndRejections (node:internal/process/task_queues:103:5)[39m
[31m    at async HttpClient.request (file:///C:/MY%20LOCAL%20DISC/Slotflow/slotflow-api-gateway/node_modules/.pnpm/@upstash+redis@1.36.1/node_modules/@upstash/redis/chunk-LLI2WIYN.mjs:171:15)[39m
[31m    at async Pipeline.exec (file:///C:/MY%20LOCAL%20DISC/Slotflow/slotflow-api-gateway/node_modules/.pnpm/@upstash+redis@1.36.1/node_modules/@upstash/redis/chunk-LLI2WIYN.mjs:2528:17)[39m
[31m    at async AutoPipelineExecutor.withAutoPipeline (file:///C:/MY%20LOCAL%20DISC/Slotflow/slotflow-api-gateway/node_modules/.pnpm/@upstash+redis@1.36.1/node_modules/@upstash/redis/chunk-LLI2WIYN.mjs:3443:21)[39m
[31m    at async CacheServiceImpl.getBlockList (C:\MY LOCAL DISC\Slotflow\slotflow-api-gateway\src\services\cache.service.impl.ts:14:20)[39m
[31m    at async blockCheckMiddleware (C:\MY LOCAL DISC\Slotflow\slotflow-api-gateway\src\middleware\blockCheck.middleware.ts:14:30)[39m
[2026-02-20 22:57:28] [[31merror[39m]: [31mError in blockCheckMiddleware[39m
[31mfetch failed[39m
[31mTypeError: fetch failed[39m
[31m    at node:internal/deps/undici/undici:16416:13[39m
[31m    at process.processTicksAndRejections (node:internal/process/task_queues:103:5)[39m
[31m    at async HttpClient.request (file:///C:/MY%20LOCAL%20DISC/Slotflow/slotflow-api-gateway/node_modules/.pnpm/@upstash+redis@1.36.1/node_modules/@upstash/redis/chunk-LLI2WIYN.mjs:171:15)[39m
[31m    at async Pipeline.exec (file:///C:/MY%20LOCAL%20DISC/Slotflow/slotflow-api-gateway/node_modules/.pnpm/@upstash+redis@1.36.1/node_modules/@upstash/redis/chunk-LLI2WIYN.mjs:2528:17)[39m
[31m    at async AutoPipelineExecutor.withAutoPipeline (file:///C:/MY%20LOCAL%20DISC/Slotflow/slotflow-api-gateway/node_modules/.pnpm/@upstash+redis@1.36.1/node_modules/@upstash/redis/chunk-LLI2WIYN.mjs:3443:21)[39m
[31m    at async CacheServiceImpl.getBlockList (C:\MY LOCAL DISC\Slotflow\slotflow-api-gateway\src\services\cache.service.impl.ts:14:20)[39m
[31m    at async blockCheckMiddleware (C:\MY LOCAL DISC\Slotflow\slotflow-api-gateway\src\middleware\blockCheck.middleware.ts:14:30)[39m
[2026-02-20 22:58:56] [[32minfo[39m]: [32m[SLOTFLOW API GATEWAY] running on http://localhost:3000[39m
[2026-02-20 22:59:14] [[31merror[39m]: [31mgetBlockList failed[39m
[31mfetch failed[39m
[31mTypeError: fetch failed[39m
[31m    at node:internal/deps/undici/undici:16416:13[39m
[31m    at process.processTicksAndRejections (node:internal/process/task_queues:103:5)[39m
[31m    at async HttpClient.request (file:///C:/MY%20LOCAL%20DISC/Slotflow/slotflow-api-gateway/node_modules/.pnpm/@upstash+redis@1.36.1/node_modules/@upstash/redis/chunk-LLI2WIYN.mjs:171:15)[39m
[31m    at async Pipeline.exec (file:///C:/MY%20LOCAL%20DISC/Slotflow/slotflow-api-gateway/node_modules/.pnpm/@upstash+redis@1.36.1/node_modules/@upstash/redis/chunk-LLI2WIYN.mjs:2528:17)[39m
[31m    at async AutoPipelineExecutor.withAutoPipeline (file:///C:/MY%20LOCAL%20DISC/Slotflow/slotflow-api-gateway/node_modules/.pnpm/@upstash+redis@1.36.1/node_modules/@upstash/redis/chunk-LLI2WIYN.mjs:3443:21)[39m
[31m    at async CacheServiceImpl.getBlockList (C:\MY LOCAL DISC\Slotflow\slotflow-api-gateway\src\services\cache.service.impl.ts:14:20)[39m
[31m    at async blockCheckMiddleware (C:\MY LOCAL DISC\Slotflow\slotflow-api-gateway\src\middleware\blockCheck.middleware.ts:14:30)[39m
[2026-02-20 22:59:14] [[31merror[39m]: [31mError in blockCheckMiddleware[39m
[31mfetch failed[39m
[31mTypeError: fetch failed[39m
[31m    at node:internal/deps/undici/undici:16416:13[39m
[31m    at process.processTicksAndRejections (node:internal/process/task_queues:103:5)[39m
[31m    at async HttpClient.request (file:///C:/MY%20LOCAL%20DISC/Slotflow/slotflow-api-gateway/node_modules/.pnpm/@upstash+redis@1.36.1/node_modules/@upstash/redis/chunk-LLI2WIYN.mjs:171:15)[39m
[31m    at async Pipeline.exec (file:///C:/MY%20LOCAL%20DISC/Slotflow/slotflow-api-gateway/node_modules/.pnpm/@upstash+redis@1.36.1/node_modules/@upstash/redis/chunk-LLI2WIYN.mjs:2528:17)[39m
[31m    at async AutoPipelineExecutor.withAutoPipeline (file:///C:/MY%20LOCAL%20DISC/Slotflow/slotflow-api-gateway/node_modules/.pnpm/@upstash+redis@1.36.1/node_modules/@upstash/redis/chunk-LLI2WIYN.mjs:3443:21)[39m
[31m    at async CacheServiceImpl.getBlockList (C:\MY LOCAL DISC\Slotflow\slotflow-api-gateway\src\services\cache.service.impl.ts:14:20)[39m
[31m    at async blockCheckMiddleware (C:\MY LOCAL DISC\Slotflow\slotflow-api-gateway\src\middleware\blockCheck.middleware.ts:14:30)[39m
[2026-02-20 22:59:18] [[31merror[39m]: [31mgetBlockList failed[39m
[31mfetch failed[39m
[31mTypeError: fetch failed[39m
[31m    at node:internal/deps/undici/undici:16416:13[39m
[31m    at process.processTicksAndRejections (node:internal/process/task_queues:103:5)[39m
[31m    at async HttpClient.request (file:///C:/MY%20LOCAL%20DISC/Slotflow/slotflow-api-gateway/node_modules/.pnpm/@upstash+redis@1.36.1/node_modules/@upstash/redis/chunk-LLI2WIYN.mjs:171:15)[39m
[31m    at async Pipeline.exec (file:///C:/MY%20LOCAL%20DISC/Slotflow/slotflow-api-gateway/node_modules/.pnpm/@upstash+redis@1.36.1/node_modules/@upstash/redis/chunk-LLI2WIYN.mjs:2528:17)[39m
[31m    at async AutoPipelineExecutor.withAutoPipeline (file:///C:/MY%20LOCAL%20DISC/Slotflow/slotflow-api-gateway/node_modules/.pnpm/@upstash+redis@1.36.1/node_modules/@upstash/redis/chunk-LLI2WIYN.mjs:3443:21)[39m
[31m    at async CacheServiceImpl.getBlockList (C:\MY LOCAL DISC\Slotflow\slotflow-api-gateway\src\services\cache.service.impl.ts:14:20)[39m
[31m    at async blockCheckMiddleware (C:\MY LOCAL DISC\Slotflow\slotflow-api-gateway\src\middleware\blockCheck.middleware.ts:14:30)[39m
[2026-02-20 22:59:18] [[31merror[39m]: [31mError in blockCheckMiddleware[39m
[31mfetch failed[39m
[31mTypeError: fetch failed[39m
[31m    at node:internal/deps/undici/undici:16416:13[39m
[31m    at process.processTicksAndRejections (node:internal/process/task_queues:103:5)[39m
[31m    at async HttpClient.request (file:///C:/MY%20LOCAL%20DISC/Slotflow/slotflow-api-gateway/node_modules/.pnpm/@upstash+redis@1.36.1/node_modules/@upstash/redis/chunk-LLI2WIYN.mjs:171:15)[39m
[31m    at async Pipeline.exec (file:///C:/MY%20LOCAL%20DISC/Slotflow/slotflow-api-gateway/node_modules/.pnpm/@upstash+redis@1.36.1/node_modules/@upstash/redis/chunk-LLI2WIYN.mjs:2528:17)[39m
[31m    at async AutoPipelineExecutor.withAutoPipeline (file:///C:/MY%20LOCAL%20DISC/Slotflow/slotflow-api-gateway/node_modules/.pnpm/@upstash+redis@1.36.1/node_modules/@upstash/redis/chunk-LLI2WIYN.mjs:3443:21)[39m
[31m    at async CacheServiceImpl.getBlockList (C:\MY LOCAL DISC\Slotflow\slotflow-api-gateway\src\services\cache.service.impl.ts:14:20)[39m
[31m    at async blockCheckMiddleware (C:\MY LOCAL DISC\Slotflow\slotflow-api-gateway\src\middleware\blockCheck.middleware.ts:14:30)[39m
[2026-02-20 22:59:24] [[31merror[39m]: [31mgetBlockList failed[39m
[31mfetch failed[39m
[31mTypeError: fetch failed[39m
[31m    at node:internal/deps/undici/undici:16416:13[39m
[31m    at process.processTicksAndRejections (node:internal/process/task_queues:103:5)[39m
[31m    at async HttpClient.request (file:///C:/MY%20LOCAL%20DISC/Slotflow/slotflow-api-gateway/node_modules/.pnpm/@upstash+redis@1.36.1/node_modules/@upstash/redis/chunk-LLI2WIYN.mjs:171:15)[39m
[31m    at async Pipeline.exec (file:///C:/MY%20LOCAL%20DISC/Slotflow/slotflow-api-gateway/node_modules/.pnpm/@upstash+redis@1.36.1/node_modules/@upstash/redis/chunk-LLI2WIYN.mjs:2528:17)[39m
[31m    at async AutoPipelineExecutor.withAutoPipeline (file:///C:/MY%20LOCAL%20DISC/Slotflow/slotflow-api-gateway/node_modules/.pnpm/@upstash+redis@1.36.1/node_modules/@upstash/redis/chunk-LLI2WIYN.mjs:3443:21)[39m
[31m    at async CacheServiceImpl.getBlockList (C:\MY LOCAL DISC\Slotflow\slotflow-api-gateway\src\services\cache.service.impl.ts:14:20)[39m
[31m    at async blockCheckMiddleware (C:\MY LOCAL DISC\Slotflow\slotflow-api-gateway\src\middleware\blockCheck.middleware.ts:14:30)[39m
[2026-02-20 22:59:24] [[31merror[39m]: [31mError in blockCheckMiddleware[39m
[31mfetch failed[39m
[31mTypeError: fetch failed[39m
[31m    at node:internal/deps/undici/undici:16416:13[39m
[31m    at process.processTicksAndRejections (node:internal/process/task_queues:103:5)[39m
[31m    at async HttpClient.request (file:///C:/MY%20LOCAL%20DISC/Slotflow/slotflow-api-gateway/node_modules/.pnpm/@upstash+redis@1.36.1/node_modules/@upstash/redis/chunk-LLI2WIYN.mjs:171:15)[39m
[31m    at async Pipeline.exec (file:///C:/MY%20LOCAL%20DISC/Slotflow/slotflow-api-gateway/node_modules/.pnpm/@upstash+redis@1.36.1/node_modules/@upstash/redis/chunk-LLI2WIYN.mjs:2528:17)[39m
[31m    at async AutoPipelineExecutor.withAutoPipeline (file:///C:/MY%20LOCAL%20DISC/Slotflow/slotflow-api-gateway/node_modules/.pnpm/@upstash+redis@1.36.1/node_modules/@upstash/redis/chunk-LLI2WIYN.mjs:3443:21)[39m
[31m    at async CacheServiceImpl.getBlockList (C:\MY LOCAL DISC\Slotflow\slotflow-api-gateway\src\services\cache.service.impl.ts:14:20)[39m
[31m    at async blockCheckMiddleware (C:\MY LOCAL DISC\Slotflow\slotflow-api-gateway\src\middleware\blockCheck.middleware.ts:14:30)[39m
[2026-02-20 22:59:30] [[31merror[39m]: [31mgetBlockList failed[39m
[31mfetch failed[39m
[31mTypeError: fetch failed[39m
[31m    at node:internal/deps/undici/undici:16416:13[39m
[31m    at process.processTicksAndRejections (node:internal/process/task_queues:103:5)[39m
[31m    at async HttpClient.request (file:///C:/MY%20LOCAL%20DISC/Slotflow/slotflow-api-gateway/node_modules/.pnpm/@upstash+redis@1.36.1/node_modules/@upstash/redis/chunk-LLI2WIYN.mjs:171:15)[39m
[31m    at async Pipeline.exec (file:///C:/MY%20LOCAL%20DISC/Slotflow/slotflow-api-gateway/node_modules/.pnpm/@upstash+redis@1.36.1/node_modules/@upstash/redis/chunk-LLI2WIYN.mjs:2528:17)[39m
[31m    at async AutoPipelineExecutor.withAutoPipeline (file:///C:/MY%20LOCAL%20DISC/Slotflow/slotflow-api-gateway/node_modules/.pnpm/@upstash+redis@1.36.1/node_modules/@upstash/redis/chunk-LLI2WIYN.mjs:3443:21)[39m
[31m    at async CacheServiceImpl.getBlockList (C:\MY LOCAL DISC\Slotflow\slotflow-api-gateway\src\services\cache.service.impl.ts:14:20)[39m
[31m    at async blockCheckMiddleware (C:\MY LOCAL DISC\Slotflow\slotflow-api-gateway\src\middleware\blockCheck.middleware.ts:14:30)[39m
[2026-02-20 22:59:30] [[31merror[39m]: [31mError in blockCheckMiddleware[39m
[31mfetch failed[39m
[31mTypeError: fetch failed[39m
[31m    at node:internal/deps/undici/undici:16416:13[39m
[31m    at process.processTicksAndRejections (node:internal/process/task_queues:103:5)[39m
[31m    at async HttpClient.request (file:///C:/MY%20LOCAL%20DISC/Slotflow/slotflow-api-gateway/node_modules/.pnpm/@upstash+redis@1.36.1/node_modules/@upstash/redis/chunk-LLI2WIYN.mjs:171:15)[39m
[31m    at async Pipeline.exec (file:///C:/MY%20LOCAL%20DISC/Slotflow/slotflow-api-gateway/node_modules/.pnpm/@upstash+redis@1.36.1/node_modules/@upstash/redis/chunk-LLI2WIYN.mjs:2528:17)[39m
[31m    at async AutoPipelineExecutor.withAutoPipeline (file:///C:/MY%20LOCAL%20DISC/Slotflow/slotflow-api-gateway/node_modules/.pnpm/@upstash+redis@1.36.1/node_modules/@upstash/redis/chunk-LLI2WIYN.mjs:3443:21)[39m
[31m    at async CacheServiceImpl.getBlockList (C:\MY LOCAL DISC\Slotflow\slotflow-api-gateway\src\services\cache.service.impl.ts:14:20)[39m
[31m    at async blockCheckMiddleware (C:\MY LOCAL DISC\Slotflow\slotflow-api-gateway\src\middleware\blockCheck.middleware.ts:14:30)[39m
[2026-02-20 22:59:38] [[31merror[39m]: [31mgetBlockList failed[39m
[31mfetch failed[39m
[31mTypeError: fetch failed[39m
[31m    at node:internal/deps/undici/undici:16416:13[39m
[31m    at process.processTicksAndRejections (node:internal/process/task_queues:103:5)[39m
[31m    at async HttpClient.request (file:///C:/MY%20LOCAL%20DISC/Slotflow/slotflow-api-gateway/node_modules/.pnpm/@upstash+redis@1.36.1/node_modules/@upstash/redis/chunk-LLI2WIYN.mjs:171:15)[39m
[31m    at async Pipeline.exec (file:///C:/MY%20LOCAL%20DISC/Slotflow/slotflow-api-gateway/node_modules/.pnpm/@upstash+redis@1.36.1/node_modules/@upstash/redis/chunk-LLI2WIYN.mjs:2528:17)[39m
[31m    at async AutoPipelineExecutor.withAutoPipeline (file:///C:/MY%20LOCAL%20DISC/Slotflow/slotflow-api-gateway/node_modules/.pnpm/@upstash+redis@1.36.1/node_modules/@upstash/redis/chunk-LLI2WIYN.mjs:3443:21)[39m
[31m    at async CacheServiceImpl.getBlockList (C:\MY LOCAL DISC\Slotflow\slotflow-api-gateway\src\services\cache.service.impl.ts:14:20)[39m
[31m    at async blockCheckMiddleware (C:\MY LOCAL DISC\Slotflow\slotflow-api-gateway\src\middleware\blockCheck.middleware.ts:14:30)[39m
[2026-02-20 22:59:38] [[31merror[39m]: [31mError in blockCheckMiddleware[39m
[31mfetch failed[39m
[31mTypeError: fetch failed[39m
[31m    at node:internal/deps/undici/undici:16416:13[39m
[31m    at process.processTicksAndRejections (node:internal/process/task_queues:103:5)[39m
[31m    at async HttpClient.request (file:///C:/MY%20LOCAL%20DISC/Slotflow/slotflow-api-gateway/node_modules/.pnpm/@upstash+redis@1.36.1/node_modules/@upstash/redis/chunk-LLI2WIYN.mjs:171:15)[39m
[31m    at async Pipeline.exec (file:///C:/MY%20LOCAL%20DISC/Slotflow/slotflow-api-gateway/node_modules/.pnpm/@upstash+redis@1.36.1/node_modules/@upstash/redis/chunk-LLI2WIYN.mjs:2528:17)[39m
[31m    at async AutoPipelineExecutor.withAutoPipeline (file:///C:/MY%20LOCAL%20DISC/Slotflow/slotflow-api-gateway/node_modules/.pnpm/@upstash+redis@1.36.1/node_modules/@upstash/redis/chunk-LLI2WIYN.mjs:3443:21)[39m
[31m    at async CacheServiceImpl.getBlockList (C:\MY LOCAL DISC\Slotflow\slotflow-api-gateway\src\services\cache.service.impl.ts:14:20)[39m
[31m    at async blockCheckMiddleware (C:\MY LOCAL DISC\Slotflow\slotflow-api-gateway\src\middleware\blockCheck.middleware.ts:14:30)[39m
[2026-02-20 23:00:43] [[32minfo[39m]: [32m[SLOTFLOW API GATEWAY] running on http://localhost:3000[39m
[2026-02-20 23:01:01] [[32minfo[39m]: [32m[SLOTFLOW API GATEWAY] running on http://localhost:3000[39m
[2026-02-20 23:01:28] [[32minfo[39m]: [32m[GATEWAY PROXY] POST /auth/signout → http://localhost:4000/api/auth/signout[39m
[2026-02-20 23:01:28] [[32minfo[39m]: [32mexpressReq.user : undefined[39m
[2026-02-20 23:04:39] [[32minfo[39m]: [32m[GATEWAY PROXY] POST /auth/signin → http://localhost:4000/api/auth/signin[39m
[2026-02-20 23:04:39] [[32minfo[39m]: [32mexpressReq.user : undefined[39m
[2026-02-20 23:04:50] [[31merror[39m]: [31mgetBlockList failed[39m
[31mfetch failed[39m
[31mTypeError: fetch failed[39m
[31m    at node:internal/deps/undici/undici:16416:13[39m
[31m    at process.processTicksAndRejections (node:internal/process/task_queues:103:5)[39m
[31m    at async HttpClient.request (file:///C:/MY%20LOCAL%20DISC/Slotflow/slotflow-api-gateway/node_modules/.pnpm/@upstash+redis@1.36.1/node_modules/@upstash/redis/chunk-LLI2WIYN.mjs:171:15)[39m
[31m    at async Pipeline.exec (file:///C:/MY%20LOCAL%20DISC/Slotflow/slotflow-api-gateway/node_modules/.pnpm/@upstash+redis@1.36.1/node_modules/@upstash/redis/chunk-LLI2WIYN.mjs:2528:17)[39m
[31m    at async AutoPipelineExecutor.withAutoPipeline (file:///C:/MY%20LOCAL%20DISC/Slotflow/slotflow-api-gateway/node_modules/.pnpm/@upstash+redis@1.36.1/node_modules/@upstash/redis/chunk-LLI2WIYN.mjs:3443:21)[39m
[31m    at async CacheServiceImpl.getBlockList (C:\MY LOCAL DISC\Slotflow\slotflow-api-gateway\src\services\cache.service.impl.ts:14:20)[39m
[31m    at async blockCheckMiddleware (C:\MY LOCAL DISC\Slotflow\slotflow-api-gateway\src\middleware\blockCheck.middleware.ts:14:30)[39m
[2026-02-20 23:04:50] [[31merror[39m]: [31mError in blockCheckMiddleware[39m
[31mfetch failed[39m
[31mTypeError: fetch failed[39m
[31m    at node:internal/deps/undici/undici:16416:13[39m
[31m    at process.processTicksAndRejections (node:internal/process/task_queues:103:5)[39m
[31m    at async HttpClient.request (file:///C:/MY%20LOCAL%20DISC/Slotflow/slotflow-api-gateway/node_modules/.pnpm/@upstash+redis@1.36.1/node_modules/@upstash/redis/chunk-LLI2WIYN.mjs:171:15)[39m
[31m    at async Pipeline.exec (file:///C:/MY%20LOCAL%20DISC/Slotflow/slotflow-api-gateway/node_modules/.pnpm/@upstash+redis@1.36.1/node_modules/@upstash/redis/chunk-LLI2WIYN.mjs:2528:17)[39m
[31m    at async AutoPipelineExecutor.withAutoPipeline (file:///C:/MY%20LOCAL%20DISC/Slotflow/slotflow-api-gateway/node_modules/.pnpm/@upstash+redis@1.36.1/node_modules/@upstash/redis/chunk-LLI2WIYN.mjs:3443:21)[39m
[31m    at async CacheServiceImpl.getBlockList (C:\MY LOCAL DISC\Slotflow\slotflow-api-gateway\src\services\cache.service.impl.ts:14:20)[39m
[31m    at async blockCheckMiddleware (C:\MY LOCAL DISC\Slotflow\slotflow-api-gateway\src\middleware\blockCheck.middleware.ts:14:30)[39m
[2026-02-20 23:04:56] [[31merror[39m]: [31mgetBlockList failed[39m
[31mfetch failed[39m
[31mTypeError: fetch failed[39m
[31m    at node:internal/deps/undici/undici:16416:13[39m
[31m    at process.processTicksAndRejections (node:internal/process/task_queues:103:5)[39m
[31m    at async HttpClient.request (file:///C:/MY%20LOCAL%20DISC/Slotflow/slotflow-api-gateway/node_modules/.pnpm/@upstash+redis@1.36.1/node_modules/@upstash/redis/chunk-LLI2WIYN.mjs:171:15)[39m
[31m    at async Pipeline.exec (file:///C:/MY%20LOCAL%20DISC/Slotflow/slotflow-api-gateway/node_modules/.pnpm/@upstash+redis@1.36.1/node_modules/@upstash/redis/chunk-LLI2WIYN.mjs:2528:17)[39m
[31m    at async AutoPipelineExecutor.withAutoPipeline (file:///C:/MY%20LOCAL%20DISC/Slotflow/slotflow-api-gateway/node_modules/.pnpm/@upstash+redis@1.36.1/node_modules/@upstash/redis/chunk-LLI2WIYN.mjs:3443:21)[39m
[31m    at async CacheServiceImpl.getBlockList (C:\MY LOCAL DISC\Slotflow\slotflow-api-gateway\src\services\cache.service.impl.ts:14:20)[39m
[31m    at async blockCheckMiddleware (C:\MY LOCAL DISC\Slotflow\slotflow-api-gateway\src\middleware\blockCheck.middleware.ts:14:30)[39m
[2026-02-20 23:04:56] [[31merror[39m]: [31mError in blockCheckMiddleware[39m
[31mfetch failed[39m
[31mTypeError: fetch failed[39m
[31m    at node:internal/deps/undici/undici:16416:13[39m
[31m    at process.processTicksAndRejections (node:internal/process/task_queues:103:5)[39m
[31m    at async HttpClient.request (file:///C:/MY%20LOCAL%20DISC/Slotflow/slotflow-api-gateway/node_modules/.pnpm/@upstash+redis@1.36.1/node_modules/@upstash/redis/chunk-LLI2WIYN.mjs:171:15)[39m
[31m    at async Pipeline.exec (file:///C:/MY%20LOCAL%20DISC/Slotflow/slotflow-api-gateway/node_modules/.pnpm/@upstash+redis@1.36.1/node_modules/@upstash/redis/chunk-LLI2WIYN.mjs:2528:17)[39m
[31m    at async AutoPipelineExecutor.withAutoPipeline (file:///C:/MY%20LOCAL%20DISC/Slotflow/slotflow-api-gateway/node_modules/.pnpm/@upstash+redis@1.36.1/node_modules/@upstash/redis/chunk-LLI2WIYN.mjs:3443:21)[39m
[31m    at async CacheServiceImpl.getBlockList (C:\MY LOCAL DISC\Slotflow\slotflow-api-gateway\src\services\cache.service.impl.ts:14:20)[39m
[31m    at async blockCheckMiddleware (C:\MY LOCAL DISC\Slotflow\slotflow-api-gateway\src\middleware\blockCheck.middleware.ts:14:30)[39m
[2026-02-20 23:05:02] [[31merror[39m]: [31mgetBlockList failed[39m
[31mfetch failed[39m
[31mTypeError: fetch failed[39m
[31m    at node:internal/deps/undici/undici:16416:13[39m
[31m    at process.processTicksAndRejections (node:internal/process/task_queues:103:5)[39m
[31m    at async HttpClient.request (file:///C:/MY%20LOCAL%20DISC/Slotflow/slotflow-api-gateway/node_modules/.pnpm/@upstash+redis@1.36.1/node_modules/@upstash/redis/chunk-LLI2WIYN.mjs:171:15)[39m
[31m    at async Pipeline.exec (file:///C:/MY%20LOCAL%20DISC/Slotflow/slotflow-api-gateway/node_modules/.pnpm/@upstash+redis@1.36.1/node_modules/@upstash/redis/chunk-LLI2WIYN.mjs:2528:17)[39m
[31m    at async AutoPipelineExecutor.withAutoPipeline (file:///C:/MY%20LOCAL%20DISC/Slotflow/slotflow-api-gateway/node_modules/.pnpm/@upstash+redis@1.36.1/node_modules/@upstash/redis/chunk-LLI2WIYN.mjs:3443:21)[39m
[31m    at async CacheServiceImpl.getBlockList (C:\MY LOCAL DISC\Slotflow\slotflow-api-gateway\src\services\cache.service.impl.ts:14:20)[39m
[31m    at async blockCheckMiddleware (C:\MY LOCAL DISC\Slotflow\slotflow-api-gateway\src\middleware\blockCheck.middleware.ts:14:30)[39m
[2026-02-20 23:05:02] [[31merror[39m]: [31mError in blockCheckMiddleware[39m
[31mfetch failed[39m
[31mTypeError: fetch failed[39m
[31m    at node:internal/deps/undici/undici:16416:13[39m
[31m    at process.processTicksAndRejections (node:internal/process/task_queues:103:5)[39m
[31m    at async HttpClient.request (file:///C:/MY%20LOCAL%20DISC/Slotflow/slotflow-api-gateway/node_modules/.pnpm/@upstash+redis@1.36.1/node_modules/@upstash/redis/chunk-LLI2WIYN.mjs:171:15)[39m
[31m    at async Pipeline.exec (file:///C:/MY%20LOCAL%20DISC/Slotflow/slotflow-api-gateway/node_modules/.pnpm/@upstash+redis@1.36.1/node_modules/@upstash/redis/chunk-LLI2WIYN.mjs:2528:17)[39m
[31m    at async AutoPipelineExecutor.withAutoPipeline (file:///C:/MY%20LOCAL%20DISC/Slotflow/slotflow-api-gateway/node_modules/.pnpm/@upstash+redis@1.36.1/node_modules/@upstash/redis/chunk-LLI2WIYN.mjs:3443:21)[39m
[31m    at async CacheServiceImpl.getBlockList (C:\MY LOCAL DISC\Slotflow\slotflow-api-gateway\src\services\cache.service.impl.ts:14:20)[39m
[31m    at async blockCheckMiddleware (C:\MY LOCAL DISC\Slotflow\slotflow-api-gateway\src\middleware\blockCheck.middleware.ts:14:30)[39m
[2026-02-20 23:05:10] [[31merror[39m]: [31mgetBlockList failed[39m
[31mfetch failed[39m
[31mTypeError: fetch failed[39m
[31m    at node:internal/deps/undici/undici:16416:13[39m
[31m    at process.processTicksAndRejections (node:internal/process/task_queues:103:5)[39m
[31m    at async HttpClient.request (file:///C:/MY%20LOCAL%20DISC/Slotflow/slotflow-api-gateway/node_modules/.pnpm/@upstash+redis@1.36.1/node_modules/@upstash/redis/chunk-LLI2WIYN.mjs:171:15)[39m
[31m    at async Pipeline.exec (file:///C:/MY%20LOCAL%20DISC/Slotflow/slotflow-api-gateway/node_modules/.pnpm/@upstash+redis@1.36.1/node_modules/@upstash/redis/chunk-LLI2WIYN.mjs:2528:17)[39m
[31m    at async AutoPipelineExecutor.withAutoPipeline (file:///C:/MY%20LOCAL%20DISC/Slotflow/slotflow-api-gateway/node_modules/.pnpm/@upstash+redis@1.36.1/node_modules/@upstash/redis/chunk-LLI2WIYN.mjs:3443:21)[39m
[31m    at async CacheServiceImpl.getBlockList (C:\MY LOCAL DISC\Slotflow\slotflow-api-gateway\src\services\cache.service.impl.ts:14:20)[39m
[31m    at async blockCheckMiddleware (C:\MY LOCAL DISC\Slotflow\slotflow-api-gateway\src\middleware\blockCheck.middleware.ts:14:30)[39m
[2026-02-20 23:05:10] [[31merror[39m]: [31mError in blockCheckMiddleware[39m
[31mfetch failed[39m
[31mTypeError: fetch failed[39m
[31m    at node:internal/deps/undici/undici:16416:13[39m
[31m    at process.processTicksAndRejections (node:internal/process/task_queues:103:5)[39m
[31m    at async HttpClient.request (file:///C:/MY%20LOCAL%20DISC/Slotflow/slotflow-api-gateway/node_modules/.pnpm/@upstash+redis@1.36.1/node_modules/@upstash/redis/chunk-LLI2WIYN.mjs:171:15)[39m
[31m    at async Pipeline.exec (file:///C:/MY%20LOCAL%20DISC/Slotflow/slotflow-api-gateway/node_modules/.pnpm/@upstash+redis@1.36.1/node_modules/@upstash/redis/chunk-LLI2WIYN.mjs:2528:17)[39m
[31m    at async AutoPipelineExecutor.withAutoPipeline (file:///C:/MY%20LOCAL%20DISC/Slotflow/slotflow-api-gateway/node_modules/.pnpm/@upstash+redis@1.36.1/node_modules/@upstash/redis/chunk-LLI2WIYN.mjs:3443:21)[39m
[31m    at async CacheServiceImpl.getBlockList (C:\MY LOCAL DISC\Slotflow\slotflow-api-gateway\src\services\cache.service.impl.ts:14:20)[39m
[31m    at async blockCheckMiddleware (C:\MY LOCAL DISC\Slotflow\slotflow-api-gateway\src\middleware\blockCheck.middleware.ts:14:30)[39m
[2026-02-20 23:16:37] [[32minfo[39m]: [32m[SLOTFLOW API GATEWAY] running on http://localhost:3000[39m
[2026-02-20 23:17:07] [[32minfo[39m]: [32m[GATEWAY PROXY] POST /auth/signout → http://localhost:4000/api/auth/signout[39m
[2026-02-20 23:17:07] [[32minfo[39m]: [32mexpressReq.user : undefined[39m
[2026-02-20 23:18:16] [[32minfo[39m]: [32m[GATEWAY PROXY] POST /auth/signin → http://localhost:4000/api/auth/signin[39m
[2026-02-20 23:18:16] [[32minfo[39m]: [32mexpressReq.user : undefined[39m
[2026-02-20 23:18:21] [[32minfo[39m]: [32m[GATEWAY PROXY] GET /provider/dashboard/stats → http://localhost:4000/api/provider/dashboard/stats[39m
[2026-02-20 23:18:21] [[32minfo[39m]: [32mexpressReq.user : {"id":"698f28d799b35470f53dd6e2","role":"PROVIDER"}[39m
[2026-02-20 23:18:42] [[32minfo[39m]: [32m[GATEWAY PROXY] POST /auth/signout → http://localhost:4000/api/auth/signout[39m
[2026-02-20 23:18:42] [[32minfo[39m]: [32mexpressReq.user : undefined[39m
[2026-02-20 23:19:17] [[32minfo[39m]: [32m[SLOTFLOW API GATEWAY] running on http://localhost:3000[39m
[2026-02-20 23:20:10] [[32minfo[39m]: [32m[GATEWAY PROXY] POST /auth/signin → http://localhost:4000/api/auth/signin[39m
[2026-02-20 23:20:10] [[32minfo[39m]: [32mexpressReq.user : undefined[39m
[2026-02-20 23:20:14] [[32minfo[39m]: [32m[GATEWAY PROXY] GET /?EIO=4&transport=polling&t=6qoxyemp → http://localhost:5000/api/?EIO=4&transport=polling&t=6qoxyemp[39m
[2026-02-20 23:20:14] [[32minfo[39m]: [32mexpressReq.user : {"id":"698f28d799b35470f53dd6e2","role":"PROVIDER"}[39m
[2026-02-20 23:20:14] [[32minfo[39m]: [32m[GATEWAY PROXY] GET /provider/dashboard/stats → http://localhost:4000/api/provider/dashboard/stats[39m
[2026-02-20 23:20:14] [[32minfo[39m]: [32mexpressReq.user : {"id":"698f28d799b35470f53dd6e2","role":"PROVIDER"}[39m
[2026-02-20 23:20:15] [[32minfo[39m]: [32m[GATEWAY PROXY] GET /?EIO=4&transport=polling&t=6qqm05h0 → http://localhost:5000/api/?EIO=4&transport=polling&t=6qqm05h0[39m
[2026-02-20 23:20:15] [[32minfo[39m]: [32mexpressReq.user : {"id":"698f28d799b35470f53dd6e2","role":"PROVIDER"}[39m
[2026-02-20 23:20:18] [[32minfo[39m]: [32m[GATEWAY PROXY] GET /?EIO=4&transport=polling&t=6qsu9n7s → http://localhost:5000/api/?EIO=4&transport=polling&t=6qsu9n7s[39m
[2026-02-20 23:20:18] [[32minfo[39m]: [32mexpressReq.user : {"id":"698f28d799b35470f53dd6e2","role":"PROVIDER"}[39m
[2026-02-20 23:20:21] [[32minfo[39m]: [32m[GATEWAY PROXY] POST /user-device/ → http://localhost:6000/api/user-device/[39m
[2026-02-20 23:20:21] [[32minfo[39m]: [32mexpressReq.user : {"id":"698f28d799b35470f53dd6e2","role":"PROVIDER"}[39m
[2026-02-20 23:20:23] [[32minfo[39m]: [32m[GATEWAY PROXY] GET /?EIO=4&transport=polling&t=6qwa6bmo → http://localhost:5000/api/?EIO=4&transport=polling&t=6qwa6bmo[39m
[2026-02-20 23:20:23] [[32minfo[39m]: [32mexpressReq.user : {"id":"698f28d799b35470f53dd6e2","role":"PROVIDER"}[39m
[2026-02-20 23:20:28] [[32minfo[39m]: [32m[GATEWAY PROXY] GET /?EIO=4&transport=polling&t=6r08rhv6 → http://localhost:5000/api/?EIO=4&transport=polling&t=6r08rhv6[39m
[2026-02-20 23:20:28] [[32minfo[39m]: [32mexpressReq.user : {"id":"698f28d799b35470f53dd6e2","role":"PROVIDER"}[39m
[2026-02-20 23:20:34] [[32minfo[39m]: [32m[GATEWAY PROXY] GET /?EIO=4&transport=polling&t=6r4duj36 → http://localhost:5000/api/?EIO=4&transport=polling&t=6r4duj36[39m
[2026-02-20 23:20:34] [[32minfo[39m]: [32mexpressReq.user : {"id":"698f28d799b35470f53dd6e2","role":"PROVIDER"}[39m
[2026-02-20 23:20:39] [[32minfo[39m]: [32m[GATEWAY PROXY] GET /?EIO=4&transport=polling&t=6r8k5tio → http://localhost:5000/api/?EIO=4&transport=polling&t=6r8k5tio[39m
[2026-02-20 23:20:39] [[32minfo[39m]: [32mexpressReq.user : {"id":"698f28d799b35470f53dd6e2","role":"PROVIDER"}[39m
[2026-02-20 23:20:44] [[32minfo[39m]: [32m[GATEWAY PROXY] GET /?EIO=4&transport=polling&t=6rcottr1 → http://localhost:5000/api/?EIO=4&transport=polling&t=6rcottr1[39m
[2026-02-20 23:20:44] [[32minfo[39m]: [32mexpressReq.user : {"id":"698f28d799b35470f53dd6e2","role":"PROVIDER"}[39m
[2026-02-20 23:20:50] [[32minfo[39m]: [32m[GATEWAY PROXY] GET /?EIO=4&transport=polling&t=6rgrguu2 → http://localhost:5000/api/?EIO=4&transport=polling&t=6rgrguu2[39m
[2026-02-20 23:20:50] [[32minfo[39m]: [32mexpressReq.user : {"id":"698f28d799b35470f53dd6e2","role":"PROVIDER"}[39m
[2026-02-20 23:20:54] [[32minfo[39m]: [32m[GATEWAY PROXY] POST /auth/signout → http://localhost:4000/api/auth/signout[39m
[2026-02-20 23:20:54] [[32minfo[39m]: [32mexpressReq.user : undefined[39m
[2026-02-20 23:29:30] [[32minfo[39m]: [32m[SLOTFLOW API GATEWAY] running on http://localhost:3000[39m
[2026-02-20 23:31:13] [[32minfo[39m]: [32m[GATEWAY PROXY] POST /auth/signin → http://localhost:4000/api/auth/signin[39m
[2026-02-20 23:31:13] [[32minfo[39m]: [32mexpressReq.user : undefined[39m
[2026-02-20 23:31:18] [[32minfo[39m]: [32m[GATEWAY PROXY] GET /api/events/?EIO=4&transport=polling&t=74wxg6hd → http://localhost:5000/api/api/events/?EIO=4&transport=polling&t=74wxg6hd[39m
[2026-02-20 23:31:18] [[32minfo[39m]: [32mexpressReq.user : {"id":"698f28d799b35470f53dd6e2","role":"PROVIDER"}[39m
[2026-02-20 23:31:18] [[32minfo[39m]: [32m[GATEWAY PROXY] GET /provider/dashboard/stats → http://localhost:4000/api/provider/dashboard/stats[39m
[2026-02-20 23:31:18] [[32minfo[39m]: [32mexpressReq.user : {"id":"698f28d799b35470f53dd6e2","role":"PROVIDER"}[39m
[2026-02-20 23:31:19] [[32minfo[39m]: [32m[GATEWAY PROXY] GET /api/events/?EIO=4&transport=polling&t=74yqmcrb → http://localhost:5000/api/api/events/?EIO=4&transport=polling&t=74yqmcrb[39m
[2026-02-20 23:31:19] [[32minfo[39m]: [32mexpressReq.user : {"id":"698f28d799b35470f53dd6e2","role":"PROVIDER"}[39m
[2026-02-20 23:31:21] [[32minfo[39m]: [32m[GATEWAY PROXY] GET /api/events/?EIO=4&transport=polling&t=74zwh6xc → http://localhost:5000/api/api/events/?EIO=4&transport=polling&t=74zwh6xc[39m
[2026-02-20 23:31:21] [[32minfo[39m]: [32mexpressReq.user : {"id":"698f28d799b35470f53dd6e2","role":"PROVIDER"}[39m
[2026-02-20 23:31:26] [[32minfo[39m]: [32m[GATEWAY PROXY] GET /api/events/?EIO=4&transport=polling&t=753uwyfg → http://localhost:5000/api/api/events/?EIO=4&transport=polling&t=753uwyfg[39m
[2026-02-20 23:31:26] [[32minfo[39m]: [32mexpressReq.user : {"id":"698f28d799b35470f53dd6e2","role":"PROVIDER"}[39m
[2026-02-20 23:31:26] [[32minfo[39m]: [32m[GATEWAY PROXY] POST /user-device/ → http://localhost:6000/api/user-device/[39m
[2026-02-20 23:31:26] [[32minfo[39m]: [32mexpressReq.user : {"id":"698f28d799b35470f53dd6e2","role":"PROVIDER"}[39m
[2026-02-20 23:31:31] [[32minfo[39m]: [32m[GATEWAY PROXY] GET /api/events/?EIO=4&transport=polling&t=757zezbw → http://localhost:5000/api/api/events/?EIO=4&transport=polling&t=757zezbw[39m
[2026-02-20 23:31:31] [[32minfo[39m]: [32mexpressReq.user : {"id":"698f28d799b35470f53dd6e2","role":"PROVIDER"}[39m
[2026-02-20 23:31:37] [[32minfo[39m]: [32m[GATEWAY PROXY] GET /api/events/?EIO=4&transport=polling&t=75c4272u → http://localhost:5000/api/api/events/?EIO=4&transport=polling&t=75c4272u[39m
[2026-02-20 23:31:37] [[32minfo[39m]: [32mexpressReq.user : {"id":"698f28d799b35470f53dd6e2","role":"PROVIDER"}[39m
[2026-02-20 23:31:42] [[32minfo[39m]: [32m[GATEWAY PROXY] GET /api/events/?EIO=4&transport=polling&t=75gbb07f → http://localhost:5000/api/api/events/?EIO=4&transport=polling&t=75gbb07f[39m
[2026-02-20 23:31:42] [[32minfo[39m]: [32mexpressReq.user : {"id":"698f28d799b35470f53dd6e2","role":"PROVIDER"}[39m
[2026-02-20 23:31:48] [[32minfo[39m]: [32m[GATEWAY PROXY] GET /api/events/?EIO=4&transport=polling&t=75kh8zn2 → http://localhost:5000/api/api/events/?EIO=4&transport=polling&t=75kh8zn2[39m
[2026-02-20 23:31:48] [[32minfo[39m]: [32mexpressReq.user : {"id":"698f28d799b35470f53dd6e2","role":"PROVIDER"}[39m
[2026-02-20 23:31:53] [[32minfo[39m]: [32m[GATEWAY PROXY] GET /api/events/?EIO=4&transport=polling&t=75omkwc4 → http://localhost:5000/api/api/events/?EIO=4&transport=polling&t=75omkwc4[39m
[2026-02-20 23:31:53] [[32minfo[39m]: [32mexpressReq.user : {"id":"698f28d799b35470f53dd6e2","role":"PROVIDER"}[39m
[2026-02-20 23:31:58] [[32minfo[39m]: [32m[GATEWAY PROXY] GET /api/events/?EIO=4&transport=polling&t=75stu4hc → http://localhost:5000/api/api/events/?EIO=4&transport=polling&t=75stu4hc[39m
[2026-02-20 23:31:58] [[32minfo[39m]: [32mexpressReq.user : {"id":"698f28d799b35470f53dd6e2","role":"PROVIDER"}[39m
[2026-02-20 23:32:03] [[32minfo[39m]: [32m[GATEWAY PROXY] POST /auth/signout → http://localhost:4000/api/auth/signout[39m
[2026-02-20 23:32:03] [[32minfo[39m]: [32mexpressReq.user : undefined[39m
[2026-02-20 23:34:40] [[32minfo[39m]: [32m[SLOTFLOW API GATEWAY] running on http://localhost:3000[39m
[2026-02-20 23:41:38] [[32minfo[39m]: [32m[GATEWAY PROXY] POST /auth/signin → http://localhost:4000/api/auth/signin[39m
[2026-02-20 23:41:38] [[32minfo[39m]: [32mexpressReq.user : undefined[39m
[2026-02-20 23:41:42] [[32minfo[39m]: [32m[GATEWAY PROXY] GET /provider/dashboard/stats → http://localhost:4000/api/provider/dashboard/stats[39m
[2026-02-20 23:41:42] [[32minfo[39m]: [32mexpressReq.user : {"id":"698f28d799b35470f53dd6e2","role":"PROVIDER"}[39m
[2026-02-20 23:41:55] [[32minfo[39m]: [32m[GATEWAY PROXY] POST /user-device/ → http://localhost:6000/api/user-device/[39m
[2026-02-20 23:41:55] [[32minfo[39m]: [32mexpressReq.user : {"id":"698f28d799b35470f53dd6e2","role":"PROVIDER"}[39m
[2026-02-20 23:42:21] [[32minfo[39m]: [32m[GATEWAY PROXY] POST /auth/signout → http://localhost:4000/api/auth/signout[39m
[2026-02-20 23:42:21] [[32minfo[39m]: [32mexpressReq.user : undefined[39m
[2026-02-20 23:43:10] [[32minfo[39m]: [32m[GATEWAY PROXY] POST /auth/signin → http://localhost:4000/api/auth/signin[39m
[2026-02-20 23:43:10] [[32minfo[39m]: [32mexpressReq.user : undefined[39m
[2026-02-20 23:43:15] [[32minfo[39m]: [32m[GATEWAY PROXY] GET /provider/dashboard/stats → http://localhost:4000/api/provider/dashboard/stats[39m
[2026-02-20 23:43:15] [[32minfo[39m]: [32mexpressReq.user : {"id":"698f28d799b35470f53dd6e2","role":"PROVIDER"}[39m
[2026-02-20 23:43:37] [[32minfo[39m]: [32m[GATEWAY PROXY] POST /auth/signout → http://localhost:4000/api/auth/signout[39m
[2026-02-20 23:43:37] [[32minfo[39m]: [32mexpressReq.user : undefined[39m
[2026-02-20 23:46:15] [[32minfo[39m]: [32m[GATEWAY PROXY] POST /auth/signin → http://localhost:4000/api/auth/signin[39m
[2026-02-20 23:46:15] [[32minfo[39m]: [32mexpressReq.user : undefined[39m
[2026-02-20 23:46:19] [[32minfo[39m]: [32m[GATEWAY PROXY] GET /events/?EIO=4&transport=polling&t=7o8ir7fc → http://localhost:5000/api/events/?EIO=4&transport=polling&t=7o8ir7fc[39m
[2026-02-20 23:46:19] [[32minfo[39m]: [32mexpressReq.user : {"id":"698f28d799b35470f53dd6e2","role":"PROVIDER"}[39m
[2026-02-20 23:46:19] [[32minfo[39m]: [32m[GATEWAY PROXY] GET /provider/dashboard/stats → http://localhost:4000/api/provider/dashboard/stats[39m
[2026-02-20 23:46:19] [[32minfo[39m]: [32mexpressReq.user : {"id":"698f28d799b35470f53dd6e2","role":"PROVIDER"}[39m
[2026-02-20 23:46:20] [[32minfo[39m]: [32m[GATEWAY PROXY] GET /events/?EIO=4&transport=polling&t=7oa4avq9 → http://localhost:5000/api/events/?EIO=4&transport=polling&t=7oa4avq9[39m
[2026-02-20 23:46:20] [[32minfo[39m]: [32mexpressReq.user : {"id":"698f28d799b35470f53dd6e2","role":"PROVIDER"}[39m
[2026-02-20 23:46:22] [[32minfo[39m]: [32m[GATEWAY PROXY] GET /events/?EIO=4&transport=polling&t=7ob97389 → http://localhost:5000/api/events/?EIO=4&transport=polling&t=7ob97389[39m
[2026-02-20 23:46:22] [[32minfo[39m]: [32mexpressReq.user : {"id":"698f28d799b35470f53dd6e2","role":"PROVIDER"}[39m
[2026-02-20 23:46:27] [[32minfo[39m]: [32m[GATEWAY PROXY] GET /events/?EIO=4&transport=polling&t=7of82mqg → http://localhost:5000/api/events/?EIO=4&transport=polling&t=7of82mqg[39m
[2026-02-20 23:46:27] [[32minfo[39m]: [32mexpressReq.user : {"id":"698f28d799b35470f53dd6e2","role":"PROVIDER"}[39m
[2026-02-20 23:46:33] [[32minfo[39m]: [32m[GATEWAY PROXY] GET /events/?EIO=4&transport=polling&t=7ojbtr7v → http://localhost:5000/api/events/?EIO=4&transport=polling&t=7ojbtr7v[39m
[2026-02-20 23:46:33] [[32minfo[39m]: [32mexpressReq.user : {"id":"698f28d799b35470f53dd6e2","role":"PROVIDER"}[39m
[2026-02-20 23:46:38] [[32minfo[39m]: [32m[GATEWAY PROXY] GET /events/?EIO=4&transport=polling&t=7ong5tug → http://localhost:5000/api/events/?EIO=4&transport=polling&t=7ong5tug[39m
[2026-02-20 23:46:38] [[32minfo[39m]: [32mexpressReq.user : {"id":"698f28d799b35470f53dd6e2","role":"PROVIDER"}[39m
[2026-02-20 23:46:43] [[32minfo[39m]: [32m[GATEWAY PROXY] GET /events/?EIO=4&transport=polling&t=7ormaqop → http://localhost:5000/api/events/?EIO=4&transport=polling&t=7ormaqop[39m
[2026-02-20 23:46:43] [[32minfo[39m]: [32mexpressReq.user : {"id":"698f28d799b35470f53dd6e2","role":"PROVIDER"}[39m
[2026-02-20 23:46:49] [[32minfo[39m]: [32m[GATEWAY PROXY] GET /events/?EIO=4&transport=polling&t=7ovsysdi → http://localhost:5000/api/events/?EIO=4&transport=polling&t=7ovsysdi[39m
[2026-02-20 23:46:49] [[32minfo[39m]: [32mexpressReq.user : {"id":"698f28d799b35470f53dd6e2","role":"PROVIDER"}[39m
[2026-02-20 23:46:54] [[32minfo[39m]: [32m[GATEWAY PROXY] GET /events/?EIO=4&transport=polling&t=7ozwxbby → http://localhost:5000/api/events/?EIO=4&transport=polling&t=7ozwxbby[39m
[2026-02-20 23:46:54] [[32minfo[39m]: [32mexpressReq.user : {"id":"698f28d799b35470f53dd6e2","role":"PROVIDER"}[39m
[2026-02-20 23:46:59] [[32minfo[39m]: [32m[GATEWAY PROXY] GET /events/?EIO=4&transport=polling&t=7p44ccwp → http://localhost:5000/api/events/?EIO=4&transport=polling&t=7p44ccwp[39m
[2026-02-20 23:46:59] [[32minfo[39m]: [32mexpressReq.user : {"id":"698f28d799b35470f53dd6e2","role":"PROVIDER"}[39m
[2026-02-20 23:47:05] [[32minfo[39m]: [32m[GATEWAY PROXY] GET /events/?EIO=4&transport=polling&t=7p889k0z → http://localhost:5000/api/events/?EIO=4&transport=polling&t=7p889k0z[39m
[2026-02-20 23:47:05] [[32minfo[39m]: [32mexpressReq.user : {"id":"698f28d799b35470f53dd6e2","role":"PROVIDER"}[39m
[2026-02-20 23:47:10] [[32minfo[39m]: [32m[GATEWAY PROXY] GET /events/?EIO=4&transport=polling&t=7pcd2id9 → http://localhost:5000/api/events/?EIO=4&transport=polling&t=7pcd2id9[39m
[2026-02-20 23:47:10] [[32minfo[39m]: [32mexpressReq.user : {"id":"698f28d799b35470f53dd6e2","role":"PROVIDER"}[39m
[2026-02-20 23:47:16] [[32minfo[39m]: [32m[GATEWAY PROXY] GET /events/?EIO=4&transport=polling&t=7pgjb574 → http://localhost:5000/api/events/?EIO=4&transport=polling&t=7pgjb574[39m
[2026-02-20 23:47:16] [[32minfo[39m]: [32mexpressReq.user : {"id":"698f28d799b35470f53dd6e2","role":"PROVIDER"}[39m
[2026-02-20 23:47:21] [[32minfo[39m]: [32m[GATEWAY PROXY] GET /events/?EIO=4&transport=polling&t=7pkp4vdb → http://localhost:5000/api/events/?EIO=4&transport=polling&t=7pkp4vdb[39m
[2026-02-20 23:47:21] [[32minfo[39m]: [32mexpressReq.user : {"id":"698f28d799b35470f53dd6e2","role":"PROVIDER"}[39m
[2026-02-20 23:47:22] [[32minfo[39m]: [32m[GATEWAY PROXY] POST /auth/signout → http://localhost:4000/api/auth/signout[39m
[2026-02-20 23:47:22] [[32minfo[39m]: [32mexpressReq.user : undefined[39m
[2026-02-20 23:55:56] [[32minfo[39m]: [32m[SLOTFLOW API GATEWAY] running on http://localhost:3000[39m
[2026-02-20 23:56:14] [[32minfo[39m]: [32m[GATEWAY PROXY] POST /auth/signin → http://localhost:4000/api/auth/signin[39m
[2026-02-20 23:56:14] [[32minfo[39m]: [32mexpressReq.user : undefined[39m
[2026-02-20 23:56:19] [[32minfo[39m]: [32m[GATEWAY PROXY] GET /events/?EIO=4&transport=polling&t=812y8w1v → http://localhost:5000/api/events/?EIO=4&transport=polling&t=812y8w1v[39m
[2026-02-20 23:56:19] [[32minfo[39m]: [32mexpressReq.user : {"id":"698f28d799b35470f53dd6e2","role":"PROVIDER"}[39m
[2026-02-20 23:56:19] [[32minfo[39m]: [32m[GATEWAY PROXY] GET /provider/dashboard/stats → http://localhost:4000/api/provider/dashboard/stats[39m
[2026-02-20 23:56:19] [[32minfo[39m]: [32mexpressReq.user : {"id":"698f28d799b35470f53dd6e2","role":"PROVIDER"}[39m
[2026-02-20 23:56:19] [[32minfo[39m]: [32m[GATEWAY PROXY] POST /events/?EIO=4&transport=polling&t=813y6uu5&sid=IPn8cWfZgKGy-AsOAAAA → http://localhost:5000/api/events/?EIO=4&transport=polling&t=813y6uu5&sid=IPn8cWfZgKGy-AsOAAAA[39m
[2026-02-20 23:56:19] [[32minfo[39m]: [32mexpressReq.user : {"id":"698f28d799b35470f53dd6e2","role":"PROVIDER"}[39m
[2026-02-20 23:56:19] [[32minfo[39m]: [32m[GATEWAY PROXY] GET /events/?EIO=4&transport=polling&t=813yh1y1&sid=IPn8cWfZgKGy-AsOAAAA → http://localhost:5000/api/events/?EIO=4&transport=polling&t=813yh1y1&sid=IPn8cWfZgKGy-AsOAAAA[39m
[2026-02-20 23:56:19] [[32minfo[39m]: [32mexpressReq.user : {"id":"698f28d799b35470f53dd6e2","role":"PROVIDER"}[39m
[2026-02-20 23:56:19] [[32minfo[39m]: [32m[GATEWAY PROXY] GET /events/?EIO=4&transport=polling&t=81443ou7&sid=IPn8cWfZgKGy-AsOAAAA → http://localhost:5000/api/events/?EIO=4&transport=polling&t=81443ou7&sid=IPn8cWfZgKGy-AsOAAAA[39m
[2026-02-20 23:56:19] [[32minfo[39m]: [32mexpressReq.user : {"id":"698f28d799b35470f53dd6e2","role":"PROVIDER"}[39m
[2026-02-20 23:56:19] [[32minfo[39m]: [32m[GATEWAY PROXY] POST /events/?EIO=4&transport=polling&t=81444u8a&sid=IPn8cWfZgKGy-AsOAAAA → http://localhost:5000/api/events/?EIO=4&transport=polling&t=81444u8a&sid=IPn8cWfZgKGy-AsOAAAA[39m
[2026-02-20 23:56:19] [[32minfo[39m]: [32mexpressReq.user : {"id":"698f28d799b35470f53dd6e2","role":"PROVIDER"}[39m
[2026-02-20 23:57:04] [[32minfo[39m]: [32m[GATEWAY PROXY] POST /user-device/ → http://localhost:6000/api/user-device/[39m
[2026-02-20 23:57:04] [[32minfo[39m]: [32mexpressReq.user : {"id":"698f28d799b35470f53dd6e2","role":"PROVIDER"}[39m
[2026-02-20 23:58:22] [[32minfo[39m]: [32m[GATEWAY PROXY] POST /auth/signout → http://localhost:4000/api/auth/signout[39m
[2026-02-20 23:58:22] [[32minfo[39m]: [32mexpressReq.user : undefined[39m
[2026-02-21 00:00:38] [[32minfo[39m]: [32m[GATEWAY PROXY] POST /auth/signin → http://localhost:4000/api/auth/signin[39m
[2026-02-21 00:00:38] [[32minfo[39m]: [32mexpressReq.user : undefined[39m
[2026-02-21 00:00:42] [[32minfo[39m]: [32m[GATEWAY PROXY] GET /events/?EIO=4&transport=polling&t=86qpk2ci → http://localhost:5000/api/events/?EIO=4&transport=polling&t=86qpk2ci[39m
[2026-02-21 00:00:42] [[32minfo[39m]: [32mexpressReq.user : {"id":"698f28d799b35470f53dd6e2","role":"PROVIDER"}[39m
[2026-02-21 00:00:43] [[32minfo[39m]: [32m[GATEWAY PROXY] POST /events/?EIO=4&transport=polling&t=86rck806&sid=V_RGULmOL_yHxv0SAAAA → http://localhost:5000/api/events/?EIO=4&transport=polling&t=86rck806&sid=V_RGULmOL_yHxv0SAAAA[39m
[2026-02-21 00:00:43] [[32minfo[39m]: [32mexpressReq.user : {"id":"698f28d799b35470f53dd6e2","role":"PROVIDER"}[39m
[2026-02-21 00:00:43] [[32minfo[39m]: [32m[GATEWAY PROXY] GET /provider/dashboard/stats → http://localhost:4000/api/provider/dashboard/stats[39m
[2026-02-21 00:00:43] [[32minfo[39m]: [32mexpressReq.user : {"id":"698f28d799b35470f53dd6e2","role":"PROVIDER"}[39m
[2026-02-21 00:00:43] [[32minfo[39m]: [32m[GATEWAY PROXY] GET /events/?EIO=4&transport=polling&t=86rcwasg&sid=V_RGULmOL_yHxv0SAAAA → http://localhost:5000/api/events/?EIO=4&transport=polling&t=86rcwasg&sid=V_RGULmOL_yHxv0SAAAA[39m
[2026-02-21 00:00:43] [[32minfo[39m]: [32mexpressReq.user : {"id":"698f28d799b35470f53dd6e2","role":"PROVIDER"}[39m
[2026-02-21 00:00:43] [[32minfo[39m]: [32m[GATEWAY PROXY] GET /events/?EIO=4&transport=polling&t=86ro9zrg&sid=V_RGULmOL_yHxv0SAAAA → http://localhost:5000/api/events/?EIO=4&transport=polling&t=86ro9zrg&sid=V_RGULmOL_yHxv0SAAAA[39m
[2026-02-21 00:00:43] [[32minfo[39m]: [32mexpressReq.user : {"id":"698f28d799b35470f53dd6e2","role":"PROVIDER"}[39m
[2026-02-21 00:00:43] [[32minfo[39m]: [32m[GATEWAY PROXY] POST /events/?EIO=4&transport=polling&t=86rob2hh&sid=V_RGULmOL_yHxv0SAAAA → http://localhost:5000/api/events/?EIO=4&transport=polling&t=86rob2hh&sid=V_RGULmOL_yHxv0SAAAA[39m
[2026-02-21 00:00:43] [[32minfo[39m]: [32mexpressReq.user : {"id":"698f28d799b35470f53dd6e2","role":"PROVIDER"}[39m
[2026-02-21 00:01:07] [[32minfo[39m]: [32m[GATEWAY PROXY] POST /auth/signout → http://localhost:4000/api/auth/signout[39m
[2026-02-21 00:01:07] [[32minfo[39m]: [32mexpressReq.user : undefined[39m
[2026-02-21 00:03:12] [[32minfo[39m]: [32m[GATEWAY PROXY] POST /auth/signin → http://localhost:4000/api/auth/signin[39m
[2026-02-21 00:03:12] [[32minfo[39m]: [32mexpressReq.user : undefined[39m
[2026-02-21 00:03:18] [[32minfo[39m]: [32m[GATEWAY PROXY] GET /events/?EIO=4&transport=polling&t=8a2p95i7 → http://localhost:5000/api/events/?EIO=4&transport=polling&t=8a2p95i7[39m
[2026-02-21 00:03:18] [[32minfo[39m]: [32mexpressReq.user : {"id":"698f28d799b35470f53dd6e2","role":"PROVIDER"}[39m
[2026-02-21 00:03:18] [[32minfo[39m]: [32m[GATEWAY PROXY] GET /provider/dashboard/stats → http://localhost:4000/api/provider/dashboard/stats[39m
[2026-02-21 00:03:18] [[32minfo[39m]: [32mexpressReq.user : {"id":"698f28d799b35470f53dd6e2","role":"PROVIDER"}[39m
[2026-02-21 00:03:20] [[32minfo[39m]: [32m[GATEWAY PROXY] GET /events/?EIO=4&transport=polling&t=8a4jq7bd → http://localhost:5000/api/events/?EIO=4&transport=polling&t=8a4jq7bd[39m
[2026-02-21 00:03:20] [[32minfo[39m]: [32mexpressReq.user : {"id":"698f28d799b35470f53dd6e2","role":"PROVIDER"}[39m
[2026-02-21 00:03:21] [[32minfo[39m]: [32m[GATEWAY PROXY] GET /events/?EIO=4&transport=polling&t=8a5ti7vp → http://localhost:5000/api/events/?EIO=4&transport=polling&t=8a5ti7vp[39m
[2026-02-21 00:03:21] [[32minfo[39m]: [32mexpressReq.user : {"id":"698f28d799b35470f53dd6e2","role":"PROVIDER"}[39m
[2026-02-21 00:03:27] [[32minfo[39m]: [32m[GATEWAY PROXY] GET /events/?EIO=4&transport=polling&t=8a9rnlst → http://localhost:5000/api/events/?EIO=4&transport=polling&t=8a9rnlst[39m
[2026-02-21 00:03:27] [[32minfo[39m]: [32mexpressReq.user : {"id":"698f28d799b35470f53dd6e2","role":"PROVIDER"}[39m
[2026-02-21 00:03:32] [[32minfo[39m]: [32m[GATEWAY PROXY] GET /events/?EIO=4&transport=polling&t=8advvh4h → http://localhost:5000/api/events/?EIO=4&transport=polling&t=8advvh4h[39m
[2026-02-21 00:03:32] [[32minfo[39m]: [32mexpressReq.user : {"id":"698f28d799b35470f53dd6e2","role":"PROVIDER"}[39m
[2026-02-21 00:03:35] [[32minfo[39m]: [32m[GATEWAY PROXY] POST /auth/signout → http://localhost:4000/api/auth/signout[39m
[2026-02-21 00:03:35] [[32minfo[39m]: [32mexpressReq.user : undefined[39m
[2026-02-21 00:04:23] [[32minfo[39m]: [32m[SLOTFLOW API GATEWAY] running on http://localhost:3000[39m
[2026-02-21 00:04:48] [[32minfo[39m]: [32m[GATEWAY PROXY] POST /auth/signin → http://localhost:4000/api/auth/signin[39m
[2026-02-21 00:04:48] [[32minfo[39m]: [32mexpressReq.user : undefined[39m
[2026-02-21 00:05:35] [[32minfo[39m]: [32m[GATEWAY PROXY] POST /auth/signin → http://localhost:4000/api/auth/signin[39m
[2026-02-21 00:05:35] [[32minfo[39m]: [32mexpressReq.user : undefined[39m
[2026-02-21 00:05:57] [[32minfo[39m]: [32m[GATEWAY PROXY] POST /auth/signin → http://localhost:4000/api/auth/signin[39m
[2026-02-21 00:05:57] [[32minfo[39m]: [32mexpressReq.user : undefined[39m
[2026-02-21 00:06:41] [[32minfo[39m]: [32m[GATEWAY PROXY] POST /auth/signin → http://localhost:4000/api/auth/signin[39m
[2026-02-21 00:06:41] [[32minfo[39m]: [32mexpressReq.user : undefined[39m
[2026-02-21 00:10:16] [[32minfo[39m]: [32m[GATEWAY PROXY] POST /auth/signin → http://localhost:4000/api/auth/signin[39m
[2026-02-21 00:10:16] [[32minfo[39m]: [32mexpressReq.user : undefined[39m
[2026-02-21 00:10:21] [[32minfo[39m]: [32m[GATEWAY PROXY] GET /events/?EIO=4&transport=polling&t=8j4uq3uz → http://localhost:5000/api/events/?EIO=4&transport=polling&t=8j4uq3uz[39m
[2026-02-21 00:10:21] [[32minfo[39m]: [32mexpressReq.user : {"id":"698f28d799b35470f53dd6e2","role":"PROVIDER"}[39m
[2026-02-21 00:10:21] [[32minfo[39m]: [32m[GATEWAY PROXY] GET /provider/dashboard/stats → http://localhost:4000/api/provider/dashboard/stats[39m
[2026-02-21 00:10:21] [[32minfo[39m]: [32mexpressReq.user : {"id":"698f28d799b35470f53dd6e2","role":"PROVIDER"}[39m
[2026-02-21 00:10:22] [[32minfo[39m]: [32m[GATEWAY PROXY] POST /events/?EIO=4&transport=polling&t=8j63ic5o&sid=jc-6xarHfnXT5amZAAAA → http://localhost:5000/api/events/?EIO=4&transport=polling&t=8j63ic5o&sid=jc-6xarHfnXT5amZAAAA[39m
[2026-02-21 00:10:22] [[32minfo[39m]: [32mexpressReq.user : {"id":"698f28d799b35470f53dd6e2","role":"PROVIDER"}[39m
[2026-02-21 00:10:22] [[32minfo[39m]: [32m[GATEWAY PROXY] GET /events/?EIO=4&transport=polling&t=8j63tytn&sid=jc-6xarHfnXT5amZAAAA → http://localhost:5000/api/events/?EIO=4&transport=polling&t=8j63tytn&sid=jc-6xarHfnXT5amZAAAA[39m
[2026-02-21 00:10:22] [[32minfo[39m]: [32mexpressReq.user : {"id":"698f28d799b35470f53dd6e2","role":"PROVIDER"}[39m
[2026-02-21 00:10:30] [[32minfo[39m]: [32m[GATEWAY PROXY] POST /user-device/ → http://localhost:6000/api/user-device/[39m
[2026-02-21 00:10:30] [[32minfo[39m]: [32mexpressReq.user : {"id":"698f28d799b35470f53dd6e2","role":"PROVIDER"}[39m
[2026-02-21 00:17:03] [[32minfo[39m]: [32m[GATEWAY PROXY] POST /auth/signout → http://localhost:4000/api/auth/signout[39m
[2026-02-21 00:17:03] [[32minfo[39m]: [32mexpressReq.user : undefined[39m
[2026-02-21 14:45:34] [[32minfo[39m]: [32m[GATEWAY PROXY] POST /auth/signin → http://localhost:4000/api/auth/signin[39m
[2026-02-21 14:45:34] [[32minfo[39m]: [32mexpressReq.user : undefined[39m
[2026-02-21 14:45:38] [[32minfo[39m]: [32m[GATEWAY PROXY] GET /events/?EIO=4&transport=polling&t=3srsm9xc → http://localhost:5000/api/events/?EIO=4&transport=polling&t=3srsm9xc[39m
[2026-02-21 14:45:38] [[32minfo[39m]: [32mexpressReq.user : {"id":"698f28d799b35470f53dd6e2","role":"PROVIDER"}[39m
[2026-02-21 14:45:39] [[32minfo[39m]: [32m[GATEWAY PROXY] GET /provider/dashboard/stats → http://localhost:4000/api/provider/dashboard/stats[39m
[2026-02-21 14:45:39] [[32minfo[39m]: [32mexpressReq.user : {"id":"698f28d799b35470f53dd6e2","role":"PROVIDER"}[39m
[2026-02-21 14:45:39] [[32minfo[39m]: [32m[GATEWAY PROXY] POST /events/?EIO=4&transport=polling&t=3sshz7ly&sid=CwSdcaScycvgJcCSAAAC → http://localhost:5000/api/events/?EIO=4&transport=polling&t=3sshz7ly&sid=CwSdcaScycvgJcCSAAAC[39m
[2026-02-21 14:45:39] [[32minfo[39m]: [32mexpressReq.user : {"id":"698f28d799b35470f53dd6e2","role":"PROVIDER"}[39m
[2026-02-21 14:45:39] [[32minfo[39m]: [32m[GATEWAY PROXY] GET /events/?EIO=4&transport=polling&t=3ssiaqfx&sid=CwSdcaScycvgJcCSAAAC → http://localhost:5000/api/events/?EIO=4&transport=polling&t=3ssiaqfx&sid=CwSdcaScycvgJcCSAAAC[39m
[2026-02-21 14:45:39] [[32minfo[39m]: [32mexpressReq.user : {"id":"698f28d799b35470f53dd6e2","role":"PROVIDER"}[39m
[2026-02-21 14:45:39] [[32minfo[39m]: [32m[GATEWAY PROXY] GET /events/?EIO=4&transport=polling&t=3sssn2wv&sid=CwSdcaScycvgJcCSAAAC → http://localhost:5000/api/events/?EIO=4&transport=polling&t=3sssn2wv&sid=CwSdcaScycvgJcCSAAAC[39m
[2026-02-21 14:45:39] [[32minfo[39m]: [32mexpressReq.user : {"id":"698f28d799b35470f53dd6e2","role":"PROVIDER"}[39m
[2026-02-21 14:45:39] [[32minfo[39m]: [32m[GATEWAY PROXY] POST /events/?EIO=4&transport=polling&t=3sssofwp&sid=CwSdcaScycvgJcCSAAAC → http://localhost:5000/api/events/?EIO=4&transport=polling&t=3sssofwp&sid=CwSdcaScycvgJcCSAAAC[39m
[2026-02-21 14:45:39] [[32minfo[39m]: [32mexpressReq.user : {"id":"698f28d799b35470f53dd6e2","role":"PROVIDER"}[39m
[2026-02-21 14:46:10] [[32minfo[39m]: [32m[GATEWAY PROXY] POST /user-device/ → http://localhost:6000/api/user-device/[39m
[2026-02-21 14:46:10] [[32minfo[39m]: [32mexpressReq.user : {"id":"698f28d799b35470f53dd6e2","role":"PROVIDER"}[39m
[2026-02-21 14:47:11] [[32minfo[39m]: [32m[GATEWAY PROXY] POST /auth/signout → http://localhost:4000/api/auth/signout[39m
[2026-02-21 14:47:11] [[32minfo[39m]: [32mexpressReq.user : undefined[39m
[2026-02-21 14:47:19] [[32minfo[39m]: [32m[GATEWAY PROXY] POST /auth/signin → http://localhost:4000/api/auth/signin[39m
[2026-02-21 14:47:19] [[32minfo[39m]: [32mexpressReq.user : undefined[39m
[2026-02-21 14:47:23] [[32minfo[39m]: [32m[GATEWAY PROXY] GET /provider/dashboard/stats → http://localhost:4000/api/provider/dashboard/stats[39m
[2026-02-21 14:47:23] [[32minfo[39m]: [32mexpressReq.user : {"id":"698f28d799b35470f53dd6e2","role":"PROVIDER"}[39m
[2026-02-21 14:47:43] [[32minfo[39m]: [32m[GATEWAY PROXY] POST /auth/signout → http://localhost:4000/api/auth/signout[39m
[2026-02-21 14:47:43] [[32minfo[39m]: [32mexpressReq.user : undefined[39m
[2026-02-21 14:48:50] [[32minfo[39m]: [32m[GATEWAY PROXY] POST /auth/signin → http://localhost:4000/api/auth/signin[39m
[2026-02-21 14:48:50] [[32minfo[39m]: [32mexpressReq.user : undefined[39m
[2026-02-21 14:48:56] [[32minfo[39m]: [32m[GATEWAY PROXY] GET /events/?EIO=4&transport=polling&t=3x0itrm2 → http://localhost:5000/api/events/?EIO=4&transport=polling&t=3x0itrm2[39m
[2026-02-21 14:48:56] [[32minfo[39m]: [32mexpressReq.user : {"id":"698f28d799b35470f53dd6e2","role":"PROVIDER"}[39m
[2026-02-21 14:48:57] [[32minfo[39m]: [32m[GATEWAY PROXY] GET /provider/dashboard/stats → http://localhost:4000/api/provider/dashboard/stats[39m
[2026-02-21 14:48:57] [[32minfo[39m]: [32mexpressReq.user : {"id":"698f28d799b35470f53dd6e2","role":"PROVIDER"}[39m
[2026-02-21 14:48:58] [[32minfo[39m]: [32m[GATEWAY PROXY] GET /events/?EIO=4&transport=polling&t=3x2e6zge → http://localhost:5000/api/events/?EIO=4&transport=polling&t=3x2e6zge[39m
[2026-02-21 14:48:58] [[32minfo[39m]: [32mexpressReq.user : {"id":"698f28d799b35470f53dd6e2","role":"PROVIDER"}[39m
[2026-02-21 14:49:01] [[32minfo[39m]: [32m[GATEWAY PROXY] GET /events/?EIO=4&transport=polling&t=3x4gqa8h → http://localhost:5000/api/events/?EIO=4&transport=polling&t=3x4gqa8h[39m
[2026-02-21 14:49:01] [[32minfo[39m]: [32mexpressReq.user : {"id":"698f28d799b35470f53dd6e2","role":"PROVIDER"}[39m
[2026-02-21 14:49:04] [[32minfo[39m]: [32m[GATEWAY PROXY] GET /events/?EIO=4&transport=polling&t=3x7bzxs2 → http://localhost:5000/api/events/?EIO=4&transport=polling&t=3x7bzxs2[39m
[2026-02-21 14:49:04] [[32minfo[39m]: [32mexpressReq.user : {"id":"698f28d799b35470f53dd6e2","role":"PROVIDER"}[39m
[2026-02-21 14:49:06] [[32minfo[39m]: [32m[GATEWAY PROXY] POST /auth/signout → http://localhost:4000/api/auth/signout[39m
[2026-02-21 14:49:06] [[32minfo[39m]: [32mexpressReq.user : undefined[39m
[2026-02-21 14:49:24] [[32minfo[39m]: [32m[GATEWAY PROXY] POST /auth/signin → http://localhost:4000/api/auth/signin[39m
[2026-02-21 14:49:24] [[32minfo[39m]: [32mexpressReq.user : undefined[39m
[2026-02-21 14:49:27] [[32minfo[39m]: [32m[GATEWAY PROXY] GET /events/?EIO=4&transport=polling&t=3xoejt8o → http://localhost:5000/api/events/?EIO=4&transport=polling&t=3xoejt8o[39m
[2026-02-21 14:49:27] [[32minfo[39m]: [32mexpressReq.user : {"id":"698f28d799b35470f53dd6e2","role":"PROVIDER"}[39m
[2026-02-21 14:49:27] [[32minfo[39m]: [32m[GATEWAY PROXY] POST /events/?EIO=4&transport=polling&t=3xos6hfy&sid=KMRxjjJV8ml0-MUKAAAA → http://localhost:5000/api/events/?EIO=4&transport=polling&t=3xos6hfy&sid=KMRxjjJV8ml0-MUKAAAA[39m
[2026-02-21 14:49:27] [[32minfo[39m]: [32mexpressReq.user : {"id":"698f28d799b35470f53dd6e2","role":"PROVIDER"}[39m
[2026-02-21 14:49:27] [[32minfo[39m]: [32m[GATEWAY PROXY] GET /provider/dashboard/stats → http://localhost:4000/api/provider/dashboard/stats[39m
[2026-02-21 14:49:27] [[32minfo[39m]: [32mexpressReq.user : {"id":"698f28d799b35470f53dd6e2","role":"PROVIDER"}[39m
[2026-02-21 14:49:27] [[32minfo[39m]: [32m[GATEWAY PROXY] GET /events/?EIO=4&transport=polling&t=3xos9nil&sid=KMRxjjJV8ml0-MUKAAAA → http://localhost:5000/api/events/?EIO=4&transport=polling&t=3xos9nil&sid=KMRxjjJV8ml0-MUKAAAA[39m
[2026-02-21 14:49:27] [[32minfo[39m]: [32mexpressReq.user : {"id":"698f28d799b35470f53dd6e2","role":"PROVIDER"}[39m
[2026-02-21 14:49:27] [[32minfo[39m]: [32m[GATEWAY PROXY] GET /events/?EIO=4&transport=polling&t=3xp1kodn&sid=KMRxjjJV8ml0-MUKAAAA → http://localhost:5000/api/events/?EIO=4&transport=polling&t=3xp1kodn&sid=KMRxjjJV8ml0-MUKAAAA[39m
[2026-02-21 14:49:27] [[32minfo[39m]: [32mexpressReq.user : {"id":"698f28d799b35470f53dd6e2","role":"PROVIDER"}[39m
[2026-02-21 14:49:27] [[32minfo[39m]: [32m[GATEWAY PROXY] POST /events/?EIO=4&transport=polling&t=3xp1mwfs&sid=KMRxjjJV8ml0-MUKAAAA → http://localhost:5000/api/events/?EIO=4&transport=polling&t=3xp1mwfs&sid=KMRxjjJV8ml0-MUKAAAA[39m
[2026-02-21 14:49:27] [[32minfo[39m]: [32mexpressReq.user : {"id":"698f28d799b35470f53dd6e2","role":"PROVIDER"}[39m
[2026-02-21 14:50:10] [[32minfo[39m]: [32m[GATEWAY PROXY] POST /auth/signout → http://localhost:4000/api/auth/signout[39m
[2026-02-21 14:50:10] [[32minfo[39m]: [32mexpressReq.user : undefined[39m
[2026-02-21 14:53:32] [[32minfo[39m]: [32m[GATEWAY PROXY] POST /auth/signin → http://localhost:4000/api/auth/signin[39m
[2026-02-21 14:53:32] [[32minfo[39m]: [32mexpressReq.user : undefined[39m
[2026-02-21 14:53:37] [[32minfo[39m]: [32m[GATEWAY PROXY] GET /provider/dashboard/stats → http://localhost:4000/api/provider/dashboard/stats[39m
[2026-02-21 14:53:37] [[32minfo[39m]: [32mexpressReq.user : {"id":"698f28d799b35470f53dd6e2","role":"PROVIDER"}[39m
[2026-02-21 14:55:27] [[32minfo[39m]: [32m[GATEWAY PROXY] POST /auth/signout → http://localhost:4000/api/auth/signout[39m
[2026-02-21 14:55:27] [[32minfo[39m]: [32mexpressReq.user : undefined[39m
[2026-02-21 14:56:23] [[32minfo[39m]: [32m[GATEWAY PROXY] POST /auth/signin → http://localhost:4000/api/auth/signin[39m
[2026-02-21 14:56:23] [[32minfo[39m]: [32mexpressReq.user : undefined[39m
[2026-02-21 14:56:27] [[32minfo[39m]: [32m[GATEWAY PROXY] GET /events/?EIO=4&transport=polling&t=46oma2tq → http://localhost:5000/api/events/?EIO=4&transport=polling&t=46oma2tq[39m
[2026-02-21 14:56:27] [[32minfo[39m]: [32mexpressReq.user : {"id":"698f28d799b35470f53dd6e2","role":"PROVIDER"}[39m
[2026-02-21 14:56:27] [[32minfo[39m]: [32m[GATEWAY PROXY] GET /provider/dashboard/stats → http://localhost:4000/api/provider/dashboard/stats[39m
[2026-02-21 14:56:27] [[32minfo[39m]: [32mexpressReq.user : {"id":"698f28d799b35470f53dd6e2","role":"PROVIDER"}[39m
[2026-02-21 14:56:28] [[32minfo[39m]: [32m[GATEWAY PROXY] GET /events/?EIO=4&transport=polling&t=46p7z7i5&sid=KCaE6_rIZApAnhciAAAA → http://localhost:5000/api/events/?EIO=4&transport=polling&t=46p7z7i5&sid=KCaE6_rIZApAnhciAAAA[39m
[2026-02-21 14:56:28] [[32minfo[39m]: [32mexpressReq.user : {"id":"698f28d799b35470f53dd6e2","role":"PROVIDER"}[39m
[2026-02-21 14:56:28] [[32minfo[39m]: [32m[GATEWAY PROXY] POST /events/?EIO=4&transport=polling&t=46p7ofzo&sid=KCaE6_rIZApAnhciAAAA → http://localhost:5000/api/events/?EIO=4&transport=polling&t=46p7ofzo&sid=KCaE6_rIZApAnhciAAAA[39m
[2026-02-21 14:56:28] [[32minfo[39m]: [32mexpressReq.user : {"id":"698f28d799b35470f53dd6e2","role":"PROVIDER"}[39m
[2026-02-21 14:56:29] [[32minfo[39m]: [32m[GATEWAY PROXY] GET /events/?EIO=4&transport=polling&t=46q2mns3&sid=KCaE6_rIZApAnhciAAAA → http://localhost:5000/api/events/?EIO=4&transport=polling&t=46q2mns3&sid=KCaE6_rIZApAnhciAAAA[39m
[2026-02-21 14:56:29] [[32minfo[39m]: [32mexpressReq.user : {"id":"698f28d799b35470f53dd6e2","role":"PROVIDER"}[39m
[2026-02-21 14:56:34] [[32minfo[39m]: [32m[GATEWAY PROXY] POST /events/?EIO=4&transport=polling&t=46u18wrj&sid=KCaE6_rIZApAnhciAAAA → http://localhost:5000/api/events/?EIO=4&transport=polling&t=46u18wrj&sid=KCaE6_rIZApAnhciAAAA[39m
[2026-02-21 14:56:34] [[32minfo[39m]: [32mexpressReq.user : {"id":"698f28d799b35470f53dd6e2","role":"PROVIDER"}[39m
[2026-02-21 14:56:34] [[32minfo[39m]: [32m[GATEWAY PROXY] GET /events/?EIO=4&transport=polling&t=46ugz2sv → http://localhost:5000/api/events/?EIO=4&transport=polling&t=46ugz2sv[39m
[2026-02-21 14:56:34] [[32minfo[39m]: [32mexpressReq.user : {"id":"698f28d799b35470f53dd6e2","role":"PROVIDER"}[39m
[2026-02-21 14:56:34] [[32minfo[39m]: [32m[GATEWAY PROXY] POST /events/?EIO=4&transport=polling&t=46ukd70k&sid=2N5opdVybbwqUbqSAAAC → http://localhost:5000/api/events/?EIO=4&transport=polling&t=46ukd70k&sid=2N5opdVybbwqUbqSAAAC[39m
[2026-02-21 14:56:34] [[32minfo[39m]: [32mexpressReq.user : {"id":"698f28d799b35470f53dd6e2","role":"PROVIDER"}[39m
[2026-02-21 14:56:35] [[32minfo[39m]: [32m[GATEWAY PROXY] GET /events/?EIO=4&transport=polling&t=46ukfic1&sid=2N5opdVybbwqUbqSAAAC → http://localhost:5000/api/events/?EIO=4&transport=polling&t=46ukfic1&sid=2N5opdVybbwqUbqSAAAC[39m
[2026-02-21 14:56:35] [[32minfo[39m]: [32mexpressReq.user : {"id":"698f28d799b35470f53dd6e2","role":"PROVIDER"}[39m
[2026-02-21 14:56:35] [[32minfo[39m]: [32m[GATEWAY PROXY] GET /events/?EIO=4&transport=polling&t=46uv3dhx&sid=2N5opdVybbwqUbqSAAAC → http://localhost:5000/api/events/?EIO=4&transport=polling&t=46uv3dhx&sid=2N5opdVybbwqUbqSAAAC[39m
[2026-02-21 14:56:35] [[32minfo[39m]: [32mexpressReq.user : {"id":"698f28d799b35470f53dd6e2","role":"PROVIDER"}[39m
[2026-02-21 14:56:40] [[32minfo[39m]: [32m[GATEWAY PROXY] POST /events/?EIO=4&transport=polling&t=46ytc58f&sid=2N5opdVybbwqUbqSAAAC → http://localhost:5000/api/events/?EIO=4&transport=polling&t=46ytc58f&sid=2N5opdVybbwqUbqSAAAC[39m
[2026-02-21 14:56:40] [[32minfo[39m]: [32mexpressReq.user : {"id":"698f28d799b35470f53dd6e2","role":"PROVIDER"}[39m
[2026-02-21 14:56:41] [[32minfo[39m]: [32m[GATEWAY PROXY] GET /events/?EIO=4&transport=polling&t=46zctrt6 → http://localhost:5000/api/events/?EIO=4&transport=polling&t=46zctrt6[39m
[2026-02-21 14:56:41] [[32minfo[39m]: [32mexpressReq.user : {"id":"698f28d799b35470f53dd6e2","role":"PROVIDER"}[39m
[2026-02-21 14:56:41] [[32minfo[39m]: [32m[GATEWAY PROXY] POST /events/?EIO=4&transport=polling&t=46zg7fcp&sid=DkT3Xw9FbaGM2EzzAAAE → http://localhost:5000/api/events/?EIO=4&transport=polling&t=46zg7fcp&sid=DkT3Xw9FbaGM2EzzAAAE[39m
[2026-02-21 14:56:41] [[32minfo[39m]: [32mexpressReq.user : {"id":"698f28d799b35470f53dd6e2","role":"PROVIDER"}[39m
[2026-02-21 14:56:41] [[32minfo[39m]: [32m[GATEWAY PROXY] GET /events/?EIO=4&transport=polling&t=46zg91rd&sid=DkT3Xw9FbaGM2EzzAAAE → http://localhost:5000/api/events/?EIO=4&transport=polling&t=46zg91rd&sid=DkT3Xw9FbaGM2EzzAAAE[39m
[2026-02-21 14:56:41] [[32minfo[39m]: [32mexpressReq.user : {"id":"698f28d799b35470f53dd6e2","role":"PROVIDER"}[39m
[2026-02-21 14:56:41] [[32minfo[39m]: [32m[GATEWAY PROXY] GET /events/?EIO=4&transport=polling&t=46zov6ie&sid=DkT3Xw9FbaGM2EzzAAAE → http://localhost:5000/api/events/?EIO=4&transport=polling&t=46zov6ie&sid=DkT3Xw9FbaGM2EzzAAAE[39m
[2026-02-21 14:56:41] [[32minfo[39m]: [32mexpressReq.user : {"id":"698f28d799b35470f53dd6e2","role":"PROVIDER"}[39m
[2026-02-21 14:56:46] [[32minfo[39m]: [32m[GATEWAY PROXY] POST /events/?EIO=4&transport=polling&t=473n2c7k&sid=DkT3Xw9FbaGM2EzzAAAE → http://localhost:5000/api/events/?EIO=4&transport=polling&t=473n2c7k&sid=DkT3Xw9FbaGM2EzzAAAE[39m
[2026-02-21 14:56:46] [[32minfo[39m]: [32mexpressReq.user : {"id":"698f28d799b35470f53dd6e2","role":"PROVIDER"}[39m
[2026-02-21 14:56:47] [[32minfo[39m]: [32m[GATEWAY PROXY] GET /events/?EIO=4&transport=polling&t=474hc641 → http://localhost:5000/api/events/?EIO=4&transport=polling&t=474hc641[39m
[2026-02-21 14:56:47] [[32minfo[39m]: [32mexpressReq.user : {"id":"698f28d799b35470f53dd6e2","role":"PROVIDER"}[39m
[2026-02-21 14:56:47] [[32minfo[39m]: [32m[GATEWAY PROXY] POST /events/?EIO=4&transport=polling&t=474k5t65&sid=WtqnpSjsPOabO8itAAAG → http://localhost:5000/api/events/?EIO=4&transport=polling&t=474k5t65&sid=WtqnpSjsPOabO8itAAAG[39m
[2026-02-21 14:56:47] [[32minfo[39m]: [32mexpressReq.user : {"id":"698f28d799b35470f53dd6e2","role":"PROVIDER"}[39m
[2026-02-21 14:56:48] [[32minfo[39m]: [32m[GATEWAY PROXY] GET /events/?EIO=4&transport=polling&t=474k7q03&sid=WtqnpSjsPOabO8itAAAG → http://localhost:5000/api/events/?EIO=4&transport=polling&t=474k7q03&sid=WtqnpSjsPOabO8itAAAG[39m
[2026-02-21 14:56:48] [[32minfo[39m]: [32mexpressReq.user : {"id":"698f28d799b35470f53dd6e2","role":"PROVIDER"}[39m
[2026-02-21 14:56:48] [[32minfo[39m]: [32m[GATEWAY PROXY] GET /events/?EIO=4&transport=polling&t=474rk0im&sid=WtqnpSjsPOabO8itAAAG → http://localhost:5000/api/events/?EIO=4&transport=polling&t=474rk0im&sid=WtqnpSjsPOabO8itAAAG[39m
[2026-02-21 14:56:48] [[32minfo[39m]: [32mexpressReq.user : {"id":"698f28d799b35470f53dd6e2","role":"PROVIDER"}[39m
[2026-02-21 14:56:53] [[32minfo[39m]: [32m[GATEWAY PROXY] POST /events/?EIO=4&transport=polling&t=478peefj&sid=WtqnpSjsPOabO8itAAAG → http://localhost:5000/api/events/?EIO=4&transport=polling&t=478peefj&sid=WtqnpSjsPOabO8itAAAG[39m
[2026-02-21 14:56:53] [[32minfo[39m]: [32mexpressReq.user : {"id":"698f28d799b35470f53dd6e2","role":"PROVIDER"}[39m
[2026-02-21 14:56:54] [[32minfo[39m]: [32m[GATEWAY PROXY] GET /events/?EIO=4&transport=polling&t=479britd → http://localhost:5000/api/events/?EIO=4&transport=polling&t=479britd[39m
[2026-02-21 14:56:54] [[32minfo[39m]: [32mexpressReq.user : {"id":"698f28d799b35470f53dd6e2","role":"PROVIDER"}[39m
[2026-02-21 14:56:54] [[32minfo[39m]: [32m[GATEWAY PROXY] POST /events/?EIO=4&transport=polling&t=479e69jk&sid=HcQ_0KJVhWcyyrZNAAAI → http://localhost:5000/api/events/?EIO=4&transport=polling&t=479e69jk&sid=HcQ_0KJVhWcyyrZNAAAI[39m
[2026-02-21 14:56:54] [[32minfo[39m]: [32mexpressReq.user : {"id":"698f28d799b35470f53dd6e2","role":"PROVIDER"}[39m
[2026-02-21 14:56:54] [[32minfo[39m]: [32m[GATEWAY PROXY] GET /events/?EIO=4&transport=polling&t=479e808s&sid=HcQ_0KJVhWcyyrZNAAAI → http://localhost:5000/api/events/?EIO=4&transport=polling&t=479e808s&sid=HcQ_0KJVhWcyyrZNAAAI[39m
[2026-02-21 14:56:54] [[32minfo[39m]: [32mexpressReq.user : {"id":"698f28d799b35470f53dd6e2","role":"PROVIDER"}[39m
[2026-02-21 14:56:54] [[32minfo[39m]: [32m[GATEWAY PROXY] GET /events/?EIO=4&transport=polling&t=479lqdt8&sid=HcQ_0KJVhWcyyrZNAAAI → http://localhost:5000/api/events/?EIO=4&transport=polling&t=479lqdt8&sid=HcQ_0KJVhWcyyrZNAAAI[39m
[2026-02-21 14:56:54] [[32minfo[39m]: [32mexpressReq.user : {"id":"698f28d799b35470f53dd6e2","role":"PROVIDER"}[39m
[2026-02-21 14:56:59] [[32minfo[39m]: [32m[GATEWAY PROXY] POST /events/?EIO=4&transport=polling&t=47djb8sr&sid=HcQ_0KJVhWcyyrZNAAAI → http://localhost:5000/api/events/?EIO=4&transport=polling&t=47djb8sr&sid=HcQ_0KJVhWcyyrZNAAAI[39m
[2026-02-21 14:56:59] [[32minfo[39m]: [32mexpressReq.user : {"id":"698f28d799b35470f53dd6e2","role":"PROVIDER"}[39m
[2026-02-21 14:57:00] [[32minfo[39m]: [32m[GATEWAY PROXY] GET /events/?EIO=4&transport=polling&t=47ed3uo4 → http://localhost:5000/api/events/?EIO=4&transport=polling&t=47ed3uo4[39m
[2026-02-21 14:57:00] [[32minfo[39m]: [32mexpressReq.user : {"id":"698f28d799b35470f53dd6e2","role":"PROVIDER"}[39m
[2026-02-21 14:57:00] [[32minfo[39m]: [32m[GATEWAY PROXY] POST /events/?EIO=4&transport=polling&t=47efebpy&sid=fuwmMNk-qRWhTwCMAAAK → http://localhost:5000/api/events/?EIO=4&transport=polling&t=47efebpy&sid=fuwmMNk-qRWhTwCMAAAK[39m
[2026-02-21 14:57:00] [[32minfo[39m]: [32mexpressReq.user : {"id":"698f28d799b35470f53dd6e2","role":"PROVIDER"}[39m
[2026-02-21 14:57:00] [[32minfo[39m]: [32m[GATEWAY PROXY] GET /events/?EIO=4&transport=polling&t=47efgazv&sid=fuwmMNk-qRWhTwCMAAAK → http://localhost:5000/api/events/?EIO=4&transport=polling&t=47efgazv&sid=fuwmMNk-qRWhTwCMAAAK[39m
[2026-02-21 14:57:00] [[32minfo[39m]: [32mexpressReq.user : {"id":"698f28d799b35470f53dd6e2","role":"PROVIDER"}[39m
[2026-02-21 14:57:00] [[32minfo[39m]: [32m[GATEWAY PROXY] GET /events/?EIO=4&transport=polling&t=47emxgm7&sid=fuwmMNk-qRWhTwCMAAAK → http://localhost:5000/api/events/?EIO=4&transport=polling&t=47emxgm7&sid=fuwmMNk-qRWhTwCMAAAK[39m
[2026-02-21 14:57:00] [[32minfo[39m]: [32mexpressReq.user : {"id":"698f28d799b35470f53dd6e2","role":"PROVIDER"}[39m
[2026-02-21 14:57:06] [[32minfo[39m]: [32m[GATEWAY PROXY] POST /events/?EIO=4&transport=polling&t=47il0mir&sid=fuwmMNk-qRWhTwCMAAAK → http://localhost:5000/api/events/?EIO=4&transport=polling&t=47il0mir&sid=fuwmMNk-qRWhTwCMAAAK[39m
[2026-02-21 14:57:06] [[32minfo[39m]: [32mexpressReq.user : {"id":"698f28d799b35470f53dd6e2","role":"PROVIDER"}[39m
[2026-02-21 14:57:07] [[32minfo[39m]: [32m[GATEWAY PROXY] GET /events/?EIO=4&transport=polling&t=47jq8f9g → http://localhost:5000/api/events/?EIO=4&transport=polling&t=47jq8f9g[39m
[2026-02-21 14:57:07] [[32minfo[39m]: [32mexpressReq.user : {"id":"698f28d799b35470f53dd6e2","role":"PROVIDER"}[39m
[2026-02-21 14:57:07] [[32minfo[39m]: [32m[GATEWAY PROXY] POST /events/?EIO=4&transport=polling&t=47jt1p5v&sid=gbJDvOmJVArj9eEsAAAM → http://localhost:5000/api/events/?EIO=4&transport=polling&t=47jt1p5v&sid=gbJDvOmJVArj9eEsAAAM[39m
[2026-02-21 14:57:07] [[32minfo[39m]: [32mexpressReq.user : {"id":"698f28d799b35470f53dd6e2","role":"PROVIDER"}[39m
[2026-02-21 14:57:07] [[32minfo[39m]: [32m[GATEWAY PROXY] GET /events/?EIO=4&transport=polling&t=47jt3hzh&sid=gbJDvOmJVArj9eEsAAAM → http://localhost:5000/api/events/?EIO=4&transport=polling&t=47jt3hzh&sid=gbJDvOmJVArj9eEsAAAM[39m
[2026-02-21 14:57:07] [[32minfo[39m]: [32mexpressReq.user : {"id":"698f28d799b35470f53dd6e2","role":"PROVIDER"}[39m
[2026-02-21 14:57:07] [[32minfo[39m]: [32m[GATEWAY PROXY] GET /events/?EIO=4&transport=polling&t=47k03yj6&sid=gbJDvOmJVArj9eEsAAAM → http://localhost:5000/api/events/?EIO=4&transport=polling&t=47k03yj6&sid=gbJDvOmJVArj9eEsAAAM[39m
[2026-02-21 14:57:07] [[32minfo[39m]: [32mexpressReq.user : {"id":"698f28d799b35470f53dd6e2","role":"PROVIDER"}[39m
[2026-02-21 14:57:13] [[32minfo[39m]: [32m[GATEWAY PROXY] POST /events/?EIO=4&transport=polling&t=47nznkqj&sid=gbJDvOmJVArj9eEsAAAM → http://localhost:5000/api/events/?EIO=4&transport=polling&t=47nznkqj&sid=gbJDvOmJVArj9eEsAAAM[39m
[2026-02-21 14:57:13] [[32minfo[39m]: [32mexpressReq.user : {"id":"698f28d799b35470f53dd6e2","role":"PROVIDER"}[39m
[2026-02-21 14:57:13] [[32minfo[39m]: [32m[GATEWAY PROXY] GET /events/?EIO=4&transport=polling&t=47oocmcw → http://localhost:5000/api/events/?EIO=4&transport=polling&t=47oocmcw[39m
[2026-02-21 14:57:13] [[32minfo[39m]: [32mexpressReq.user : {"id":"698f28d799b35470f53dd6e2","role":"PROVIDER"}[39m
[2026-02-21 14:57:14] [[32minfo[39m]: [32m[GATEWAY PROXY] POST /events/?EIO=4&transport=polling&t=47or7fww&sid=jaKpbMAH5wQUrlDwAAAO → http://localhost:5000/api/events/?EIO=4&transport=polling&t=47or7fww&sid=jaKpbMAH5wQUrlDwAAAO[39m
[2026-02-21 14:57:14] [[32minfo[39m]: [32mexpressReq.user : {"id":"698f28d799b35470f53dd6e2","role":"PROVIDER"}[39m
[2026-02-21 14:57:14] [[32minfo[39m]: [32m[GATEWAY PROXY] GET /events/?EIO=4&transport=polling&t=47or92mb&sid=jaKpbMAH5wQUrlDwAAAO → http://localhost:5000/api/events/?EIO=4&transport=polling&t=47or92mb&sid=jaKpbMAH5wQUrlDwAAAO[39m
[2026-02-21 14:57:14] [[32minfo[39m]: [32mexpressReq.user : {"id":"698f28d799b35470f53dd6e2","role":"PROVIDER"}[39m
[2026-02-21 14:57:14] [[32minfo[39m]: [32m[GATEWAY PROXY] GET /events/?EIO=4&transport=polling&t=47oy6443&sid=jaKpbMAH5wQUrlDwAAAO → http://localhost:5000/api/events/?EIO=4&transport=polling&t=47oy6443&sid=jaKpbMAH5wQUrlDwAAAO[39m
[2026-02-21 14:57:14] [[32minfo[39m]: [32mexpressReq.user : {"id":"698f28d799b35470f53dd6e2","role":"PROVIDER"}[39m
[2026-02-21 14:57:17] [[32minfo[39m]: [32m[GATEWAY PROXY] POST /user-device/ → http://localhost:6000/api/user-device/[39m
[2026-02-21 14:57:17] [[32minfo[39m]: [32mexpressReq.user : {"id":"698f28d799b35470f53dd6e2","role":"PROVIDER"}[39m
[2026-02-21 14:57:19] [[32minfo[39m]: [32m[GATEWAY PROXY] POST /events/?EIO=4&transport=polling&t=47sw4vt7&sid=jaKpbMAH5wQUrlDwAAAO → http://localhost:5000/api/events/?EIO=4&transport=polling&t=47sw4vt7&sid=jaKpbMAH5wQUrlDwAAAO[39m
[2026-02-21 14:57:19] [[32minfo[39m]: [32mexpressReq.user : {"id":"698f28d799b35470f53dd6e2","role":"PROVIDER"}[39m
[2026-02-21 14:57:20] [[32minfo[39m]: [32m[GATEWAY PROXY] GET /events/?EIO=4&transport=polling&t=47tvfsht → http://localhost:5000/api/events/?EIO=4&transport=polling&t=47tvfsht[39m
[2026-02-21 14:57:20] [[32minfo[39m]: [32mexpressReq.user : {"id":"698f28d799b35470f53dd6e2","role":"PROVIDER"}[39m
[2026-02-21 14:57:20] [[32minfo[39m]: [32m[GATEWAY PROXY] POST /events/?EIO=4&transport=polling&t=47tylag7&sid=Oe_Kemo8k3Oc9wu2AAAQ → http://localhost:5000/api/events/?EIO=4&transport=polling&t=47tylag7&sid=Oe_Kemo8k3Oc9wu2AAAQ[39m
[2026-02-21 14:57:20] [[32minfo[39m]: [32mexpressReq.user : {"id":"698f28d799b35470f53dd6e2","role":"PROVIDER"}[39m
[2026-02-21 14:57:21] [[32minfo[39m]: [32m[GATEWAY PROXY] GET /events/?EIO=4&transport=polling&t=47tyomhq&sid=Oe_Kemo8k3Oc9wu2AAAQ → http://localhost:5000/api/events/?EIO=4&transport=polling&t=47tyomhq&sid=Oe_Kemo8k3Oc9wu2AAAQ[39m
[2026-02-21 14:57:21] [[32minfo[39m]: [32mexpressReq.user : {"id":"698f28d799b35470f53dd6e2","role":"PROVIDER"}[39m
[2026-02-21 14:57:21] [[32minfo[39m]: [32m[GATEWAY PROXY] GET /events/?EIO=4&transport=polling&t=47u89byk&sid=Oe_Kemo8k3Oc9wu2AAAQ → http://localhost:5000/api/events/?EIO=4&transport=polling&t=47u89byk&sid=Oe_Kemo8k3Oc9wu2AAAQ[39m
[2026-02-21 14:57:21] [[32minfo[39m]: [32mexpressReq.user : {"id":"698f28d799b35470f53dd6e2","role":"PROVIDER"}[39m
[2026-02-21 14:57:26] [[32minfo[39m]: [32m[GATEWAY PROXY] POST /events/?EIO=4&transport=polling&t=47y63clw&sid=Oe_Kemo8k3Oc9wu2AAAQ → http://localhost:5000/api/events/?EIO=4&transport=polling&t=47y63clw&sid=Oe_Kemo8k3Oc9wu2AAAQ[39m
[2026-02-21 14:57:26] [[32minfo[39m]: [32mexpressReq.user : {"id":"698f28d799b35470f53dd6e2","role":"PROVIDER"}[39m
[2026-02-21 14:57:27] [[32minfo[39m]: [32m[GATEWAY PROXY] GET /events/?EIO=4&transport=polling&t=47z0as1h → http://localhost:5000/api/events/?EIO=4&transport=polling&t=47z0as1h[39m
[2026-02-21 14:57:27] [[32minfo[39m]: [32mexpressReq.user : {"id":"698f28d799b35470f53dd6e2","role":"PROVIDER"}[39m
[2026-02-21 14:57:27] [[32minfo[39m]: [32m[GATEWAY PROXY] POST /events/?EIO=4&transport=polling&t=47z2v56a&sid=_S4e-2-RA-El_p1AAAAS → http://localhost:5000/api/events/?EIO=4&transport=polling&t=47z2v56a&sid=_S4e-2-RA-El_p1AAAAS[39m
[2026-02-21 14:57:27] [[32minfo[39m]: [32mexpressReq.user : {"id":"698f28d799b35470f53dd6e2","role":"PROVIDER"}[39m
[2026-02-21 14:57:27] [[32minfo[39m]: [32m[GATEWAY PROXY] GET /events/?EIO=4&transport=polling&t=47z2yb2f&sid=_S4e-2-RA-El_p1AAAAS → http://localhost:5000/api/events/?EIO=4&transport=polling&t=47z2yb2f&sid=_S4e-2-RA-El_p1AAAAS[39m
[2026-02-21 14:57:27] [[32minfo[39m]: [32mexpressReq.user : {"id":"698f28d799b35470f53dd6e2","role":"PROVIDER"}[39m
[2026-02-21 14:57:27] [[32minfo[39m]: [32m[GATEWAY PROXY] GET /events/?EIO=4&transport=polling&t=47za2aqj&sid=_S4e-2-RA-El_p1AAAAS → http://localhost:5000/api/events/?EIO=4&transport=polling&t=47za2aqj&sid=_S4e-2-RA-El_p1AAAAS[39m
[2026-02-21 14:57:27] [[32minfo[39m]: [32mexpressReq.user : {"id":"698f28d799b35470f53dd6e2","role":"PROVIDER"}[39m
[2026-02-21 14:57:32] [[32minfo[39m]: [32m[GATEWAY PROXY] POST /events/?EIO=4&transport=polling&t=4837jp4s&sid=_S4e-2-RA-El_p1AAAAS → http://localhost:5000/api/events/?EIO=4&transport=polling&t=4837jp4s&sid=_S4e-2-RA-El_p1AAAAS[39m
[2026-02-21 14:57:32] [[32minfo[39m]: [32mexpressReq.user : {"id":"698f28d799b35470f53dd6e2","role":"PROVIDER"}[39m
[2026-02-21 14:57:34] [[32minfo[39m]: [32m[GATEWAY PROXY] GET /events/?EIO=4&transport=polling&t=484dbmj5 → http://localhost:5000/api/events/?EIO=4&transport=polling&t=484dbmj5[39m
[2026-02-21 14:57:34] [[32minfo[39m]: [32mexpressReq.user : {"id":"698f28d799b35470f53dd6e2","role":"PROVIDER"}[39m
[2026-02-21 14:57:34] [[32minfo[39m]: [32m[GATEWAY PROXY] POST /events/?EIO=4&transport=polling&t=484fs62s&sid=1aiPoq6iMmjlZ2y7AAAU → http://localhost:5000/api/events/?EIO=4&transport=polling&t=484fs62s&sid=1aiPoq6iMmjlZ2y7AAAU[39m
[2026-02-21 14:57:34] [[32minfo[39m]: [32mexpressReq.user : {"id":"698f28d799b35470f53dd6e2","role":"PROVIDER"}[39m
[2026-02-21 14:57:34] [[32minfo[39m]: [32m[GATEWAY PROXY] GET /events/?EIO=4&transport=polling&t=484fvuhj&sid=1aiPoq6iMmjlZ2y7AAAU → http://localhost:5000/api/events/?EIO=4&transport=polling&t=484fvuhj&sid=1aiPoq6iMmjlZ2y7AAAU[39m
[2026-02-21 14:57:34] [[32minfo[39m]: [32mexpressReq.user : {"id":"698f28d799b35470f53dd6e2","role":"PROVIDER"}[39m
[2026-02-21 14:57:34] [[32minfo[39m]: [32m[GATEWAY PROXY] GET /events/?EIO=4&transport=polling&t=484nnkqa&sid=1aiPoq6iMmjlZ2y7AAAU → http://localhost:5000/api/events/?EIO=4&transport=polling&t=484nnkqa&sid=1aiPoq6iMmjlZ2y7AAAU[39m
[2026-02-21 14:57:34] [[32minfo[39m]: [32mexpressReq.user : {"id":"698f28d799b35470f53dd6e2","role":"PROVIDER"}[39m
[2026-02-21 14:57:39] [[32minfo[39m]: [32m[GATEWAY PROXY] POST /events/?EIO=4&transport=polling&t=488kxdsj&sid=1aiPoq6iMmjlZ2y7AAAU → http://localhost:5000/api/events/?EIO=4&transport=polling&t=488kxdsj&sid=1aiPoq6iMmjlZ2y7AAAU[39m
[2026-02-21 14:57:39] [[32minfo[39m]: [32mexpressReq.user : {"id":"698f28d799b35470f53dd6e2","role":"PROVIDER"}[39m
[2026-02-21 14:57:41] [[32minfo[39m]: [32m[GATEWAY PROXY] GET /events/?EIO=4&transport=polling&t=489nfu9f → http://localhost:5000/api/events/?EIO=4&transport=polling&t=489nfu9f[39m
[2026-02-21 14:57:41] [[32minfo[39m]: [32mexpressReq.user : {"id":"698f28d799b35470f53dd6e2","role":"PROVIDER"}[39m
[2026-02-21 14:57:41] [[32minfo[39m]: [32m[GATEWAY PROXY] POST /events/?EIO=4&transport=polling&t=489q7p80&sid=9bopk7tZn1rDFz1nAAAW → http://localhost:5000/api/events/?EIO=4&transport=polling&t=489q7p80&sid=9bopk7tZn1rDFz1nAAAW[39m
[2026-02-21 14:57:41] [[32minfo[39m]: [32mexpressReq.user : {"id":"698f28d799b35470f53dd6e2","role":"PROVIDER"}[39m
[2026-02-21 14:57:41] [[32minfo[39m]: [32m[GATEWAY PROXY] GET /events/?EIO=4&transport=polling&t=489qaee3&sid=9bopk7tZn1rDFz1nAAAW → http://localhost:5000/api/events/?EIO=4&transport=polling&t=489qaee3&sid=9bopk7tZn1rDFz1nAAAW[39m
[2026-02-21 14:57:41] [[32minfo[39m]: [32mexpressReq.user : {"id":"698f28d799b35470f53dd6e2","role":"PROVIDER"}[39m
[2026-02-21 14:57:41] [[32minfo[39m]: [32m[GATEWAY PROXY] GET /events/?EIO=4&transport=polling&t=489y0i48&sid=9bopk7tZn1rDFz1nAAAW → http://localhost:5000/api/events/?EIO=4&transport=polling&t=489y0i48&sid=9bopk7tZn1rDFz1nAAAW[39m
[2026-02-21 14:57:41] [[32minfo[39m]: [32mexpressReq.user : {"id":"698f28d799b35470f53dd6e2","role":"PROVIDER"}[39m
[2026-02-21 14:57:46] [[32minfo[39m]: [32m[GATEWAY PROXY] POST /events/?EIO=4&transport=polling&t=48dvpo46&sid=9bopk7tZn1rDFz1nAAAW → http://localhost:5000/api/events/?EIO=4&transport=polling&t=48dvpo46&sid=9bopk7tZn1rDFz1nAAAW[39m
[2026-02-21 14:57:46] [[32minfo[39m]: [32mexpressReq.user : {"id":"698f28d799b35470f53dd6e2","role":"PROVIDER"}[39m
[2026-02-21 14:57:47] [[32minfo[39m]: [32m[GATEWAY PROXY] GET /events/?EIO=4&transport=polling&t=48ebr3cc → http://localhost:5000/api/events/?EIO=4&transport=polling&t=48ebr3cc[39m
[2026-02-21 14:57:47] [[32minfo[39m]: [32mexpressReq.user : {"id":"698f28d799b35470f53dd6e2","role":"PROVIDER"}[39m
[2026-02-21 14:57:47] [[32minfo[39m]: [32m[GATEWAY PROXY] POST /events/?EIO=4&transport=polling&t=48efd735&sid=mRJ07wnuwP4z5-TaAAAY → http://localhost:5000/api/events/?EIO=4&transport=polling&t=48efd735&sid=mRJ07wnuwP4z5-TaAAAY[39m
[2026-02-21 14:57:47] [[32minfo[39m]: [32mexpressReq.user : {"id":"698f28d799b35470f53dd6e2","role":"PROVIDER"}[39m
[2026-02-21 14:57:47] [[32minfo[39m]: [32m[GATEWAY PROXY] GET /events/?EIO=4&transport=polling&t=48effioq&sid=mRJ07wnuwP4z5-TaAAAY → http://localhost:5000/api/events/?EIO=4&transport=polling&t=48effioq&sid=mRJ07wnuwP4z5-TaAAAY[39m
[2026-02-21 14:57:47] [[32minfo[39m]: [32mexpressReq.user : {"id":"698f28d799b35470f53dd6e2","role":"PROVIDER"}[39m
[2026-02-21 14:57:47] [[32minfo[39m]: [32m[GATEWAY PROXY] GET /events/?EIO=4&transport=polling&t=48eo8my5&sid=mRJ07wnuwP4z5-TaAAAY → http://localhost:5000/api/events/?EIO=4&transport=polling&t=48eo8my5&sid=mRJ07wnuwP4z5-TaAAAY[39m
[2026-02-21 14:57:47] [[32minfo[39m]: [32mexpressReq.user : {"id":"698f28d799b35470f53dd6e2","role":"PROVIDER"}[39m
[2026-02-21 14:57:52] [[32minfo[39m]: [32m[GATEWAY PROXY] POST /events/?EIO=4&transport=polling&t=48ilrb3w&sid=mRJ07wnuwP4z5-TaAAAY → http://localhost:5000/api/events/?EIO=4&transport=polling&t=48ilrb3w&sid=mRJ07wnuwP4z5-TaAAAY[39m
[2026-02-21 14:57:52] [[32minfo[39m]: [32mexpressReq.user : {"id":"698f28d799b35470f53dd6e2","role":"PROVIDER"}[39m
[2026-02-21 14:57:54] [[32minfo[39m]: [32m[GATEWAY PROXY] GET /events/?EIO=4&transport=polling&t=48jnmq3t → http://localhost:5000/api/events/?EIO=4&transport=polling&t=48jnmq3t[39m
[2026-02-21 14:57:54] [[32minfo[39m]: [32mexpressReq.user : {"id":"698f28d799b35470f53dd6e2","role":"PROVIDER"}[39m
[2026-02-21 14:57:54] [[32minfo[39m]: [32m[GATEWAY PROXY] POST /events/?EIO=4&transport=polling&t=48jqrg8m&sid=FOvvvzGPHQ7xEPA2AAAa → http://localhost:5000/api/events/?EIO=4&transport=polling&t=48jqrg8m&sid=FOvvvzGPHQ7xEPA2AAAa[39m
[2026-02-21 14:57:54] [[32minfo[39m]: [32mexpressReq.user : {"id":"698f28d799b35470f53dd6e2","role":"PROVIDER"}[39m
[2026-02-21 14:57:54] [[32minfo[39m]: [32m[GATEWAY PROXY] GET /events/?EIO=4&transport=polling&t=48jqu4nw&sid=FOvvvzGPHQ7xEPA2AAAa → http://localhost:5000/api/events/?EIO=4&transport=polling&t=48jqu4nw&sid=FOvvvzGPHQ7xEPA2AAAa[39m
[2026-02-21 14:57:54] [[32minfo[39m]: [32mexpressReq.user : {"id":"698f28d799b35470f53dd6e2","role":"PROVIDER"}[39m
[2026-02-21 14:57:54] [[32minfo[39m]: [32m[GATEWAY PROXY] GET /events/?EIO=4&transport=polling&t=48jy3gx6&sid=FOvvvzGPHQ7xEPA2AAAa → http://localhost:5000/api/events/?EIO=4&transport=polling&t=48jy3gx6&sid=FOvvvzGPHQ7xEPA2AAAa[39m
[2026-02-21 14:57:54] [[32minfo[39m]: [32mexpressReq.user : {"id":"698f28d799b35470f53dd6e2","role":"PROVIDER"}[39m
[2026-02-21 14:57:59] [[32minfo[39m]: [32m[GATEWAY PROXY] POST /events/?EIO=4&transport=polling&t=48nw4kyq&sid=FOvvvzGPHQ7xEPA2AAAa → http://localhost:5000/api/events/?EIO=4&transport=polling&t=48nw4kyq&sid=FOvvvzGPHQ7xEPA2AAAa[39m
[2026-02-21 14:57:59] [[32minfo[39m]: [32mexpressReq.user : {"id":"698f28d799b35470f53dd6e2","role":"PROVIDER"}[39m
[2026-02-21 14:58:00] [[32minfo[39m]: [32m[GATEWAY PROXY] GET /events/?EIO=4&transport=polling&t=48ovn9ua → http://localhost:5000/api/events/?EIO=4&transport=polling&t=48ovn9ua[39m
[2026-02-21 14:58:00] [[32minfo[39m]: [32mexpressReq.user : {"id":"698f28d799b35470f53dd6e2","role":"PROVIDER"}[39m
[2026-02-21 14:58:00] [[32minfo[39m]: [32m[GATEWAY PROXY] POST /events/?EIO=4&transport=polling&t=48oyxwft&sid=0YeY5-gQSvCL8QCWAAAc → http://localhost:5000/api/events/?EIO=4&transport=polling&t=48oyxwft&sid=0YeY5-gQSvCL8QCWAAAc[39m
[2026-02-21 14:58:00] [[32minfo[39m]: [32mexpressReq.user : {"id":"698f28d799b35470f53dd6e2","role":"PROVIDER"}[39m
[2026-02-21 14:58:01] [[32minfo[39m]: [32m[GATEWAY PROXY] GET /events/?EIO=4&transport=polling&t=48oz00dx&sid=0YeY5-gQSvCL8QCWAAAc → http://localhost:5000/api/events/?EIO=4&transport=polling&t=48oz00dx&sid=0YeY5-gQSvCL8QCWAAAc[39m
[2026-02-21 14:58:01] [[32minfo[39m]: [32mexpressReq.user : {"id":"698f28d799b35470f53dd6e2","role":"PROVIDER"}[39m
[2026-02-21 14:58:01] [[32minfo[39m]: [32m[GATEWAY PROXY] GET /events/?EIO=4&transport=polling&t=48p6otoi&sid=0YeY5-gQSvCL8QCWAAAc → http://localhost:5000/api/events/?EIO=4&transport=polling&t=48p6otoi&sid=0YeY5-gQSvCL8QCWAAAc[39m
[2026-02-21 14:58:01] [[32minfo[39m]: [32mexpressReq.user : {"id":"698f28d799b35470f53dd6e2","role":"PROVIDER"}[39m
[2026-02-21 14:58:06] [[32minfo[39m]: [32m[GATEWAY PROXY] POST /events/?EIO=4&transport=polling&t=48t4k4a2&sid=0YeY5-gQSvCL8QCWAAAc → http://localhost:5000/api/events/?EIO=4&transport=polling&t=48t4k4a2&sid=0YeY5-gQSvCL8QCWAAAc[39m
[2026-02-21 14:58:06] [[32minfo[39m]: [32mexpressReq.user : {"id":"698f28d799b35470f53dd6e2","role":"PROVIDER"}[39m
[2026-02-21 14:58:07] [[32minfo[39m]: [32m[GATEWAY PROXY] GET /events/?EIO=4&transport=polling&t=48tnr9bu → http://localhost:5000/api/events/?EIO=4&transport=polling&t=48tnr9bu[39m
[2026-02-21 14:58:07] [[32minfo[39m]: [32mexpressReq.user : {"id":"698f28d799b35470f53dd6e2","role":"PROVIDER"}[39m
[2026-02-21 14:58:07] [[32minfo[39m]: [32m[GATEWAY PROXY] POST /events/?EIO=4&transport=polling&t=48ts13i5&sid=Ftj13F_xblJ7dqRSAAAe → http://localhost:5000/api/events/?EIO=4&transport=polling&t=48ts13i5&sid=Ftj13F_xblJ7dqRSAAAe[39m
[2026-02-21 14:58:07] [[32minfo[39m]: [32mexpressReq.user : {"id":"698f28d799b35470f53dd6e2","role":"PROVIDER"}[39m
[2026-02-21 14:58:07] [[32minfo[39m]: [32m[GATEWAY PROXY] GET /events/?EIO=4&transport=polling&t=48ts3w8s&sid=Ftj13F_xblJ7dqRSAAAe → http://localhost:5000/api/events/?EIO=4&transport=polling&t=48ts3w8s&sid=Ftj13F_xblJ7dqRSAAAe[39m
[2026-02-21 14:58:07] [[32minfo[39m]: [32mexpressReq.user : {"id":"698f28d799b35470f53dd6e2","role":"PROVIDER"}[39m
[2026-02-21 14:58:07] [[32minfo[39m]: [32m[GATEWAY PROXY] GET /events/?EIO=4&transport=polling&t=48tzlm7p&sid=Ftj13F_xblJ7dqRSAAAe → http://localhost:5000/api/events/?EIO=4&transport=polling&t=48tzlm7p&sid=Ftj13F_xblJ7dqRSAAAe[39m
[2026-02-21 14:58:07] [[32minfo[39m]: [32mexpressReq.user : {"id":"698f28d799b35470f53dd6e2","role":"PROVIDER"}[39m
[2026-02-21 14:58:12] [[32minfo[39m]: [32m[GATEWAY PROXY] POST /events/?EIO=4&transport=polling&t=48xx0j11&sid=Ftj13F_xblJ7dqRSAAAe → http://localhost:5000/api/events/?EIO=4&transport=polling&t=48xx0j11&sid=Ftj13F_xblJ7dqRSAAAe[39m
[2026-02-21 14:58:12] [[32minfo[39m]: [32mexpressReq.user : {"id":"698f28d799b35470f53dd6e2","role":"PROVIDER"}[39m
[2026-02-21 14:58:13] [[32minfo[39m]: [32m[GATEWAY PROXY] GET /events/?EIO=4&transport=polling&t=48yws5bh → http://localhost:5000/api/events/?EIO=4&transport=polling&t=48yws5bh[39m
[2026-02-21 14:58:13] [[32minfo[39m]: [32mexpressReq.user : {"id":"698f28d799b35470f53dd6e2","role":"PROVIDER"}[39m
[2026-02-21 14:58:13] [[32minfo[39m]: [32m[GATEWAY PROXY] POST /events/?EIO=4&transport=polling&t=48yzd9ey&sid=AYaguM_FGyq0NgicAAAg → http://localhost:5000/api/events/?EIO=4&transport=polling&t=48yzd9ey&sid=AYaguM_FGyq0NgicAAAg[39m
[2026-02-21 14:58:13] [[32minfo[39m]: [32mexpressReq.user : {"id":"698f28d799b35470f53dd6e2","role":"PROVIDER"}[39m
[2026-02-21 14:58:14] [[32minfo[39m]: [32m[GATEWAY PROXY] GET /events/?EIO=4&transport=polling&t=48yzgddm&sid=AYaguM_FGyq0NgicAAAg → http://localhost:5000/api/events/?EIO=4&transport=polling&t=48yzgddm&sid=AYaguM_FGyq0NgicAAAg[39m
[2026-02-21 14:58:14] [[32minfo[39m]: [32mexpressReq.user : {"id":"698f28d799b35470f53dd6e2","role":"PROVIDER"}[39m
[2026-02-21 14:58:14] [[32minfo[39m]: [32m[GATEWAY PROXY] GET /events/?EIO=4&transport=polling&t=48z6cu4h&sid=AYaguM_FGyq0NgicAAAg → http://localhost:5000/api/events/?EIO=4&transport=polling&t=48z6cu4h&sid=AYaguM_FGyq0NgicAAAg[39m
[2026-02-21 14:58:14] [[32minfo[39m]: [32mexpressReq.user : {"id":"698f28d799b35470f53dd6e2","role":"PROVIDER"}[39m
[2026-02-21 14:58:19] [[32minfo[39m]: [32m[GATEWAY PROXY] POST /events/?EIO=4&transport=polling&t=4934danq&sid=AYaguM_FGyq0NgicAAAg → http://localhost:5000/api/events/?EIO=4&transport=polling&t=4934danq&sid=AYaguM_FGyq0NgicAAAg[39m
[2026-02-21 14:58:19] [[32minfo[39m]: [32mexpressReq.user : {"id":"698f28d799b35470f53dd6e2","role":"PROVIDER"}[39m
[2026-02-21 14:58:20] [[32minfo[39m]: [32m[GATEWAY PROXY] GET /events/?EIO=4&transport=polling&t=49423c44 → http://localhost:5000/api/events/?EIO=4&transport=polling&t=49423c44[39m
[2026-02-21 14:58:20] [[32minfo[39m]: [32mexpressReq.user : {"id":"698f28d799b35470f53dd6e2","role":"PROVIDER"}[39m
[2026-02-21 14:58:20] [[32minfo[39m]: [32m[GATEWAY PROXY] POST /events/?EIO=4&transport=polling&t=49452yhl&sid=5NjtoVx88pUFHEwtAAAi → http://localhost:5000/api/events/?EIO=4&transport=polling&t=49452yhl&sid=5NjtoVx88pUFHEwtAAAi[39m
[2026-02-21 14:58:20] [[32minfo[39m]: [32mexpressReq.user : {"id":"698f28d799b35470f53dd6e2","role":"PROVIDER"}[39m
[2026-02-21 14:58:20] [[32minfo[39m]: [32m[GATEWAY PROXY] GET /events/?EIO=4&transport=polling&t=49455xwb&sid=5NjtoVx88pUFHEwtAAAi → http://localhost:5000/api/events/?EIO=4&transport=polling&t=49455xwb&sid=5NjtoVx88pUFHEwtAAAi[39m
[2026-02-21 14:58:20] [[32minfo[39m]: [32mexpressReq.user : {"id":"698f28d799b35470f53dd6e2","role":"PROVIDER"}[39m
[2026-02-21 14:58:20] [[32minfo[39m]: [32m[GATEWAY PROXY] GET /events/?EIO=4&transport=polling&t=494c316k&sid=5NjtoVx88pUFHEwtAAAi → http://localhost:5000/api/events/?EIO=4&transport=polling&t=494c316k&sid=5NjtoVx88pUFHEwtAAAi[39m
[2026-02-21 14:58:20] [[32minfo[39m]: [32mexpressReq.user : {"id":"698f28d799b35470f53dd6e2","role":"PROVIDER"}[39m
[2026-02-21 14:58:26] [[32minfo[39m]: [32m[GATEWAY PROXY] POST /events/?EIO=4&transport=polling&t=498abvms&sid=5NjtoVx88pUFHEwtAAAi → http://localhost:5000/api/events/?EIO=4&transport=polling&t=498abvms&sid=5NjtoVx88pUFHEwtAAAi[39m
[2026-02-21 14:58:26] [[32minfo[39m]: [32mexpressReq.user : {"id":"698f28d799b35470f53dd6e2","role":"PROVIDER"}[39m
[2026-02-21 14:58:27] [[32minfo[39m]: [32m[GATEWAY PROXY] GET /events/?EIO=4&transport=polling&t=4994pxol → http://localhost:5000/api/events/?EIO=4&transport=polling&t=4994pxol[39m
[2026-02-21 14:58:27] [[32minfo[39m]: [32mexpressReq.user : {"id":"698f28d799b35470f53dd6e2","role":"PROVIDER"}[39m
[2026-02-21 14:58:27] [[32minfo[39m]: [32m[GATEWAY PROXY] POST /events/?EIO=4&transport=polling&t=4997kpx4&sid=E8kNRe5w4Uwe2lvZAAAk → http://localhost:5000/api/events/?EIO=4&transport=polling&t=4997kpx4&sid=E8kNRe5w4Uwe2lvZAAAk[39m
[2026-02-21 14:58:27] [[32minfo[39m]: [32mexpressReq.user : {"id":"698f28d799b35470f53dd6e2","role":"PROVIDER"}[39m
[2026-02-21 14:58:27] [[32minfo[39m]: [32m[GATEWAY PROXY] POST /auth/signout → http://localhost:4000/api/auth/signout[39m
[2026-02-21 14:58:27] [[32minfo[39m]: [32mexpressReq.user : undefined[39m
[2026-02-21 14:58:27] [[32minfo[39m]: [32m[GATEWAY PROXY] GET /events/?EIO=4&transport=polling&t=4997mwt4&sid=E8kNRe5w4Uwe2lvZAAAk → http://localhost:5000/api/events/?EIO=4&transport=polling&t=4997mwt4&sid=E8kNRe5w4Uwe2lvZAAAk[39m
[2026-02-21 14:58:27] [[32minfo[39m]: [32mexpressReq.user : {"id":"698f28d799b35470f53dd6e2","role":"PROVIDER"}[39m
[2026-02-21 15:10:39] [[32minfo[39m]: [32m[SLOTFLOW API GATEWAY] running on http://localhost:3000[39m
[2026-02-21 15:12:14] [[32minfo[39m]: [32m[SLOTFLOW API GATEWAY] running on http://localhost:3000[39m
[2026-02-21 15:12:53] [[32minfo[39m]: [32m[SLOTFLOW API GATEWAY] running on http://localhost:3000[39m
[2026-02-21 15:13:03] [[32minfo[39m]: [32m[SLOTFLOW API GATEWAY] running on http://localhost:3000[39m
[2026-02-21 15:13:05] [[32minfo[39m]: [32m[SLOTFLOW API GATEWAY] running on http://localhost:3000[39m
[2026-02-21 15:13:10] [[32minfo[39m]: [32m[SLOTFLOW API GATEWAY] running on http://localhost:3000[39m
[2026-02-21 15:13:18] [[32minfo[39m]: [32m[SLOTFLOW API GATEWAY] running on http://localhost:3000[39m
[2026-02-21 15:13:28] [[32minfo[39m]: [32m[SLOTFLOW API GATEWAY] running on http://localhost:3000[39m
[2026-02-21 15:13:31] [[32minfo[39m]: [32m[SLOTFLOW API GATEWAY] running on http://localhost:3000[39m
[2026-02-21 15:16:36] [[32minfo[39m]: [32m[GATEWAY PROXY] POST /auth/signin → http://localhost:4000/api/auth/signin[39m
[2026-02-21 15:16:36] [[32minfo[39m]: [32mexpressReq.user : undefined[39m
[2026-02-21 15:16:45] [[32minfo[39m]: [32m[GATEWAY PROXY] GET /events/?EIO=4&transport=polling&t=4ws4svit → http://localhost:5000/api/events/?EIO=4&transport=polling&t=4ws4svit[39m
[2026-02-21 15:16:45] [[32minfo[39m]: [32mexpressReq.user : {"id":"698f28d799b35470f53dd6e2","role":"PROVIDER"}[39m
[2026-02-21 15:16:45] [[32minfo[39m]: [32m[GATEWAY PROXY] GET /provider/dashboard/stats → http://localhost:4000/api/provider/dashboard/stats[39m
[2026-02-21 15:16:45] [[32minfo[39m]: [32mexpressReq.user : {"id":"698f28d799b35470f53dd6e2","role":"PROVIDER"}[39m
[2026-02-21 15:16:46] [[32minfo[39m]: [32m[GATEWAY PROXY] POST /events/?EIO=4&transport=polling&t=4wt1jyqr&sid=U9Iuwh6WzLfOt4KTAAAA → http://localhost:5000/api/events/?EIO=4&transport=polling&t=4wt1jyqr&sid=U9Iuwh6WzLfOt4KTAAAA[39m
[2026-02-21 15:16:46] [[32minfo[39m]: [32mexpressReq.user : {"id":"698f28d799b35470f53dd6e2","role":"PROVIDER"}[39m
[2026-02-21 15:16:46] [[32minfo[39m]: [32m[GATEWAY PROXY] GET /events/?EIO=4&transport=polling&t=4wt1voao&sid=U9Iuwh6WzLfOt4KTAAAA → http://localhost:5000/api/events/?EIO=4&transport=polling&t=4wt1voao&sid=U9Iuwh6WzLfOt4KTAAAA[39m
[2026-02-21 15:16:46] [[32minfo[39m]: [32mexpressReq.user : {"id":"698f28d799b35470f53dd6e2","role":"PROVIDER"}[39m
[2026-02-21 15:16:47] [[32minfo[39m]: [32m[GATEWAY PROXY] GET /events/?EIO=4&transport=polling&t=4wtvlmuf&sid=U9Iuwh6WzLfOt4KTAAAA → http://localhost:5000/api/events/?EIO=4&transport=polling&t=4wtvlmuf&sid=U9Iuwh6WzLfOt4KTAAAA[39m
[2026-02-21 15:16:47] [[32minfo[39m]: [32mexpressReq.user : {"id":"698f28d799b35470f53dd6e2","role":"PROVIDER"}[39m
[2026-02-21 15:17:11] [[32minfo[39m]: [32m[GATEWAY PROXY] POST /events/?EIO=4&transport=polling&t=4xca86zu&sid=U9Iuwh6WzLfOt4KTAAAA → http://localhost:5000/api/events/?EIO=4&transport=polling&t=4xca86zu&sid=U9Iuwh6WzLfOt4KTAAAA[39m
[2026-02-21 15:17:11] [[32minfo[39m]: [32mexpressReq.user : {"id":"698f28d799b35470f53dd6e2","role":"PROVIDER"}[39m
[2026-02-21 15:17:11] [[32minfo[39m]: [32m[GATEWAY PROXY] GET /events/?EIO=4&transport=polling&t=4xcaa23r&sid=U9Iuwh6WzLfOt4KTAAAA → http://localhost:5000/api/events/?EIO=4&transport=polling&t=4xcaa23r&sid=U9Iuwh6WzLfOt4KTAAAA[39m
[2026-02-21 15:17:11] [[32minfo[39m]: [32mexpressReq.user : {"id":"698f28d799b35470f53dd6e2","role":"PROVIDER"}[39m
[2026-02-21 15:17:25] [[32minfo[39m]: [32m[GATEWAY PROXY] POST /user-device/ → http://localhost:6000/api/user-device/[39m
[2026-02-21 15:17:25] [[32minfo[39m]: [32mexpressReq.user : {"id":"698f28d799b35470f53dd6e2","role":"PROVIDER"}[39m
[2026-02-21 15:17:35] [[32minfo[39m]: [32m[GATEWAY PROXY] POST /auth/signout → http://localhost:4000/api/auth/signout[39m
[2026-02-21 15:17:35] [[32minfo[39m]: [32mexpressReq.user : undefined[39m
[2026-02-21 15:18:04] [[32minfo[39m]: [32m[SLOTFLOW API GATEWAY] running on http://localhost:3000[39m
[2026-02-21 15:24:27] [[32minfo[39m]: [32m[GATEWAY PROXY] POST /auth/signin → http://localhost:4000/api/auth/signin[39m
[2026-02-21 15:24:27] [[32minfo[39m]: [32mexpressReq.user : undefined[39m
[2026-02-21 15:25:25] [[32minfo[39m]: [32m[GATEWAY PROXY] POST /auth/signin → http://localhost:4000/api/auth/signin[39m
[2026-02-21 15:25:25] [[32minfo[39m]: [32mexpressReq.user : undefined[39m
[2026-02-21 15:26:24] [[32minfo[39m]: [32m[GATEWAY PROXY] POST /auth/signin → http://localhost:4000/api/auth/signin[39m
[2026-02-21 15:26:24] [[32minfo[39m]: [32mexpressReq.user : undefined[39m
[2026-02-21 15:27:01] [[32minfo[39m]: [32m[GATEWAY PROXY] POST /auth/signin → http://localhost:4000/api/auth/signin[39m
[2026-02-21 15:27:01] [[32minfo[39m]: [32mexpressReq.user : undefined[39m
[2026-02-21 15:28:50] [[32minfo[39m]: [32m[SLOTFLOW API GATEWAY] running on http://localhost:3000[39m
[2026-02-21 15:28:52] [[32minfo[39m]: [32m[SLOTFLOW API GATEWAY] running on http://localhost:3000[39m
[2026-02-21 15:29:11] [[32minfo[39m]: [32m[GATEWAY PROXY] POST /auth/signin → http://localhost:4000/api/auth/signin[39m
[2026-02-21 15:29:11] [[32minfo[39m]: [32mexpressReq.user : undefined[39m
[2026-02-21 15:29:50] [[32minfo[39m]: [32m[SLOTFLOW API GATEWAY] running on http://localhost:3000[39m
[2026-02-21 15:30:09] [[32minfo[39m]: [32m[GATEWAY PROXY] POST /auth/signin → http://localhost:4000/api/auth/signin[39m
[2026-02-21 15:30:09] [[32minfo[39m]: [32mexpressReq.user : undefined[39m
[2026-02-21 15:31:09] [[32minfo[39m]: [32m[SLOTFLOW API GATEWAY] running on http://localhost:3000[39m
[2026-02-21 15:31:16] [[32minfo[39m]: [32m[SLOTFLOW API GATEWAY] running on http://localhost:3000[39m
[2026-02-21 15:38:59] [[32minfo[39m]: [32m[GATEWAY PROXY] POST /auth/signin → http://localhost:4000/api/auth/signin[39m
[2026-02-21 15:38:59] [[32minfo[39m]: [32mexpressReq.user : undefined[39m
[2026-02-21 15:39:10] [[32minfo[39m]: [32m[GATEWAY PROXY] GET /events/?EIO=4&transport=polling&t=5ploajcx → http://localhost:5000/api/events/?EIO=4&transport=polling&t=5ploajcx[39m
[2026-02-21 15:39:10] [[32minfo[39m]: [32mexpressReq.user : {"id":"698f28d799b35470f53dd6e2","role":"PROVIDER"}[39m
[2026-02-21 15:39:10] [[32minfo[39m]: [32m[GATEWAY PROXY] POST /events/?EIO=4&transport=polling&t=5pmicdzk&sid=-9IoXylNxUcIUviaAAAA → http://localhost:5000/api/events/?EIO=4&transport=polling&t=5pmicdzk&sid=-9IoXylNxUcIUviaAAAA[39m
[2026-02-21 15:39:10] [[32minfo[39m]: [32mexpressReq.user : {"id":"698f28d799b35470f53dd6e2","role":"PROVIDER"}[39m
[2026-02-21 15:39:10] [[32minfo[39m]: [32m[GATEWAY PROXY] GET /events/?EIO=4&transport=polling&t=5pmiqzui&sid=-9IoXylNxUcIUviaAAAA → http://localhost:5000/api/events/?EIO=4&transport=polling&t=5pmiqzui&sid=-9IoXylNxUcIUviaAAAA[39m
[2026-02-21 15:39:10] [[32minfo[39m]: [32mexpressReq.user : {"id":"698f28d799b35470f53dd6e2","role":"PROVIDER"}[39m
[2026-02-21 15:39:11] [[32minfo[39m]: [32m[GATEWAY PROXY] GET /events/?EIO=4&transport=polling&t=5pn5ehqg&sid=-9IoXylNxUcIUviaAAAA → http://localhost:5000/api/events/?EIO=4&transport=polling&t=5pn5ehqg&sid=-9IoXylNxUcIUviaAAAA[39m
[2026-02-21 15:39:11] [[32minfo[39m]: [32mexpressReq.user : {"id":"698f28d799b35470f53dd6e2","role":"PROVIDER"}[39m
[2026-02-21 15:39:11] [[32minfo[39m]: [32m[GATEWAY PROXY] GET /provider/dashboard/stats → http://localhost:4000/api/provider/dashboard/stats[39m
[2026-02-21 15:39:11] [[32minfo[39m]: [32mexpressReq.user : {"id":"698f28d799b35470f53dd6e2","role":"PROVIDER"}[39m
[2026-02-21 15:39:36] [[32minfo[39m]: [32m[GATEWAY PROXY] GET /events/?EIO=4&transport=polling&t=5q5smd0i&sid=-9IoXylNxUcIUviaAAAA → http://localhost:5000/api/events/?EIO=4&transport=polling&t=5q5smd0i&sid=-9IoXylNxUcIUviaAAAA[39m
[2026-02-21 15:39:36] [[32minfo[39m]: [32mexpressReq.user : {"id":"698f28d799b35470f53dd6e2","role":"PROVIDER"}[39m
[2026-02-21 15:39:36] [[32minfo[39m]: [32m[GATEWAY PROXY] POST /events/?EIO=4&transport=polling&t=5q5sl1fv&sid=-9IoXylNxUcIUviaAAAA → http://localhost:5000/api/events/?EIO=4&transport=polling&t=5q5sl1fv&sid=-9IoXylNxUcIUviaAAAA[39m
[2026-02-21 15:39:36] [[32minfo[39m]: [32mexpressReq.user : {"id":"698f28d799b35470f53dd6e2","role":"PROVIDER"}[39m
[2026-02-21 15:40:01] [[32minfo[39m]: [32m[GATEWAY PROXY] GET /provider/subscriptions?page=1&limit=10 → http://localhost:4000/api/provider/subscriptions?page=1&limit=10[39m
[2026-02-21 15:40:01] [[32minfo[39m]: [32mexpressReq.user : {"id":"698f28d799b35470f53dd6e2","role":"PROVIDER"}[39m
[2026-02-21 15:40:01] [[32minfo[39m]: [32m[GATEWAY PROXY] POST /events/?EIO=4&transport=polling&t=5qps0dxm&sid=-9IoXylNxUcIUviaAAAA → http://localhost:5000/api/events/?EIO=4&transport=polling&t=5qps0dxm&sid=-9IoXylNxUcIUviaAAAA[39m
[2026-02-21 15:40:01] [[32minfo[39m]: [32mexpressReq.user : {"id":"698f28d799b35470f53dd6e2","role":"PROVIDER"}[39m
[2026-02-21 15:40:03] [[32minfo[39m]: [32m[GATEWAY PROXY] GET /events/?EIO=4&transport=polling&t=5qps1i8q&sid=-9IoXylNxUcIUviaAAAA → http://localhost:5000/api/events/?EIO=4&transport=polling&t=5qps1i8q&sid=-9IoXylNxUcIUviaAAAA[39m
[2026-02-21 15:40:03] [[32minfo[39m]: [32mexpressReq.user : {"id":"698f28d799b35470f53dd6e2","role":"PROVIDER"}[39m
[2026-02-21 15:40:04] [[32minfo[39m]: [32m[GATEWAY PROXY] GET /provider/plans → http://localhost:4000/api/provider/plans[39m
[2026-02-21 15:40:04] [[32minfo[39m]: [32mexpressReq.user : {"id":"698f28d799b35470f53dd6e2","role":"PROVIDER"}[39m
[2026-02-21 15:40:13] [[32minfo[39m]: [32m[GATEWAY PROXY] POST /provider/subscriptions/checkout/session → http://localhost:4000/api/provider/subscriptions/checkout/session[39m
[2026-02-21 15:40:13] [[32minfo[39m]: [32mexpressReq.user : {"id":"698f28d799b35470f53dd6e2","role":"PROVIDER"}[39m
[2026-02-21 15:42:03] [[32minfo[39m]: [32m[GATEWAY PROXY] GET /provider/dashboard/stats → http://localhost:4000/api/provider/dashboard/stats[39m
[2026-02-21 15:42:03] [[32minfo[39m]: [32mexpressReq.user : {"id":"698f28d799b35470f53dd6e2","role":"PROVIDER"}[39m
[2026-02-21 16:04:32] [[32minfo[39m]: [32m[GATEWAY PROXY] GET /provider/dashboard/stats → http://localhost:4000/api/provider/dashboard/stats[39m
[2026-02-21 16:04:32] [[32minfo[39m]: [32mexpressReq.user : {"id":"698f28d799b35470f53dd6e2","role":"PROVIDER"}[39m
[2026-02-21 16:04:37] [[32minfo[39m]: [32m[GATEWAY PROXY] GET /provider/subscriptions?page=1&limit=10 → http://localhost:4000/api/provider/subscriptions?page=1&limit=10[39m
[2026-02-21 16:04:37] [[32minfo[39m]: [32mexpressReq.user : {"id":"698f28d799b35470f53dd6e2","role":"PROVIDER"}[39m
[2026-02-21 16:04:40] [[32minfo[39m]: [32m[GATEWAY PROXY] GET /provider/plans → http://localhost:4000/api/provider/plans[39m
[2026-02-21 16:04:40] [[32minfo[39m]: [32mexpressReq.user : {"id":"698f28d799b35470f53dd6e2","role":"PROVIDER"}[39m
[2026-02-21 16:04:46] [[32minfo[39m]: [32m[GATEWAY PROXY] POST /provider/subscriptions/checkout/session → http://localhost:4000/api/provider/subscriptions/checkout/session[39m
[2026-02-21 16:04:46] [[32minfo[39m]: [32mexpressReq.user : {"id":"698f28d799b35470f53dd6e2","role":"PROVIDER"}[39m
[2026-02-21 16:05:00] [[32minfo[39m]: [32m[GATEWAY PROXY] GET /provider/dashboard/stats → http://localhost:4000/api/provider/dashboard/stats[39m
[2026-02-21 16:05:00] [[32minfo[39m]: [32mexpressReq.user : {"id":"698f28d799b35470f53dd6e2","role":"PROVIDER"}[39m
[2026-02-21 16:09:57] [[32minfo[39m]: [32m[GATEWAY PROXY] GET /provider/subscriptions?page=1&limit=10 → http://localhost:4000/api/provider/subscriptions?page=1&limit=10[39m
[2026-02-21 16:09:57] [[32minfo[39m]: [32mexpressReq.user : {"id":"698f28d799b35470f53dd6e2","role":"PROVIDER"}[39m
[2026-02-21 16:10:10] [[32minfo[39m]: [32m[GATEWAY PROXY] GET /provider/dashboard/stats → http://localhost:4000/api/provider/dashboard/stats[39m
[2026-02-21 16:10:10] [[32minfo[39m]: [32mexpressReq.user : {"id":"698f28d799b35470f53dd6e2","role":"PROVIDER"}[39m
[2026-02-21 16:10:11] [[32minfo[39m]: [32m[GATEWAY PROXY] GET /provider/subscriptions?page=1&limit=10 → http://localhost:4000/api/provider/subscriptions?page=1&limit=10[39m
[2026-02-21 16:10:11] [[32minfo[39m]: [32mexpressReq.user : {"id":"698f28d799b35470f53dd6e2","role":"PROVIDER"}[39m
[2026-02-21 16:10:13] [[32minfo[39m]: [32m[GATEWAY PROXY] GET /provider/plans → http://localhost:4000/api/provider/plans[39m
[2026-02-21 16:10:13] [[32minfo[39m]: [32mexpressReq.user : {"id":"698f28d799b35470f53dd6e2","role":"PROVIDER"}[39m
[2026-02-21 16:10:23] [[32minfo[39m]: [32m[GATEWAY PROXY] POST /provider/subscriptions/checkout/session → http://localhost:4000/api/provider/subscriptions/checkout/session[39m
[2026-02-21 16:10:23] [[32minfo[39m]: [32mexpressReq.user : {"id":"698f28d799b35470f53dd6e2","role":"PROVIDER"}[39m
[2026-02-21 16:10:39] [[32minfo[39m]: [32m[GATEWAY PROXY] GET /provider/dashboard/stats → http://localhost:4000/api/provider/dashboard/stats[39m
[2026-02-21 16:10:39] [[32minfo[39m]: [32mexpressReq.user : {"id":"698f28d799b35470f53dd6e2","role":"PROVIDER"}[39m
[2026-02-21 16:17:05] [[32minfo[39m]: [32m[GATEWAY PROXY] POST /auth/signout → http://localhost:4000/api/auth/signout[39m
[2026-02-21 16:17:05] [[32minfo[39m]: [32mexpressReq.user : undefined[39m
[2026-02-21 16:18:26] [[32minfo[39m]: [32m[GATEWAY PROXY] POST /auth/signin → http://localhost:4000/api/auth/signin[39m
[2026-02-21 16:18:26] [[32minfo[39m]: [32mexpressReq.user : undefined[39m
[2026-02-21 16:18:31] [[32minfo[39m]: [32m[GATEWAY PROXY] GET /events/?EIO=4&transport=polling&t=747sbhb5 → http://localhost:5000/api/events/?EIO=4&transport=polling&t=747sbhb5[39m
[2026-02-21 16:18:31] [[32minfo[39m]: [32mexpressReq.user : {"id":"698f28d799b35470f53dd6e2","role":"PROVIDER"}[39m
[2026-02-21 16:18:32] [[32minfo[39m]: [32m[GATEWAY PROXY] GET /provider/dashboard/stats → http://localhost:4000/api/provider/dashboard/stats[39m
[2026-02-21 16:18:32] [[32minfo[39m]: [32mexpressReq.user : {"id":"698f28d799b35470f53dd6e2","role":"PROVIDER"}[39m
[2026-02-21 16:18:32] [[32minfo[39m]: [32m[GATEWAY PROXY] POST /events/?EIO=4&transport=polling&t=7497d1k2&sid=XTDjTutU3eKPKsqVAAAA → http://localhost:5000/api/events/?EIO=4&transport=polling&t=7497d1k2&sid=XTDjTutU3eKPKsqVAAAA[39m
[2026-02-21 16:18:32] [[32minfo[39m]: [32mexpressReq.user : {"id":"698f28d799b35470f53dd6e2","role":"PROVIDER"}[39m
[2026-02-21 16:18:33] [[32minfo[39m]: [32m[GATEWAY PROXY] GET /events/?EIO=4&transport=polling&t=7497qqwe&sid=XTDjTutU3eKPKsqVAAAA → http://localhost:5000/api/events/?EIO=4&transport=polling&t=7497qqwe&sid=XTDjTutU3eKPKsqVAAAA[39m
[2026-02-21 16:18:33] [[32minfo[39m]: [32mexpressReq.user : {"id":"698f28d799b35470f53dd6e2","role":"PROVIDER"}[39m
[2026-02-21 16:18:34] [[32minfo[39m]: [32m[GATEWAY PROXY] GET /events/?EIO=4&transport=polling&t=74af72kf&sid=XTDjTutU3eKPKsqVAAAA → http://localhost:5000/api/events/?EIO=4&transport=polling&t=74af72kf&sid=XTDjTutU3eKPKsqVAAAA[39m
[2026-02-21 16:18:34] [[32minfo[39m]: [32mexpressReq.user : {"id":"698f28d799b35470f53dd6e2","role":"PROVIDER"}[39m
[2026-02-21 16:18:48] [[32minfo[39m]: [32m[GATEWAY PROXY] GET /provider/subscriptions?page=1&limit=10 → http://localhost:4000/api/provider/subscriptions?page=1&limit=10[39m
[2026-02-21 16:18:48] [[32minfo[39m]: [32mexpressReq.user : {"id":"698f28d799b35470f53dd6e2","role":"PROVIDER"}[39m
[2026-02-21 16:18:50] [[32minfo[39m]: [32m[GATEWAY PROXY] GET /provider/plans → http://localhost:4000/api/provider/plans[39m
[2026-02-21 16:18:50] [[32minfo[39m]: [32mexpressReq.user : {"id":"698f28d799b35470f53dd6e2","role":"PROVIDER"}[39m
[2026-02-21 16:18:56] [[32minfo[39m]: [32m[GATEWAY PROXY] POST /provider/subscriptions/checkout/session → http://localhost:4000/api/provider/subscriptions/checkout/session[39m
[2026-02-21 16:18:56] [[32minfo[39m]: [32mexpressReq.user : {"id":"698f28d799b35470f53dd6e2","role":"PROVIDER"}[39m
[2026-02-21 16:18:57] [[32minfo[39m]: [32m[GATEWAY PROXY] POST /events/?EIO=4&transport=polling&t=74sfb7ph&sid=XTDjTutU3eKPKsqVAAAA → http://localhost:5000/api/events/?EIO=4&transport=polling&t=74sfb7ph&sid=XTDjTutU3eKPKsqVAAAA[39m
[2026-02-21 16:18:57] [[32minfo[39m]: [32mexpressReq.user : {"id":"698f28d799b35470f53dd6e2","role":"PROVIDER"}[39m
[2026-02-21 16:18:57] [[32minfo[39m]: [32m[GATEWAY PROXY] GET /events/?EIO=4&transport=polling&t=74sfc9fn&sid=XTDjTutU3eKPKsqVAAAA → http://localhost:5000/api/events/?EIO=4&transport=polling&t=74sfc9fn&sid=XTDjTutU3eKPKsqVAAAA[39m
[2026-02-21 16:18:57] [[32minfo[39m]: [32mexpressReq.user : {"id":"698f28d799b35470f53dd6e2","role":"PROVIDER"}[39m
[2026-02-21 16:19:12] [[32minfo[39m]: [32m[GATEWAY PROXY] GET /provider/dashboard/stats → http://localhost:4000/api/provider/dashboard/stats[39m
[2026-02-21 16:19:12] [[32minfo[39m]: [32mexpressReq.user : {"id":"698f28d799b35470f53dd6e2","role":"PROVIDER"}[39m
[2026-02-21 16:35:18] [[32minfo[39m]: [32m[GATEWAY PROXY] POST /auth/signout → http://localhost:4000/api/auth/signout[39m
[2026-02-21 16:35:18] [[32minfo[39m]: [32mexpressReq.user : undefined[39m
[2026-02-21 16:39:04] [[32minfo[39m]: [32m[GATEWAY PROXY] POST /auth/signin → http://localhost:4000/api/auth/signin[39m
[2026-02-21 16:39:04] [[32minfo[39m]: [32mexpressReq.user : undefined[39m
[2026-02-21 16:39:35] [[32minfo[39m]: [32m[GATEWAY PROXY] GET /provider/dashboard/stats → http://localhost:4000/api/provider/dashboard/stats[39m
[2026-02-21 16:39:35] [[32minfo[39m]: [32mexpressReq.user : {"id":"698f28d799b35470f53dd6e2","role":"PROVIDER"}[39m
[2026-02-21 16:44:30] [[32minfo[39m]: [32m[GATEWAY PROXY] POST /auth/signout → http://localhost:4000/api/auth/signout[39m
[2026-02-21 16:44:30] [[32minfo[39m]: [32mexpressReq.user : undefined[39m
[2026-02-21 16:54:46] [[32minfo[39m]: [32m[SLOTFLOW API GATEWAY] running on http://localhost:3000[39m
[2026-02-21 16:55:26] [[32minfo[39m]: [32m[SLOTFLOW API GATEWAY] running on http://localhost:3000[39m
[2026-02-21 16:56:08] [[32minfo[39m]: [32m[SLOTFLOW API GATEWAY] running on http://localhost:3000[39m
[2026-02-21 16:56:15] [[32minfo[39m]: [32m[SLOTFLOW API GATEWAY] running on http://localhost:3000[39m
[2026-02-21 16:56:36] [[32minfo[39m]: [32m[SLOTFLOW API GATEWAY] running on http://localhost:3000[39m
[2026-02-21 17:06:22] [[32minfo[39m]: [32m[SLOTFLOW API GATEWAY] running on http://localhost:3000[39m
[2026-02-21 17:09:40] [[32minfo[39m]: [32m[SLOTFLOW API GATEWAY] running on http://localhost:3000[39m
[2026-02-21 17:09:44] [[32minfo[39m]: [32m[SLOTFLOW API GATEWAY] running on http://localhost:3000[39m
[2026-02-21 17:09:51] [[32minfo[39m]: [32m[SLOTFLOW API GATEWAY] running on http://localhost:3000[39m
[2026-02-21 17:12:23] [[32minfo[39m]: [32m[SLOTFLOW API GATEWAY] running on http://localhost:3000[39m
[2026-02-21 17:14:04] [[32minfo[39m]: [32m[SLOTFLOW API GATEWAY] running on http://localhost:3000[39m
[2026-02-22 14:25:55] [[32minfo[39m]: [32m[SLOTFLOW API GATEWAY] running on http://localhost:3000[39m
[2026-02-22 14:30:54] [[32minfo[39m]: [32m[GATEWAY PROXY] POST /auth/signin → http://localhost:4000/api/auth/signin[39m
[2026-02-22 14:30:54] [[32minfo[39m]: [32mexpressReq.user : undefined[39m
[2026-02-22 14:31:00] [[32minfo[39m]: [32m[GATEWAY PROXY] GET /provider/dashboard/stats → http://localhost:4000/api/provider/dashboard/stats[39m
[2026-02-22 14:31:00] [[32minfo[39m]: [32mexpressReq.user : {"id":"698f28d799b35470f53dd6e2","role":"PROVIDER"}[39m
[2026-02-22 14:43:55] [[32minfo[39m]: [32m[SLOTFLOW API GATEWAY] running on http://localhost:3000[39m
[2026-02-22 14:43:57] [[32minfo[39m]: [32m[SLOTFLOW API GATEWAY] running on http://localhost:3000[39m
[2026-02-22 14:46:04] [[32minfo[39m]: [32m[SLOTFLOW API GATEWAY] running on http://localhost:3000[39m
[2026-02-22 14:46:24] [[32minfo[39m]: [32m[GATEWAY PROXY] POST /auth/signout → http://localhost:4000/api/auth/signout[39m
[2026-02-22 14:46:24] [[32minfo[39m]: [32mexpressReq.user : undefined[39m
[2026-02-22 14:46:40] [[32minfo[39m]: [32m[GATEWAY PROXY] POST /auth/signin → http://localhost:4000/api/auth/signin[39m
[2026-02-22 14:46:40] [[32minfo[39m]: [32mexpressReq.user : undefined[39m
[2026-02-22 14:46:44] [[32minfo[39m]: [32m[GATEWAY PROXY] GET /provider/dashboard/stats → http://localhost:4000/api/provider/dashboard/stats[39m
[2026-02-22 14:46:44] [[32minfo[39m]: [32mexpressReq.user : {"id":"698f28d799b35470f53dd6e2","role":"PROVIDER"}[39m
[2026-02-22 14:47:51] [[32minfo[39m]: [32m[GATEWAY PROXY] POST /auth/signout → http://localhost:4000/api/auth/signout[39m
[2026-02-22 14:47:51] [[32minfo[39m]: [32mexpressReq.user : undefined[39m
[2026-02-22 14:52:22] [[32minfo[39m]: [32m[GATEWAY PROXY] POST /auth/signin → http://localhost:4000/api/auth/signin[39m
[2026-02-22 14:52:22] [[32minfo[39m]: [32mexpressReq.user : undefined[39m
[2026-02-22 14:52:27] [[32minfo[39m]: [32m[GATEWAY PROXY] GET /provider/dashboard/stats → http://localhost:4000/api/provider/dashboard/stats[39m
[2026-02-22 14:52:27] [[32minfo[39m]: [32mexpressReq.user : {"id":"698f28d799b35470f53dd6e2","role":"PROVIDER"}[39m
[2026-02-22 14:53:14] [[32minfo[39m]: [32m[GATEWAY PROXY] POST /auth/signout → http://localhost:4000/api/auth/signout[39m
[2026-02-22 14:53:14] [[32minfo[39m]: [32mexpressReq.user : undefined[39m
[2026-02-22 15:32:49] [[32minfo[39m]: [32m[SLOTFLOW API GATEWAY] running on http://localhost:3000[39m
[2026-02-22 15:32:55] [[32minfo[39m]: [32m[SLOTFLOW API GATEWAY] running on http://localhost:3000[39m
[2026-02-22 15:33:26] [[32minfo[39m]: [32m[SLOTFLOW API GATEWAY] running on http://localhost:3000[39m
[2026-02-22 15:34:10] [[32minfo[39m]: [32m[SLOTFLOW API GATEWAY] running on http://localhost:3000[39m
[2026-02-22 15:37:24] [[32minfo[39m]: [32m[SLOTFLOW API GATEWAY] running on http://localhost:3000[39m
[2026-02-22 15:39:06] [[32minfo[39m]: [32m[SLOTFLOW API GATEWAY] running on http://localhost:3000[39m
[2026-02-22 15:39:08] [[32minfo[39m]: [32m[SLOTFLOW API GATEWAY] running on http://localhost:3000[39m
[2026-02-22 15:39:15] [[32minfo[39m]: [32m[SLOTFLOW API GATEWAY] running on http://localhost:3000[39m
[2026-02-22 15:39:17] [[32minfo[39m]: [32m[SLOTFLOW API GATEWAY] running on http://localhost:3000[39m
[2026-02-22 15:39:22] [[32minfo[39m]: [32m[SLOTFLOW API GATEWAY] running on http://localhost:3000[39m
[2026-02-22 15:39:47] [[32minfo[39m]: [32m[SLOTFLOW API GATEWAY] running on http://localhost:3000[39m
[2026-02-22 15:40:00] [[32minfo[39m]: [32m[SLOTFLOW API GATEWAY] running on http://localhost:3000[39m
[2026-02-22 15:40:03] [[32minfo[39m]: [32m[SLOTFLOW API GATEWAY] running on http://localhost:3000[39m
[2026-02-22 15:40:19] [[32minfo[39m]: [32m[SLOTFLOW API GATEWAY] running on http://localhost:3000[39m
[2026-02-22 15:40:43] [[32minfo[39m]: [32m[SLOTFLOW API GATEWAY] running on http://localhost:3000[39m
[2026-02-22 15:41:12] [[32minfo[39m]: [32m[SLOTFLOW API GATEWAY] running on http://localhost:3000[39m
[2026-02-22 15:41:26] [[32minfo[39m]: [32m[SLOTFLOW API GATEWAY] running on http://localhost:3000[39m
[2026-02-22 15:41:44] [[32minfo[39m]: [32m[SLOTFLOW API GATEWAY] running on http://localhost:3000[39m
[2026-02-22 15:42:09] [[32minfo[39m]: [32m[SLOTFLOW API GATEWAY] running on http://localhost:3000[39m
[2026-02-22 15:43:23] [[32minfo[39m]: [32m[GATEWAY PROXY] POST /auth/signin → http://localhost:4000/api/auth/signin[39m
[2026-02-22 15:43:23] [[32minfo[39m]: [32mexpressReq.user : undefined[39m
[2026-02-22 15:43:27] [[32minfo[39m]: [32m[GATEWAY PROXY] GET /provider/dashboard/stats → http://localhost:4000/api/provider/dashboard/stats[39m
[2026-02-22 15:43:27] [[32minfo[39m]: [32mexpressReq.user : {"id":"698f28d799b35470f53dd6e2","role":"PROVIDER"}[39m
[2026-02-22 15:43:43] [[32minfo[39m]: [32m[GATEWAY PROXY] POST /auth/signout → http://localhost:4000/api/auth/signout[39m
[2026-02-22 15:43:43] [[32minfo[39m]: [32mexpressReq.user : undefined[39m
[2026-02-22 15:47:13] [[32minfo[39m]: [32m[SLOTFLOW API GATEWAY] running on http://localhost:3000[39m
[2026-02-22 15:48:21] [[32minfo[39m]: [32m[SLOTFLOW API GATEWAY] running on http://localhost:3000[39m
[2026-02-22 16:01:47] [[32minfo[39m]: [32m[SLOTFLOW API GATEWAY] running on http://localhost:3000[39m
[2026-02-22 16:04:43] [[32minfo[39m]: [32m[GATEWAY PROXY] POST /auth/signout → http://localhost:4000/api/auth/signout[39m
[2026-02-22 16:04:43] [[32minfo[39m]: [32mexpressReq.user : undefined[39m
[2026-02-22 16:04:50] [[32minfo[39m]: [32m[GATEWAY PROXY] POST /auth/signin → http://localhost:4000/api/auth/signin[39m
[2026-02-22 16:04:50] [[32minfo[39m]: [32mexpressReq.user : undefined[39m
[2026-02-22 16:04:54] [[32minfo[39m]: [32m[GATEWAY PROXY] GET /provider/dashboard/stats → http://localhost:4000/api/provider/dashboard/stats[39m
[2026-02-22 16:04:54] [[32minfo[39m]: [32mexpressReq.user : {"id":"698f28d799b35470f53dd6e2","role":"PROVIDER"}[39m
[2026-02-22 16:05:33] [[32minfo[39m]: [32m[GATEWAY PROXY] POST /auth/signout → http://localhost:4000/api/auth/signout[39m
[2026-02-22 16:05:33] [[32minfo[39m]: [32mexpressReq.user : undefined[39m
[2026-02-22 16:05:33] [[31merror[39m]: [31mNo token found in request. Path: /, hasCookies: true, cookieNames: [39m
[2026-02-22 16:05:42] [[31merror[39m]: [31mNo token found in request. Path: /, hasCookies: true, cookieNames: [39m
[2026-02-22 16:05:48] [[31merror[39m]: [31mNo token found in request. Path: /, hasCookies: true, cookieNames: [39m
[2026-02-22 16:05:54] [[31merror[39m]: [31mNo token found in request. Path: /, hasCookies: true, cookieNames: [39m
[2026-02-22 16:06:00] [[31merror[39m]: [31mNo token found in request. Path: /, hasCookies: true, cookieNames: [39m
[2026-02-22 16:06:06] [[31merror[39m]: [31mNo token found in request. Path: /, hasCookies: true, cookieNames: [39m
[2026-02-22 16:06:12] [[31merror[39m]: [31mNo token found in request. Path: /, hasCookies: true, cookieNames: [39m
[2026-02-22 16:06:18] [[31merror[39m]: [31mNo token found in request. Path: /, hasCookies: true, cookieNames: [39m
[2026-02-22 16:06:24] [[31merror[39m]: [31mNo token found in request. Path: /, hasCookies: true, cookieNames: [39m
[2026-02-22 16:06:30] [[31merror[39m]: [31mNo token found in request. Path: /, hasCookies: true, cookieNames: [39m
[2026-02-22 16:06:36] [[31merror[39m]: [31mNo token found in request. Path: /, hasCookies: true, cookieNames: [39m
[2026-02-22 16:06:42] [[31merror[39m]: [31mNo token found in request. Path: /, hasCookies: true, cookieNames: [39m
[2026-02-22 16:06:48] [[31merror[39m]: [31mNo token found in request. Path: /, hasCookies: true, cookieNames: [39m
[2026-02-22 16:06:54] [[31merror[39m]: [31mNo token found in request. Path: /, hasCookies: true, cookieNames: [39m
[2026-02-22 16:07:00] [[31merror[39m]: [31mNo token found in request. Path: /, hasCookies: true, cookieNames: [39m
[2026-02-22 16:07:06] [[31merror[39m]: [31mNo token found in request. Path: /, hasCookies: true, cookieNames: [39m
[2026-02-22 16:07:12] [[31merror[39m]: [31mNo token found in request. Path: /, hasCookies: true, cookieNames: [39m
[2026-02-22 16:07:19] [[31merror[39m]: [31mNo token found in request. Path: /, hasCookies: true, cookieNames: [39m
[2026-02-22 16:07:24] [[31merror[39m]: [31mNo token found in request. Path: /, hasCookies: true, cookieNames: [39m
[2026-02-22 16:07:30] [[31merror[39m]: [31mNo token found in request. Path: /, hasCookies: true, cookieNames: [39m
[2026-02-22 16:07:36] [[31merror[39m]: [31mNo token found in request. Path: /, hasCookies: true, cookieNames: [39m
[2026-02-22 16:07:42] [[31merror[39m]: [31mNo token found in request. Path: /, hasCookies: true, cookieNames: [39m
[2026-02-22 16:07:48] [[31merror[39m]: [31mNo token found in request. Path: /, hasCookies: true, cookieNames: [39m
[2026-02-22 16:07:54] [[31merror[39m]: [31mNo token found in request. Path: /, hasCookies: true, cookieNames: [39m
[2026-02-22 16:08:00] [[31merror[39m]: [31mNo token found in request. Path: /, hasCookies: true, cookieNames: [39m
[2026-02-22 16:08:06] [[31merror[39m]: [31mNo token found in request. Path: /, hasCookies: true, cookieNames: [39m
[2026-02-22 16:08:12] [[31merror[39m]: [31mNo token found in request. Path: /, hasCookies: true, cookieNames: [39m
[2026-02-22 16:08:18] [[31merror[39m]: [31mNo token found in request. Path: /, hasCookies: true, cookieNames: [39m
[2026-02-22 16:08:24] [[31merror[39m]: [31mNo token found in request. Path: /, hasCookies: true, cookieNames: [39m
[2026-02-22 16:08:30] [[31merror[39m]: [31mNo token found in request. Path: /, hasCookies: true, cookieNames: [39m
[2026-02-22 16:08:36] [[31merror[39m]: [31mNo token found in request. Path: /, hasCookies: true, cookieNames: [39m
[2026-02-22 16:08:42] [[31merror[39m]: [31mNo token found in request. Path: /, hasCookies: true, cookieNames: [39m
[2026-02-22 16:08:48] [[31merror[39m]: [31mNo token found in request. Path: /, hasCookies: true, cookieNames: [39m
[2026-02-22 16:08:54] [[31merror[39m]: [31mNo token found in request. Path: /, hasCookies: true, cookieNames: [39m
[2026-02-22 16:09:00] [[31merror[39m]: [31mNo token found in request. Path: /, hasCookies: true, cookieNames: [39m
[2026-02-22 16:09:06] [[31merror[39m]: [31mNo token found in request. Path: /, hasCookies: true, cookieNames: [39m
[2026-02-22 16:09:12] [[31merror[39m]: [31mNo token found in request. Path: /, hasCookies: true, cookieNames: [39m
[2026-02-22 16:09:18] [[31merror[39m]: [31mNo token found in request. Path: /, hasCookies: true, cookieNames: [39m
[2026-02-22 16:09:24] [[31merror[39m]: [31mNo token found in request. Path: /, hasCookies: true, cookieNames: [39m
[2026-02-22 16:09:30] [[31merror[39m]: [31mNo token found in request. Path: /, hasCookies: true, cookieNames: [39m
[2026-02-22 16:09:36] [[31merror[39m]: [31mNo token found in request. Path: /, hasCookies: true, cookieNames: [39m
[2026-02-22 16:09:42] [[31merror[39m]: [31mNo token found in request. Path: /, hasCookies: true, cookieNames: [39m
[2026-02-22 16:09:48] [[31merror[39m]: [31mNo token found in request. Path: /, hasCookies: true, cookieNames: [39m
[2026-02-22 16:09:54] [[31merror[39m]: [31mNo token found in request. Path: /, hasCookies: true, cookieNames: [39m
[2026-02-22 16:10:00] [[31merror[39m]: [31mNo token found in request. Path: /, hasCookies: true, cookieNames: [39m
[2026-02-22 16:10:06] [[31merror[39m]: [31mNo token found in request. Path: /, hasCookies: true, cookieNames: [39m
[2026-02-22 16:10:12] [[31merror[39m]: [31mNo token found in request. Path: /, hasCookies: true, cookieNames: [39m
[2026-02-22 16:10:18] [[31merror[39m]: [31mNo token found in request. Path: /, hasCookies: true, cookieNames: [39m
[2026-02-22 16:10:24] [[31merror[39m]: [31mNo token found in request. Path: /, hasCookies: true, cookieNames: [39m
[2026-02-22 16:10:30] [[31merror[39m]: [31mNo token found in request. Path: /, hasCookies: true, cookieNames: [39m
[2026-02-22 16:10:36] [[31merror[39m]: [31mNo token found in request. Path: /, hasCookies: true, cookieNames: [39m
[2026-02-22 16:10:42] [[31merror[39m]: [31mNo token found in request. Path: /, hasCookies: true, cookieNames: [39m
[2026-02-22 16:10:48] [[31merror[39m]: [31mNo token found in request. Path: /, hasCookies: true, cookieNames: [39m
[2026-02-22 16:10:54] [[31merror[39m]: [31mNo token found in request. Path: /, hasCookies: true, cookieNames: [39m
[2026-02-22 16:11:00] [[31merror[39m]: [31mNo token found in request. Path: /, hasCookies: true, cookieNames: [39m
[2026-02-22 16:11:06] [[31merror[39m]: [31mNo token found in request. Path: /, hasCookies: true, cookieNames: [39m
[2026-02-22 16:11:12] [[31merror[39m]: [31mNo token found in request. Path: /, hasCookies: true, cookieNames: [39m
[2026-02-22 16:11:18] [[31merror[39m]: [31mNo token found in request. Path: /, hasCookies: true, cookieNames: [39m
[2026-02-22 16:11:24] [[31merror[39m]: [31mNo token found in request. Path: /, hasCookies: true, cookieNames: [39m
[2026-02-22 16:11:30] [[31merror[39m]: [31mNo token found in request. Path: /, hasCookies: true, cookieNames: [39m
[2026-02-22 16:11:36] [[31merror[39m]: [31mNo token found in request. Path: /, hasCookies: true, cookieNames: [39m
[2026-02-22 16:11:42] [[31merror[39m]: [31mNo token found in request. Path: /, hasCookies: true, cookieNames: [39m
[2026-02-22 16:11:48] [[31merror[39m]: [31mNo token found in request. Path: /, hasCookies: true, cookieNames: [39m
[2026-02-22 16:11:54] [[31merror[39m]: [31mNo token found in request. Path: /, hasCookies: true, cookieNames: [39m
[2026-02-22 16:12:00] [[31merror[39m]: [31mNo token found in request. Path: /, hasCookies: true, cookieNames: [39m
[2026-02-22 16:12:06] [[31merror[39m]: [31mNo token found in request. Path: /, hasCookies: true, cookieNames: [39m
[2026-02-22 16:12:12] [[31merror[39m]: [31mNo token found in request. Path: /, hasCookies: true, cookieNames: [39m
[2026-02-22 16:12:18] [[31merror[39m]: [31mNo token found in request. Path: /, hasCookies: true, cookieNames: [39m
[2026-02-22 16:12:24] [[31merror[39m]: [31mNo token found in request. Path: /, hasCookies: true, cookieNames: [39m
[2026-02-22 16:12:30] [[31merror[39m]: [31mNo token found in request. Path: /, hasCookies: true, cookieNames: [39m
[2026-02-22 16:12:36] [[31merror[39m]: [31mNo token found in request. Path: /, hasCookies: true, cookieNames: [39m
[2026-02-22 16:12:42] [[31merror[39m]: [31mNo token found in request. Path: /, hasCookies: true, cookieNames: [39m
[2026-02-22 16:12:48] [[31merror[39m]: [31mNo token found in request. Path: /, hasCookies: true, cookieNames: [39m
[2026-02-22 16:12:54] [[31merror[39m]: [31mNo token found in request. Path: /, hasCookies: true, cookieNames: [39m
[2026-02-22 16:13:00] [[31merror[39m]: [31mNo token found in request. Path: /, hasCookies: true, cookieNames: [39m
[2026-02-22 16:13:06] [[31merror[39m]: [31mNo token found in request. Path: /, hasCookies: true, cookieNames: [39m
[2026-02-22 16:13:12] [[31merror[39m]: [31mNo token found in request. Path: /, hasCookies: true, cookieNames: [39m
[2026-02-22 16:13:18] [[31merror[39m]: [31mNo token found in request. Path: /, hasCookies: true, cookieNames: [39m
[2026-02-22 16:13:24] [[31merror[39m]: [31mNo token found in request. Path: /, hasCookies: true, cookieNames: [39m
[2026-02-22 16:13:30] [[31merror[39m]: [31mNo token found in request. Path: /, hasCookies: true, cookieNames: [39m
[2026-02-22 16:13:36] [[31merror[39m]: [31mNo token found in request. Path: /, hasCookies: true, cookieNames: [39m
[2026-02-22 16:13:42] [[31merror[39m]: [31mNo token found in request. Path: /, hasCookies: true, cookieNames: [39m
[2026-02-22 16:13:49] [[31merror[39m]: [31mNo token found in request. Path: /, hasCookies: true, cookieNames: [39m
[2026-02-22 16:13:55] [[31merror[39m]: [31mNo token found in request. Path: /, hasCookies: true, cookieNames: [39m
[2026-02-22 16:14:02] [[31merror[39m]: [31mNo token found in request. Path: /, hasCookies: true, cookieNames: [39m
[2026-02-22 16:14:08] [[31merror[39m]: [31mNo token found in request. Path: /, hasCookies: true, cookieNames: [39m
[2026-02-22 16:14:11] [[32minfo[39m]: [32m[SLOTFLOW API GATEWAY] running on http://localhost:3000[39m
[2026-02-22 16:14:14] [[31merror[39m]: [31mNo token found in request. Path: /, hasCookies: true, cookieNames: [39m
[2026-02-22 16:14:20] [[31merror[39m]: [31mNo token found in request. Path: /, hasCookies: true, cookieNames: [39m
[2026-02-22 16:15:37] [[32minfo[39m]: [32m[SLOTFLOW API GATEWAY] running on http://localhost:3000[39m
[2026-02-22 16:15:43] [[32minfo[39m]: [32m[GATEWAY PROXY] POST /auth/signin → http://localhost:4000/api/auth/signin[39m
[2026-02-22 16:15:43] [[32minfo[39m]: [32mexpressReq.user : undefined[39m
[2026-02-22 16:15:47] [[32minfo[39m]: [32m[GATEWAY PROXY] GET /?EIO=4&transport=polling&t=mgjmicd0 → http://localhost:5000/?EIO=4&transport=polling&t=mgjmicd0[39m
[2026-02-22 16:15:47] [[32minfo[39m]: [32mexpressReq.user : {"id":"698f28d799b35470f53dd6e2","role":"PROVIDER"}[39m
[2026-02-22 16:15:47] [[32minfo[39m]: [32m[GATEWAY PROXY] GET /provider/dashboard/stats → http://localhost:4000/api/provider/dashboard/stats[39m
[2026-02-22 16:15:47] [[32minfo[39m]: [32mexpressReq.user : {"id":"698f28d799b35470f53dd6e2","role":"PROVIDER"}[39m
[2026-02-22 16:15:48] [[32minfo[39m]: [32m[GATEWAY PROXY] GET /?EIO=4&transport=polling&t=mgl147n2 → http://localhost:5000/?EIO=4&transport=polling&t=mgl147n2[39m
[2026-02-22 16:15:48] [[32minfo[39m]: [32mexpressReq.user : {"id":"698f28d799b35470f53dd6e2","role":"PROVIDER"}[39m
[2026-02-22 16:15:50] [[32minfo[39m]: [32m[GATEWAY PROXY] GET /?EIO=4&transport=polling&t=mgmspccl → http://localhost:5000/?EIO=4&transport=polling&t=mgmspccl[39m
[2026-02-22 16:15:50] [[32minfo[39m]: [32mexpressReq.user : {"id":"698f28d799b35470f53dd6e2","role":"PROVIDER"}[39m
[2026-02-22 16:15:52] [[32minfo[39m]: [32m[GATEWAY PROXY] GET /?EIO=4&transport=polling&t=mgok8nd3 → http://localhost:5000/?EIO=4&transport=polling&t=mgok8nd3[39m
[2026-02-22 16:15:52] [[32minfo[39m]: [32mexpressReq.user : {"id":"698f28d799b35470f53dd6e2","role":"PROVIDER"}[39m
[2026-02-22 16:15:58] [[32minfo[39m]: [32m[GATEWAY PROXY] GET /?EIO=4&transport=polling&t=mgt32wdl → http://localhost:5000/?EIO=4&transport=polling&t=mgt32wdl[39m
[2026-02-22 16:15:58] [[32minfo[39m]: [32mexpressReq.user : {"id":"698f28d799b35470f53dd6e2","role":"PROVIDER"}[39m
[2026-02-22 16:16:05] [[32minfo[39m]: [32m[GATEWAY PROXY] GET /?EIO=4&transport=polling&t=mgxpj29l → http://localhost:5000/?EIO=4&transport=polling&t=mgxpj29l[39m
[2026-02-22 16:16:05] [[32minfo[39m]: [32mexpressReq.user : {"id":"698f28d799b35470f53dd6e2","role":"PROVIDER"}[39m
[2026-02-22 16:16:10] [[32minfo[39m]: [32m[GATEWAY PROXY] GET /?EIO=4&transport=polling&t=mh23te9z → http://localhost:5000/?EIO=4&transport=polling&t=mh23te9z[39m
[2026-02-22 16:16:10] [[32minfo[39m]: [32mexpressReq.user : {"id":"698f28d799b35470f53dd6e2","role":"PROVIDER"}[39m
[2026-02-22 16:16:15] [[32minfo[39m]: [32m[GATEWAY PROXY] GET /?EIO=4&transport=polling&t=mh66zis1 → http://localhost:5000/?EIO=4&transport=polling&t=mh66zis1[39m
[2026-02-22 16:16:15] [[32minfo[39m]: [32mexpressReq.user : {"id":"698f28d799b35470f53dd6e2","role":"PROVIDER"}[39m
[2026-02-22 16:16:22] [[32minfo[39m]: [32m[GATEWAY PROXY] GET /?EIO=4&transport=polling&t=mhatsc62 → http://localhost:5000/?EIO=4&transport=polling&t=mhatsc62[39m
[2026-02-22 16:16:22] [[32minfo[39m]: [32mexpressReq.user : {"id":"698f28d799b35470f53dd6e2","role":"PROVIDER"}[39m
[2026-02-22 16:16:28] [[32minfo[39m]: [32m[GATEWAY PROXY] GET /?EIO=4&transport=polling&t=mhfgigqj → http://localhost:5000/?EIO=4&transport=polling&t=mhfgigqj[39m
[2026-02-22 16:16:28] [[32minfo[39m]: [32mexpressReq.user : {"id":"698f28d799b35470f53dd6e2","role":"PROVIDER"}[39m
[2026-02-22 16:16:33] [[32minfo[39m]: [32m[GATEWAY PROXY] GET /?EIO=4&transport=polling&t=mhk3ae3p → http://localhost:5000/?EIO=4&transport=polling&t=mhk3ae3p[39m
[2026-02-22 16:16:33] [[32minfo[39m]: [32mexpressReq.user : {"id":"698f28d799b35470f53dd6e2","role":"PROVIDER"}[39m
[2026-02-22 16:16:39] [[32minfo[39m]: [32m[GATEWAY PROXY] GET /?EIO=4&transport=polling&t=mhomeoz5 → http://localhost:5000/?EIO=4&transport=polling&t=mhomeoz5[39m
[2026-02-22 16:16:39] [[32minfo[39m]: [32mexpressReq.user : {"id":"698f28d799b35470f53dd6e2","role":"PROVIDER"}[39m
[2026-02-22 16:16:41] [[32minfo[39m]: [32m[GATEWAY PROXY] POST /auth/signout → http://localhost:4000/api/auth/signout[39m
[2026-02-22 16:16:41] [[32minfo[39m]: [32mexpressReq.user : undefined[39m
[2026-02-22 16:16:44] [[31merror[39m]: [31mNo token found in request. Path: /, hasCookies: true, cookieNames: [39m
[2026-02-22 16:16:50] [[31merror[39m]: [31mNo token found in request. Path: /, hasCookies: true, cookieNames: [39m
[2026-02-22 16:16:55] [[31merror[39m]: [31mNo token found in request. Path: /, hasCookies: true, cookieNames: [39m
[2026-02-22 16:17:00] [[31merror[39m]: [31mNo token found in request. Path: /, hasCookies: true, cookieNames: [39m
[2026-02-22 16:17:06] [[31merror[39m]: [31mNo token found in request. Path: /, hasCookies: true, cookieNames: [39m
[2026-02-22 16:17:11] [[31merror[39m]: [31mNo token found in request. Path: /, hasCookies: true, cookieNames: [39m
[2026-02-22 16:17:16] [[31merror[39m]: [31mNo token found in request. Path: /, hasCookies: true, cookieNames: [39m
[2026-02-22 16:17:22] [[31merror[39m]: [31mNo token found in request. Path: /, hasCookies: true, cookieNames: [39m
[2026-02-22 16:18:45] [[32minfo[39m]: [32m[SLOTFLOW API GATEWAY] running on http://localhost:3000[39m
[2026-02-22 16:19:00] [[32minfo[39m]: [32m[SLOTFLOW API GATEWAY] running on http://localhost:3000[39m
[2026-02-22 16:19:30] [[31merror[39m]: [31mNo token found in request. Path: /api/v1/auth/signin, hasCookies: true, cookieNames: [39m
[2026-02-22 16:20:50] [[32minfo[39m]: [32m[SLOTFLOW API GATEWAY] running on http://localhost:3000[39m
[2026-02-22 16:21:50] [[31merror[39m]: [31mNo token found in request. Path: /api/v1/auth/signin, hasCookies: true, cookieNames: [39m
[2026-02-22 16:23:17] [[32minfo[39m]: [32m[SLOTFLOW API GATEWAY] running on http://localhost:3000[39m
[2026-02-22 16:23:45] [[31merror[39m]: [31mNo token found in request. Path: /api/v1/auth/signin, hasCookies: true, cookieNames: [39m
[2026-02-22 16:26:29] [[32minfo[39m]: [32m[SLOTFLOW API GATEWAY] running on http://localhost:3000[39m
[2026-02-22 16:26:30] [[32minfo[39m]: [32m[SLOTFLOW API GATEWAY] running on http://localhost:3000[39m
[2026-02-22 16:28:32] [[32minfo[39m]: [32m[SLOTFLOW API GATEWAY] running on http://localhost:3000[39m
[2026-02-22 16:30:35] [[32minfo[39m]: [32m[SLOTFLOW API GATEWAY] running on http://localhost:3000[39m
[2026-02-22 16:30:37] [[32minfo[39m]: [32m[SLOTFLOW API GATEWAY] running on http://localhost:3000[39m
[2026-02-22 16:30:50] [[32minfo[39m]: [32m[GATEWAY PROXY] POST /auth/signin → http://localhost:4000/api/auth/signin[39m
[2026-02-22 16:30:50] [[32minfo[39m]: [32mexpressReq.user : undefined[39m
[2026-02-22 16:30:55] [[32minfo[39m]: [32m[GATEWAY PROXY] PATCH /provider/profile/push-notification → http://localhost:4000/api/provider/profile/push-notification[39m
[2026-02-22 16:30:55] [[32minfo[39m]: [32mexpressReq.user : {"id":"698f28d799b35470f53dd6e2","role":"PROVIDER"}[39m
[2026-02-22 16:30:55] [[32minfo[39m]: [32m[GATEWAY PROXY] GET /provider/dashboard/stats → http://localhost:4000/api/provider/dashboard/stats[39m
[2026-02-22 16:30:55] [[32minfo[39m]: [32mexpressReq.user : {"id":"698f28d799b35470f53dd6e2","role":"PROVIDER"}[39m
[2026-02-22 16:30:56] [[32minfo[39m]: [32m[GATEWAY PROXY] PATCH /provider/profile/push-notification → http://localhost:4000/api/provider/profile/push-notification[39m
[2026-02-22 16:30:56] [[32minfo[39m]: [32mexpressReq.user : {"id":"698f28d799b35470f53dd6e2","role":"PROVIDER"}[39m
[2026-02-22 16:31:14] [[32minfo[39m]: [32m[GATEWAY PROXY] POST /auth/signout → http://localhost:4000/api/auth/signout[39m
[2026-02-22 16:31:14] [[32minfo[39m]: [32mexpressReq.user : undefined[39m
[2026-02-22 16:31:18] [[31merror[39m]: [31mNo token found in request. Path: /, hasCookies: true, cookieNames: [39m
[2026-02-22 16:33:13] [[32minfo[39m]: [32m[SLOTFLOW API GATEWAY] running on http://localhost:3000[39m
[2026-02-22 16:33:20] [[32minfo[39m]: [32m[GATEWAY PROXY] POST /auth/signin → http://localhost:4000/api/auth/signin[39m
[2026-02-22 16:33:20] [[32minfo[39m]: [32mexpressReq.user : undefined[39m
[2026-02-22 16:33:24] [[32minfo[39m]: [32m[GATEWAY PROXY] PATCH /provider/profile/push-notification → http://localhost:4000/api/provider/profile/push-notification[39m
[2026-02-22 16:33:25] [[32minfo[39m]: [32mexpressReq.user : {"id":"698f28d799b35470f53dd6e2","role":"PROVIDER"}[39m
[2026-02-22 16:33:25] [[32minfo[39m]: [32m[GATEWAY PROXY] GET /provider/dashboard/stats → http://localhost:4000/api/provider/dashboard/stats[39m
[2026-02-22 16:33:25] [[32minfo[39m]: [32mexpressReq.user : {"id":"698f28d799b35470f53dd6e2","role":"PROVIDER"}[39m
[2026-02-22 16:33:25] [[32minfo[39m]: [32m[GATEWAY PROXY] PATCH /provider/profile/push-notification → http://localhost:4000/api/provider/profile/push-notification[39m
[2026-02-22 16:33:25] [[32minfo[39m]: [32mexpressReq.user : {"id":"698f28d799b35470f53dd6e2","role":"PROVIDER"}[39m
[2026-02-22 16:33:44] [[32minfo[39m]: [32m[GATEWAY PROXY] POST /auth/signout → http://localhost:4000/api/auth/signout[39m
[2026-02-22 16:33:44] [[32minfo[39m]: [32mexpressReq.user : undefined[39m
[2026-02-22 16:33:48] [[31merror[39m]: [31mNo token found in request. Path: /, hasCookies: true, cookieNames: [39m
[2026-02-22 16:33:56] [[31merror[39m]: [31mNo token found in request. Path: /, hasCookies: true, cookieNames: [39m
[2026-02-22 16:34:01] [[31merror[39m]: [31mNo token found in request. Path: /, hasCookies: true, cookieNames: [39m
[2026-02-22 16:37:01] [[32minfo[39m]: [32m[SLOTFLOW API GATEWAY] running on http://localhost:3000[39m
[2026-02-22 16:37:25] [[32minfo[39m]: [32m[SLOTFLOW API GATEWAY] running on http://localhost:3000[39m
[2026-02-22 16:37:40] [[32minfo[39m]: [32m[SLOTFLOW API GATEWAY] running on http://localhost:3000[39m
[2026-02-22 16:37:45] [[32minfo[39m]: [32m[SLOTFLOW API GATEWAY] running on http://localhost:3000[39m
[2026-02-22 16:37:47] [[32minfo[39m]: [32m[SLOTFLOW API GATEWAY] running on http://localhost:3000[39m
[2026-02-22 16:37:50] [[32minfo[39m]: [32m[SLOTFLOW API GATEWAY] running on http://localhost:3000[39m
[2026-02-22 16:37:58] [[32minfo[39m]: [32m[SLOTFLOW API GATEWAY] running on http://localhost:3000[39m
[2026-02-22 16:37:59] [[32minfo[39m]: [32m[SLOTFLOW API GATEWAY] running on http://localhost:3000[39m
[2026-02-22 16:38:06] [[32minfo[39m]: [32m[GATEWAY PROXY] POST /auth/signin → http://localhost:4000/api/auth/signin[39m
[2026-02-22 16:38:06] [[32minfo[39m]: [32mexpressReq.user : undefined[39m
[2026-02-22 16:38:10] [[32minfo[39m]: [32m[GATEWAY PROXY] PATCH /provider/profile/push-notification → http://localhost:4000/api/provider/profile/push-notification[39m
[2026-02-22 16:38:10] [[32minfo[39m]: [32mexpressReq.user : {"id":"698f28d799b35470f53dd6e2","role":"PROVIDER"}[39m
[2026-02-22 16:38:10] [[32minfo[39m]: [32m[GATEWAY PROXY] GET /provider/dashboard/stats → http://localhost:4000/api/provider/dashboard/stats[39m
[2026-02-22 16:38:10] [[32minfo[39m]: [32mexpressReq.user : {"id":"698f28d799b35470f53dd6e2","role":"PROVIDER"}[39m
[2026-02-22 16:38:10] [[32minfo[39m]: [32m[GATEWAY PROXY] PATCH /provider/profile/push-notification → http://localhost:4000/api/provider/profile/push-notification[39m
[2026-02-22 16:38:10] [[32minfo[39m]: [32mexpressReq.user : {"id":"698f28d799b35470f53dd6e2","role":"PROVIDER"}[39m
[2026-02-22 16:38:30] [[32minfo[39m]: [32m[GATEWAY PROXY] POST /auth/signout → http://localhost:4000/api/auth/signout[39m
[2026-02-22 16:38:30] [[32minfo[39m]: [32mexpressReq.user : undefined[39m
[2026-02-22 16:38:33] [[31merror[39m]: [31mNo token found in request. Path: /, hasCookies: true, cookieNames: [39m
[2026-02-22 16:38:38] [[31merror[39m]: [31mNo token found in request. Path: /, hasCookies: true, cookieNames: [39m
[2026-02-22 16:38:44] [[31merror[39m]: [31mNo token found in request. Path: /, hasCookies: true, cookieNames: [39m
[2026-02-22 16:38:50] [[31merror[39m]: [31mNo token found in request. Path: /, hasCookies: true, cookieNames: [39m
[2026-02-22 16:38:56] [[31merror[39m]: [31mNo token found in request. Path: /, hasCookies: true, cookieNames: [39m
[2026-02-22 16:39:02] [[31merror[39m]: [31mNo token found in request. Path: /, hasCookies: true, cookieNames: [39m
[2026-02-22 16:39:08] [[31merror[39m]: [31mNo token found in request. Path: /, hasCookies: true, cookieNames: [39m
[2026-02-22 16:39:14] [[31merror[39m]: [31mNo token found in request. Path: /, hasCookies: true, cookieNames: [39m
[2026-02-22 16:39:20] [[31merror[39m]: [31mNo token found in request. Path: /, hasCookies: true, cookieNames: [39m
[2026-02-22 16:39:26] [[31merror[39m]: [31mNo token found in request. Path: /, hasCookies: true, cookieNames: [39m
[2026-02-22 16:39:32] [[31merror[39m]: [31mNo token found in request. Path: /, hasCookies: true, cookieNames: [39m
[2026-02-22 16:39:38] [[31merror[39m]: [31mNo token found in request. Path: /, hasCookies: true, cookieNames: [39m
[2026-02-22 16:39:44] [[31merror[39m]: [31mNo token found in request. Path: /, hasCookies: true, cookieNames: [39m
[2026-02-22 16:39:50] [[31merror[39m]: [31mNo token found in request. Path: /, hasCookies: true, cookieNames: [39m
[2026-02-22 16:39:56] [[31merror[39m]: [31mNo token found in request. Path: /, hasCookies: true, cookieNames: [39m
[2026-02-22 16:40:02] [[31merror[39m]: [31mNo token found in request. Path: /, hasCookies: true, cookieNames: [39m
[2026-02-22 16:40:08] [[31merror[39m]: [31mNo token found in request. Path: /, hasCookies: true, cookieNames: [39m
[2026-02-22 16:40:14] [[31merror[39m]: [31mNo token found in request. Path: /, hasCookies: true, cookieNames: [39m
[2026-02-22 16:40:21] [[31merror[39m]: [31mNo token found in request. Path: /, hasCookies: true, cookieNames: [39m
[2026-02-22 16:40:26] [[31merror[39m]: [31mNo token found in request. Path: /, hasCookies: true, cookieNames: [39m
[2026-02-22 16:40:32] [[31merror[39m]: [31mNo token found in request. Path: /, hasCookies: true, cookieNames: [39m
[2026-02-22 16:40:38] [[31merror[39m]: [31mNo token found in request. Path: /, hasCookies: true, cookieNames: [39m
[2026-02-22 16:40:44] [[31merror[39m]: [31mNo token found in request. Path: /, hasCookies: true, cookieNames: [39m
[2026-02-22 16:40:50] [[31merror[39m]: [31mNo token found in request. Path: /, hasCookies: true, cookieNames: [39m
[2026-02-22 16:40:56] [[31merror[39m]: [31mNo token found in request. Path: /, hasCookies: true, cookieNames: [39m
[2026-02-22 16:41:02] [[31merror[39m]: [31mNo token found in request. Path: /, hasCookies: true, cookieNames: [39m
[2026-02-22 16:41:08] [[31merror[39m]: [31mNo token found in request. Path: /, hasCookies: true, cookieNames: [39m
[2026-02-22 16:41:14] [[31merror[39m]: [31mNo token found in request. Path: /, hasCookies: true, cookieNames: [39m
[2026-02-22 16:41:20] [[31merror[39m]: [31mNo token found in request. Path: /, hasCookies: true, cookieNames: [39m
[2026-02-22 16:41:26] [[31merror[39m]: [31mNo token found in request. Path: /, hasCookies: true, cookieNames: [39m
[2026-02-22 16:41:32] [[31merror[39m]: [31mNo token found in request. Path: /, hasCookies: true, cookieNames: [39m
[2026-02-22 16:41:38] [[31merror[39m]: [31mNo token found in request. Path: /, hasCookies: true, cookieNames: [39m
[2026-02-22 16:41:44] [[31merror[39m]: [31mNo token found in request. Path: /, hasCookies: true, cookieNames: [39m
[2026-02-22 16:41:50] [[31merror[39m]: [31mNo token found in request. Path: /, hasCookies: true, cookieNames: [39m
[2026-02-22 16:41:56] [[31merror[39m]: [31mNo token found in request. Path: /, hasCookies: true, cookieNames: [39m
[2026-02-22 16:42:02] [[31merror[39m]: [31mNo token found in request. Path: /, hasCookies: true, cookieNames: [39m
[2026-02-22 16:42:08] [[31merror[39m]: [31mNo token found in request. Path: /, hasCookies: true, cookieNames: [39m
[2026-02-22 16:42:14] [[31merror[39m]: [31mNo token found in request. Path: /, hasCookies: true, cookieNames: [39m
[2026-02-22 16:42:20] [[31merror[39m]: [31mNo token found in request. Path: /, hasCookies: true, cookieNames: [39m
[2026-02-22 16:42:26] [[31merror[39m]: [31mNo token found in request. Path: /, hasCookies: true, cookieNames: [39m
[2026-02-22 16:42:32] [[31merror[39m]: [31mNo token found in request. Path: /, hasCookies: true, cookieNames: [39m
[2026-02-22 16:42:38] [[31merror[39m]: [31mNo token found in request. Path: /, hasCookies: true, cookieNames: [39m
[2026-02-22 16:42:44] [[31merror[39m]: [31mNo token found in request. Path: /, hasCookies: true, cookieNames: [39m
[2026-02-22 16:42:50] [[31merror[39m]: [31mNo token found in request. Path: /, hasCookies: true, cookieNames: [39m
[2026-02-22 16:42:56] [[31merror[39m]: [31mNo token found in request. Path: /, hasCookies: true, cookieNames: [39m
[2026-02-22 16:43:02] [[31merror[39m]: [31mNo token found in request. Path: /, hasCookies: true, cookieNames: [39m
[2026-02-22 16:43:08] [[31merror[39m]: [31mNo token found in request. Path: /, hasCookies: true, cookieNames: [39m
[2026-02-22 16:43:14] [[31merror[39m]: [31mNo token found in request. Path: /, hasCookies: true, cookieNames: [39m
[2026-02-22 16:43:20] [[31merror[39m]: [31mNo token found in request. Path: /, hasCookies: true, cookieNames: [39m
[2026-02-22 16:43:26] [[31merror[39m]: [31mNo token found in request. Path: /, hasCookies: true, cookieNames: [39m
[2026-02-22 16:43:32] [[31merror[39m]: [31mNo token found in request. Path: /, hasCookies: true, cookieNames: [39m
[2026-02-22 16:43:38] [[31merror[39m]: [31mNo token found in request. Path: /, hasCookies: true, cookieNames: [39m
[2026-02-22 16:43:44] [[31merror[39m]: [31mNo token found in request. Path: /, hasCookies: true, cookieNames: [39m
[2026-02-22 16:43:50] [[31merror[39m]: [31mNo token found in request. Path: /, hasCookies: true, cookieNames: [39m
[2026-02-22 16:43:56] [[31merror[39m]: [31mNo token found in request. Path: /, hasCookies: true, cookieNames: [39m
[2026-02-22 16:44:02] [[31merror[39m]: [31mNo token found in request. Path: /, hasCookies: true, cookieNames: [39m
[2026-02-22 16:44:08] [[31merror[39m]: [31mNo token found in request. Path: /, hasCookies: true, cookieNames: [39m
[2026-02-22 16:44:14] [[31merror[39m]: [31mNo token found in request. Path: /, hasCookies: true, cookieNames: [39m
[2026-02-22 16:44:20] [[31merror[39m]: [31mNo token found in request. Path: /, hasCookies: true, cookieNames: [39m
[2026-02-22 16:44:26] [[31merror[39m]: [31mNo token found in request. Path: /, hasCookies: true, cookieNames: [39m
[2026-02-22 16:44:32] [[31merror[39m]: [31mNo token found in request. Path: /, hasCookies: true, cookieNames: [39m
[2026-02-22 16:44:38] [[31merror[39m]: [31mNo token found in request. Path: /, hasCookies: true, cookieNames: [39m
[2026-02-22 16:44:44] [[31merror[39m]: [31mNo token found in request. Path: /, hasCookies: true, cookieNames: [39m
[2026-02-22 16:44:50] [[31merror[39m]: [31mNo token found in request. Path: /, hasCookies: true, cookieNames: [39m
[2026-02-22 16:44:56] [[31merror[39m]: [31mNo token found in request. Path: /, hasCookies: true, cookieNames: [39m
[2026-02-22 16:45:02] [[31merror[39m]: [31mNo token found in request. Path: /, hasCookies: true, cookieNames: [39m
[2026-02-22 16:45:08] [[31merror[39m]: [31mNo token found in request. Path: /, hasCookies: true, cookieNames: [39m
[2026-02-22 16:45:14] [[31merror[39m]: [31mNo token found in request. Path: /, hasCookies: true, cookieNames: [39m
[2026-02-22 16:45:20] [[31merror[39m]: [31mNo token found in request. Path: /, hasCookies: true, cookieNames: [39m
[2026-02-22 16:45:26] [[31merror[39m]: [31mNo token found in request. Path: /, hasCookies: true, cookieNames: [39m
[2026-02-22 16:45:32] [[31merror[39m]: [31mNo token found in request. Path: /, hasCookies: true, cookieNames: [39m
[2026-02-22 16:45:38] [[31merror[39m]: [31mNo token found in request. Path: /, hasCookies: true, cookieNames: [39m
[2026-02-22 16:45:44] [[31merror[39m]: [31mNo token found in request. Path: /, hasCookies: true, cookieNames: [39m
[2026-02-22 16:45:50] [[31merror[39m]: [31mNo token found in request. Path: /, hasCookies: true, cookieNames: [39m
[2026-02-22 16:45:56] [[31merror[39m]: [31mNo token found in request. Path: /, hasCookies: true, cookieNames: [39m
[2026-02-22 16:46:02] [[31merror[39m]: [31mNo token found in request. Path: /, hasCookies: true, cookieNames: [39m
[2026-02-22 16:46:08] [[31merror[39m]: [31mNo token found in request. Path: /, hasCookies: true, cookieNames: [39m
[2026-02-22 16:46:14] [[31merror[39m]: [31mNo token found in request. Path: /, hasCookies: true, cookieNames: [39m
[2026-02-22 16:46:20] [[31merror[39m]: [31mNo token found in request. Path: /, hasCookies: true, cookieNames: [39m
[2026-02-22 16:46:26] [[31merror[39m]: [31mNo token found in request. Path: /, hasCookies: true, cookieNames: [39m
[2026-02-22 16:46:32] [[31merror[39m]: [31mNo token found in request. Path: /, hasCookies: true, cookieNames: [39m
[2026-02-22 16:46:38] [[31merror[39m]: [31mNo token found in request. Path: /, hasCookies: true, cookieNames: [39m
[2026-02-22 16:46:44] [[31merror[39m]: [31mNo token found in request. Path: /, hasCookies: true, cookieNames: [39m
[2026-02-22 16:46:50] [[31merror[39m]: [31mNo token found in request. Path: /, hasCookies: true, cookieNames: [39m
[2026-02-22 16:46:56] [[31merror[39m]: [31mNo token found in request. Path: /, hasCookies: true, cookieNames: [39m
[2026-02-22 16:47:02] [[31merror[39m]: [31mNo token found in request. Path: /, hasCookies: true, cookieNames: [39m
[2026-02-22 16:47:08] [[31merror[39m]: [31mNo token found in request. Path: /, hasCookies: true, cookieNames: [39m
[2026-02-22 16:47:14] [[31merror[39m]: [31mNo token found in request. Path: /, hasCookies: true, cookieNames: [39m
[2026-02-22 16:47:20] [[31merror[39m]: [31mNo token found in request. Path: /, hasCookies: true, cookieNames: [39m
[2026-02-22 16:47:26] [[31merror[39m]: [31mNo token found in request. Path: /, hasCookies: true, cookieNames: [39m
[2026-02-22 16:47:32] [[31merror[39m]: [31mNo token found in request. Path: /, hasCookies: true, cookieNames: [39m
[2026-02-22 16:47:38] [[31merror[39m]: [31mNo token found in request. Path: /, hasCookies: true, cookieNames: [39m
[2026-02-22 16:47:44] [[31merror[39m]: [31mNo token found in request. Path: /, hasCookies: true, cookieNames: [39m
[2026-02-22 16:47:50] [[31merror[39m]: [31mNo token found in request. Path: /, hasCookies: true, cookieNames: [39m
[2026-02-22 16:47:56] [[31merror[39m]: [31mNo token found in request. Path: /, hasCookies: true, cookieNames: [39m
[2026-02-22 16:48:02] [[31merror[39m]: [31mNo token found in request. Path: /, hasCookies: true, cookieNames: [39m
[2026-02-22 16:48:08] [[31merror[39m]: [31mNo token found in request. Path: /, hasCookies: true, cookieNames: [39m
[2026-02-22 16:48:14] [[31merror[39m]: [31mNo token found in request. Path: /, hasCookies: true, cookieNames: [39m
[2026-02-22 16:48:20] [[31merror[39m]: [31mNo token found in request. Path: /, hasCookies: true, cookieNames: [39m
[2026-02-22 16:48:26] [[31merror[39m]: [31mNo token found in request. Path: /, hasCookies: true, cookieNames: [39m
[2026-02-22 16:48:32] [[31merror[39m]: [31mNo token found in request. Path: /, hasCookies: true, cookieNames: [39m
[2026-02-22 16:48:38] [[31merror[39m]: [31mNo token found in request. Path: /, hasCookies: true, cookieNames: [39m
[2026-02-22 16:48:44] [[31merror[39m]: [31mNo token found in request. Path: /, hasCookies: true, cookieNames: [39m
[2026-02-22 16:48:50] [[31merror[39m]: [31mNo token found in request. Path: /, hasCookies: true, cookieNames: [39m
[2026-02-22 16:48:56] [[31merror[39m]: [31mNo token found in request. Path: /, hasCookies: true, cookieNames: [39m
[2026-02-22 16:49:02] [[31merror[39m]: [31mNo token found in request. Path: /, hasCookies: true, cookieNames: [39m
[2026-02-22 16:49:08] [[31merror[39m]: [31mNo token found in request. Path: /, hasCookies: true, cookieNames: [39m
[2026-02-22 16:49:14] [[31merror[39m]: [31mNo token found in request. Path: /, hasCookies: true, cookieNames: [39m
[2026-02-22 16:49:20] [[31merror[39m]: [31mNo token found in request. Path: /, hasCookies: true, cookieNames: [39m
[2026-02-22 16:49:26] [[31merror[39m]: [31mNo token found in request. Path: /, hasCookies: true, cookieNames: [39m
[2026-02-22 16:49:32] [[31merror[39m]: [31mNo token found in request. Path: /, hasCookies: true, cookieNames: [39m
[2026-02-22 16:49:38] [[31merror[39m]: [31mNo token found in request. Path: /, hasCookies: true, cookieNames: [39m
[2026-02-22 16:49:44] [[31merror[39m]: [31mNo token found in request. Path: /, hasCookies: true, cookieNames: [39m
[2026-02-22 16:49:50] [[31merror[39m]: [31mNo token found in request. Path: /, hasCookies: true, cookieNames: [39m
[2026-02-22 16:49:56] [[31merror[39m]: [31mNo token found in request. Path: /, hasCookies: true, cookieNames: [39m
[2026-02-22 16:50:02] [[31merror[39m]: [31mNo token found in request. Path: /, hasCookies: true, cookieNames: [39m
[2026-02-22 16:50:08] [[31merror[39m]: [31mNo token found in request. Path: /, hasCookies: true, cookieNames: [39m
[2026-02-22 16:50:14] [[31merror[39m]: [31mNo token found in request. Path: /, hasCookies: true, cookieNames: [39m
[2026-02-22 16:50:20] [[31merror[39m]: [31mNo token found in request. Path: /, hasCookies: true, cookieNames: [39m
[2026-02-22 16:50:26] [[31merror[39m]: [31mNo token found in request. Path: /, hasCookies: true, cookieNames: [39m
[2026-02-22 16:50:32] [[31merror[39m]: [31mNo token found in request. Path: /, hasCookies: true, cookieNames: [39m
[2026-02-22 16:50:38] [[31merror[39m]: [31mNo token found in request. Path: /, hasCookies: true, cookieNames: [39m
[2026-02-22 16:50:44] [[31merror[39m]: [31mNo token found in request. Path: /, hasCookies: true, cookieNames: [39m
[2026-02-22 16:50:50] [[31merror[39m]: [31mNo token found in request. Path: /, hasCookies: true, cookieNames: [39m
[2026-02-22 16:50:56] [[31merror[39m]: [31mNo token found in request. Path: /, hasCookies: true, cookieNames: [39m
[2026-02-22 16:51:02] [[31merror[39m]: [31mNo token found in request. Path: /, hasCookies: true, cookieNames: [39m
[2026-02-22 16:51:08] [[31merror[39m]: [31mNo token found in request. Path: /, hasCookies: true, cookieNames: [39m
[2026-02-22 16:51:14] [[31merror[39m]: [31mNo token found in request. Path: /, hasCookies: true, cookieNames: [39m
[2026-02-22 16:51:20] [[31merror[39m]: [31mNo token found in request. Path: /, hasCookies: true, cookieNames: [39m
[2026-02-22 16:51:26] [[31merror[39m]: [31mNo token found in request. Path: /, hasCookies: true, cookieNames: [39m
[2026-02-22 16:51:32] [[31merror[39m]: [31mNo token found in request. Path: /, hasCookies: true, cookieNames: [39m
[2026-02-22 16:51:38] [[31merror[39m]: [31mNo token found in request. Path: /, hasCookies: true, cookieNames: [39m
[2026-02-22 16:51:44] [[31merror[39m]: [31mNo token found in request. Path: /, hasCookies: true, cookieNames: [39m
[2026-02-22 16:51:50] [[31merror[39m]: [31mNo token found in request. Path: /, hasCookies: true, cookieNames: [39m
[2026-02-22 16:51:56] [[31merror[39m]: [31mNo token found in request. Path: /, hasCookies: true, cookieNames: [39m
[2026-02-22 16:52:02] [[31merror[39m]: [31mNo token found in request. Path: /, hasCookies: true, cookieNames: [39m
[2026-02-22 16:52:08] [[31merror[39m]: [31mNo token found in request. Path: /, hasCookies: true, cookieNames: [39m
[2026-02-22 16:52:14] [[31merror[39m]: [31mNo token found in request. Path: /, hasCookies: true, cookieNames: [39m
[2026-02-22 16:52:20] [[31merror[39m]: [31mNo token found in request. Path: /, hasCookies: true, cookieNames: [39m
[2026-02-22 16:52:26] [[31merror[39m]: [31mNo token found in request. Path: /, hasCookies: true, cookieNames: [39m
[2026-02-22 16:52:32] [[31merror[39m]: [31mNo token found in request. Path: /, hasCookies: true, cookieNames: [39m
[2026-02-22 16:52:38] [[31merror[39m]: [31mNo token found in request. Path: /, hasCookies: true, cookieNames: [39m
[2026-02-22 16:52:44] [[31merror[39m]: [31mNo token found in request. Path: /, hasCookies: true, cookieNames: [39m
[2026-02-22 16:52:50] [[31merror[39m]: [31mNo token found in request. Path: /, hasCookies: true, cookieNames: [39m
[2026-02-22 16:52:56] [[31merror[39m]: [31mNo token found in request. Path: /, hasCookies: true, cookieNames: [39m
[2026-02-22 16:53:02] [[31merror[39m]: [31mNo token found in request. Path: /, hasCookies: true, cookieNames: [39m
[2026-02-22 16:53:08] [[31merror[39m]: [31mNo token found in request. Path: /, hasCookies: true, cookieNames: [39m
[2026-02-22 16:53:14] [[31merror[39m]: [31mNo token found in request. Path: /, hasCookies: true, cookieNames: [39m
[2026-02-22 16:53:20] [[31merror[39m]: [31mNo token found in request. Path: /, hasCookies: true, cookieNames: [39m
[2026-02-22 16:53:26] [[31merror[39m]: [31mNo token found in request. Path: /, hasCookies: true, cookieNames: [39m
[2026-02-22 16:53:32] [[31merror[39m]: [31mNo token found in request. Path: /, hasCookies: true, cookieNames: [39m
[2026-02-22 16:53:38] [[31merror[39m]: [31mNo token found in request. Path: /, hasCookies: true, cookieNames: [39m
[2026-02-22 16:53:44] [[31merror[39m]: [31mNo token found in request. Path: /, hasCookies: true, cookieNames: [39m
[2026-02-22 16:53:50] [[31merror[39m]: [31mNo token found in request. Path: /, hasCookies: true, cookieNames: [39m
[2026-02-22 16:53:56] [[31merror[39m]: [31mNo token found in request. Path: /, hasCookies: true, cookieNames: [39m
[2026-02-22 16:54:02] [[31merror[39m]: [31mNo token found in request. Path: /, hasCookies: true, cookieNames: [39m
[2026-02-22 16:54:08] [[31merror[39m]: [31mNo token found in request. Path: /, hasCookies: true, cookieNames: [39m
[2026-02-22 16:54:14] [[31merror[39m]: [31mNo token found in request. Path: /, hasCookies: true, cookieNames: [39m
[2026-02-22 16:54:20] [[31merror[39m]: [31mNo token found in request. Path: /, hasCookies: true, cookieNames: [39m
[2026-02-22 16:54:26] [[31merror[39m]: [31mNo token found in request. Path: /, hasCookies: true, cookieNames: [39m
[2026-02-22 16:54:32] [[31merror[39m]: [31mNo token found in request. Path: /, hasCookies: true, cookieNames: [39m
[2026-02-22 16:54:38] [[31merror[39m]: [31mNo token found in request. Path: /, hasCookies: true, cookieNames: [39m
[2026-02-22 16:54:44] [[31merror[39m]: [31mNo token found in request. Path: /, hasCookies: true, cookieNames: [39m
[2026-02-22 16:54:50] [[31merror[39m]: [31mNo token found in request. Path: /, hasCookies: true, cookieNames: [39m
[2026-02-22 16:54:56] [[31merror[39m]: [31mNo token found in request. Path: /, hasCookies: true, cookieNames: [39m
[2026-02-22 16:55:02] [[31merror[39m]: [31mNo token found in request. Path: /, hasCookies: true, cookieNames: [39m
[2026-02-22 16:55:08] [[31merror[39m]: [31mNo token found in request. Path: /, hasCookies: true, cookieNames: [39m
[2026-02-22 16:55:14] [[31merror[39m]: [31mNo token found in request. Path: /, hasCookies: true, cookieNames: [39m
[2026-02-22 16:55:20] [[31merror[39m]: [31mNo token found in request. Path: /, hasCookies: true, cookieNames: [39m
[2026-02-22 16:55:26] [[31merror[39m]: [31mNo token found in request. Path: /, hasCookies: true, cookieNames: [39m
[2026-02-22 16:55:32] [[31merror[39m]: [31mNo token found in request. Path: /, hasCookies: true, cookieNames: [39m
[2026-02-22 16:55:38] [[31merror[39m]: [31mNo token found in request. Path: /, hasCookies: true, cookieNames: [39m
[2026-02-22 16:55:44] [[31merror[39m]: [31mNo token found in request. Path: /, hasCookies: true, cookieNames: [39m
[2026-02-22 16:55:50] [[31merror[39m]: [31mNo token found in request. Path: /, hasCookies: true, cookieNames: [39m
[2026-02-22 16:55:56] [[31merror[39m]: [31mNo token found in request. Path: /, hasCookies: true, cookieNames: [39m
[2026-02-22 16:56:02] [[31merror[39m]: [31mNo token found in request. Path: /, hasCookies: true, cookieNames: [39m
[2026-02-22 16:56:08] [[31merror[39m]: [31mNo token found in request. Path: /, hasCookies: true, cookieNames: [39m
[2026-02-22 16:56:14] [[31merror[39m]: [31mNo token found in request. Path: /, hasCookies: true, cookieNames: [39m
[2026-02-22 16:56:20] [[31merror[39m]: [31mNo token found in request. Path: /, hasCookies: true, cookieNames: [39m
[2026-02-22 16:56:26] [[31merror[39m]: [31mNo token found in request. Path: /, hasCookies: true, cookieNames: [39m
[2026-02-22 16:56:32] [[31merror[39m]: [31mNo token found in request. Path: /, hasCookies: true, cookieNames: [39m
[2026-02-22 16:56:38] [[31merror[39m]: [31mNo token found in request. Path: /, hasCookies: true, cookieNames: [39m
[2026-02-22 16:56:44] [[31merror[39m]: [31mNo token found in request. Path: /, hasCookies: true, cookieNames: [39m
[2026-02-22 16:56:50] [[31merror[39m]: [31mNo token found in request. Path: /, hasCookies: true, cookieNames: [39m
[2026-02-22 16:56:56] [[31merror[39m]: [31mNo token found in request. Path: /, hasCookies: true, cookieNames: [39m
[2026-02-22 16:57:02] [[31merror[39m]: [31mNo token found in request. Path: /, hasCookies: true, cookieNames: [39m
[2026-02-22 16:57:08] [[31merror[39m]: [31mNo token found in request. Path: /, hasCookies: true, cookieNames: [39m
[2026-02-22 16:57:14] [[31merror[39m]: [31mNo token found in request. Path: /, hasCookies: true, cookieNames: [39m
[2026-02-22 16:57:20] [[31merror[39m]: [31mNo token found in request. Path: /, hasCookies: true, cookieNames: [39m
[2026-02-22 16:57:26] [[31merror[39m]: [31mNo token found in request. Path: /, hasCookies: true, cookieNames: [39m
[2026-02-22 16:57:32] [[31merror[39m]: [31mNo token found in request. Path: /, hasCookies: true, cookieNames: [39m
[2026-02-22 16:57:38] [[31merror[39m]: [31mNo token found in request. Path: /, hasCookies: true, cookieNames: [39m
[2026-02-22 16:57:44] [[31merror[39m]: [31mNo token found in request. Path: /, hasCookies: true, cookieNames: [39m
[2026-02-22 16:57:50] [[31merror[39m]: [31mNo token found in request. Path: /, hasCookies: true, cookieNames: [39m
[2026-02-22 16:57:56] [[31merror[39m]: [31mNo token found in request. Path: /, hasCookies: true, cookieNames: [39m
[2026-02-22 16:58:02] [[31merror[39m]: [31mNo token found in request. Path: /, hasCookies: true, cookieNames: [39m
[2026-02-22 16:58:08] [[31merror[39m]: [31mNo token found in request. Path: /, hasCookies: true, cookieNames: [39m
[2026-02-22 16:58:14] [[31merror[39m]: [31mNo token found in request. Path: /, hasCookies: true, cookieNames: [39m
[2026-02-22 16:58:20] [[31merror[39m]: [31mNo token found in request. Path: /, hasCookies: true, cookieNames: [39m
[2026-02-22 16:58:26] [[31merror[39m]: [31mNo token found in request. Path: /, hasCookies: true, cookieNames: [39m
[2026-02-22 16:58:32] [[31merror[39m]: [31mNo token found in request. Path: /, hasCookies: true, cookieNames: [39m
[2026-02-22 16:58:38] [[31merror[39m]: [31mNo token found in request. Path: /, hasCookies: true, cookieNames: [39m
[2026-02-22 16:58:44] [[31merror[39m]: [31mNo token found in request. Path: /, hasCookies: true, cookieNames: [39m
[2026-02-22 16:58:50] [[31merror[39m]: [31mNo token found in request. Path: /, hasCookies: true, cookieNames: [39m
[2026-02-22 16:58:56] [[31merror[39m]: [31mNo token found in request. Path: /, hasCookies: true, cookieNames: [39m
[2026-02-22 16:59:02] [[31merror[39m]: [31mNo token found in request. Path: /, hasCookies: true, cookieNames: [39m
[2026-02-22 16:59:08] [[31merror[39m]: [31mNo token found in request. Path: /, hasCookies: true, cookieNames: [39m
[2026-02-22 16:59:14] [[31merror[39m]: [31mNo token found in request. Path: /, hasCookies: true, cookieNames: [39m
[2026-02-22 16:59:20] [[31merror[39m]: [31mNo token found in request. Path: /, hasCookies: true, cookieNames: [39m
[2026-02-22 16:59:26] [[31merror[39m]: [31mNo token found in request. Path: /, hasCookies: true, cookieNames: [39m
[2026-02-22 16:59:32] [[31merror[39m]: [31mNo token found in request. Path: /, hasCookies: true, cookieNames: [39m
[2026-02-22 16:59:38] [[31merror[39m]: [31mNo token found in request. Path: /, hasCookies: true, cookieNames: [39m
[2026-02-22 16:59:44] [[31merror[39m]: [31mNo token found in request. Path: /, hasCookies: true, cookieNames: [39m
[2026-02-22 16:59:50] [[31merror[39m]: [31mNo token found in request. Path: /, hasCookies: true, cookieNames: [39m
[2026-02-22 16:59:56] [[31merror[39m]: [31mNo token found in request. Path: /, hasCookies: true, cookieNames: [39m
[2026-02-22 17:00:02] [[31merror[39m]: [31mNo token found in request. Path: /, hasCookies: true, cookieNames: [39m
[2026-02-22 17:00:08] [[31merror[39m]: [31mNo token found in request. Path: /, hasCookies: true, cookieNames: [39m
[2026-02-22 17:00:14] [[31merror[39m]: [31mNo token found in request. Path: /, hasCookies: true, cookieNames: [39m
[2026-02-22 17:00:20] [[31merror[39m]: [31mNo token found in request. Path: /, hasCookies: true, cookieNames: [39m
[2026-02-22 17:00:26] [[31merror[39m]: [31mNo token found in request. Path: /, hasCookies: true, cookieNames: [39m
[2026-02-22 17:00:32] [[31merror[39m]: [31mNo token found in request. Path: /, hasCookies: true, cookieNames: [39m
[2026-02-22 17:00:38] [[31merror[39m]: [31mNo token found in request. Path: /, hasCookies: true, cookieNames: [39m
[2026-02-22 17:00:44] [[31merror[39m]: [31mNo token found in request. Path: /, hasCookies: true, cookieNames: [39m
[2026-02-22 17:00:50] [[31merror[39m]: [31mNo token found in request. Path: /, hasCookies: true, cookieNames: [39m
[2026-02-22 17:00:56] [[31merror[39m]: [31mNo token found in request. Path: /, hasCookies: true, cookieNames: [39m
[2026-02-22 17:01:02] [[31merror[39m]: [31mNo token found in request. Path: /, hasCookies: true, cookieNames: [39m
[2026-02-22 17:01:08] [[31merror[39m]: [31mNo token found in request. Path: /, hasCookies: true, cookieNames: [39m
[2026-02-22 17:01:14] [[31merror[39m]: [31mNo token found in request. Path: /, hasCookies: true, cookieNames: [39m
[2026-02-22 17:01:20] [[31merror[39m]: [31mNo token found in request. Path: /, hasCookies: true, cookieNames: [39m
[2026-02-22 17:01:26] [[31merror[39m]: [31mNo token found in request. Path: /, hasCookies: true, cookieNames: [39m
[2026-02-22 17:01:32] [[31merror[39m]: [31mNo token found in request. Path: /, hasCookies: true, cookieNames: [39m
[2026-02-22 17:01:38] [[31merror[39m]: [31mNo token found in request. Path: /, hasCookies: true, cookieNames: [39m
[2026-02-22 17:01:44] [[31merror[39m]: [31mNo token found in request. Path: /, hasCookies: true, cookieNames: [39m
[2026-02-22 17:01:50] [[31merror[39m]: [31mNo token found in request. Path: /, hasCookies: true, cookieNames: [39m
[2026-02-22 17:01:56] [[31merror[39m]: [31mNo token found in request. Path: /, hasCookies: true, cookieNames: [39m
[2026-02-22 17:02:02] [[31merror[39m]: [31mNo token found in request. Path: /, hasCookies: true, cookieNames: [39m
[2026-02-22 17:02:08] [[31merror[39m]: [31mNo token found in request. Path: /, hasCookies: true, cookieNames: [39m
[2026-02-22 17:02:14] [[31merror[39m]: [31mNo token found in request. Path: /, hasCookies: true, cookieNames: [39m
[2026-02-22 17:02:20] [[31merror[39m]: [31mNo token found in request. Path: /, hasCookies: true, cookieNames: [39m
[2026-02-22 17:02:26] [[31merror[39m]: [31mNo token found in request. Path: /, hasCookies: true, cookieNames: [39m
[2026-02-22 17:02:32] [[31merror[39m]: [31mNo token found in request. Path: /, hasCookies: true, cookieNames: [39m
[2026-02-22 17:02:38] [[31merror[39m]: [31mNo token found in request. Path: /, hasCookies: true, cookieNames: [39m
[2026-02-22 17:02:44] [[31merror[39m]: [31mNo token found in request. Path: /, hasCookies: true, cookieNames: [39m
[2026-02-22 17:02:50] [[31merror[39m]: [31mNo token found in request. Path: /, hasCookies: true, cookieNames: [39m
[2026-02-22 17:02:56] [[31merror[39m]: [31mNo token found in request. Path: /, hasCookies: true, cookieNames: [39m
[2026-02-22 17:03:02] [[31merror[39m]: [31mNo token found in request. Path: /, hasCookies: true, cookieNames: [39m
[2026-02-22 17:03:08] [[31merror[39m]: [31mNo token found in request. Path: /, hasCookies: true, cookieNames: [39m
[2026-02-22 17:03:14] [[31merror[39m]: [31mNo token found in request. Path: /, hasCookies: true, cookieNames: [39m
[2026-02-22 17:03:20] [[31merror[39m]: [31mNo token found in request. Path: /, hasCookies: true, cookieNames: [39m
[2026-02-22 17:03:26] [[31merror[39m]: [31mNo token found in request. Path: /, hasCookies: true, cookieNames: [39m
[2026-02-22 17:03:32] [[31merror[39m]: [31mNo token found in request. Path: /, hasCookies: true, cookieNames: [39m
[2026-02-22 17:03:38] [[31merror[39m]: [31mNo token found in request. Path: /, hasCookies: true, cookieNames: [39m
[2026-02-22 17:03:44] [[31merror[39m]: [31mNo token found in request. Path: /, hasCookies: true, cookieNames: [39m
[2026-02-22 17:03:57] [[32minfo[39m]: [32m[SLOTFLOW API GATEWAY] running on http://localhost:3000[39m
[2026-02-22 17:03:58] [[31merror[39m]: [31mNo token found in request. Path: /, hasCookies: true, cookieNames: [39m
[2026-02-22 17:04:04] [[31merror[39m]: [31mNo token found in request. Path: /, hasCookies: true, cookieNames: [39m
[2026-02-22 17:04:08] [[32minfo[39m]: [32m[SLOTFLOW API GATEWAY] running on http://localhost:3000[39m
[2026-02-22 17:04:10] [[31merror[39m]: [31mNo token found in request. Path: /, hasCookies: true, cookieNames: [39m
[2026-02-22 17:04:16] [[31merror[39m]: [31mNo token found in request. Path: /, hasCookies: true, cookieNames: [39m
[2026-02-22 17:04:22] [[31merror[39m]: [31mNo token found in request. Path: /, hasCookies: true, cookieNames: [39m
[2026-02-22 17:04:28] [[31merror[39m]: [31mNo token found in request. Path: /, hasCookies: true, cookieNames: [39m
[2026-02-22 17:04:33] [[32minfo[39m]: [32m[SLOTFLOW API GATEWAY] running on http://localhost:3000[39m
[2026-02-22 17:04:34] [[31merror[39m]: [31mNo token found in request. Path: /, hasCookies: true, cookieNames: [39m
[2026-02-22 17:04:36] [[32minfo[39m]: [32m[SLOTFLOW API GATEWAY] running on http://localhost:3000[39m
[2026-02-22 17:04:39] [[32minfo[39m]: [32m[SLOTFLOW API GATEWAY] running on http://localhost:3000[39m
[2026-02-22 17:04:40] [[31merror[39m]: [31mNo token found in request. Path: /, hasCookies: true, cookieNames: [39m
[2026-02-22 17:04:46] [[31merror[39m]: [31mNo token found in request. Path: /, hasCookies: true, cookieNames: [39m
[2026-02-22 17:04:52] [[31merror[39m]: [31mNo token found in request. Path: /, hasCookies: true, cookieNames: [39m
[2026-02-22 17:04:58] [[31merror[39m]: [31mNo token found in request. Path: /, hasCookies: true, cookieNames: [39m
[2026-02-22 17:05:04] [[31merror[39m]: [31mNo token found in request. Path: /, hasCookies: true, cookieNames: [39m
[2026-02-22 17:05:10] [[31merror[39m]: [31mNo token found in request. Path: /, hasCookies: true, cookieNames: [39m
[2026-02-22 17:05:31] [[32minfo[39m]: [32m[GATEWAY PROXY] POST /auth/signin → http://localhost:4000/api/auth/signin[39m
[2026-02-22 17:05:31] [[32minfo[39m]: [32mexpressReq.user : undefined[39m
[2026-02-22 17:05:35] [[32minfo[39m]: [32m[GATEWAY PROXY] PATCH /provider/profile/push-notification → http://localhost:4000/api/provider/profile/push-notification[39m
[2026-02-22 17:05:35] [[32minfo[39m]: [32mexpressReq.user : {"id":"698f28d799b35470f53dd6e2","role":"PROVIDER"}[39m
[2026-02-22 17:05:35] [[32minfo[39m]: [32m[GATEWAY PROXY] GET /provider/dashboard/stats → http://localhost:4000/api/provider/dashboard/stats[39m
[2026-02-22 17:05:35] [[32minfo[39m]: [32mexpressReq.user : {"id":"698f28d799b35470f53dd6e2","role":"PROVIDER"}[39m
[2026-02-22 17:05:35] [[32minfo[39m]: [32m[GATEWAY PROXY] PATCH /provider/profile/push-notification → http://localhost:4000/api/provider/profile/push-notification[39m
[2026-02-22 17:05:35] [[32minfo[39m]: [32mexpressReq.user : {"id":"698f28d799b35470f53dd6e2","role":"PROVIDER"}[39m
[2026-02-22 17:05:40] [[32minfo[39m]: [32m[GATEWAY PROXY] POST /auth/signout → http://localhost:4000/api/auth/signout[39m
[2026-02-22 17:05:40] [[32minfo[39m]: [32mexpressReq.user : undefined[39m
[2026-02-22 17:05:44] [[31merror[39m]: [31mNo token found in request. Path: /, hasCookies: true, cookieNames: [39m
[2026-02-22 17:05:49] [[31merror[39m]: [31mNo token found in request. Path: /, hasCookies: true, cookieNames: [39m
[2026-02-22 17:05:55] [[31merror[39m]: [31mNo token found in request. Path: /, hasCookies: true, cookieNames: [39m
[2026-02-22 17:06:01] [[31merror[39m]: [31mNo token found in request. Path: /, hasCookies: true, cookieNames: [39m
[2026-02-22 17:06:07] [[31merror[39m]: [31mNo token found in request. Path: /, hasCookies: true, cookieNames: [39m
[2026-02-22 17:06:13] [[31merror[39m]: [31mNo token found in request. Path: /, hasCookies: true, cookieNames: [39m
[2026-02-22 17:06:19] [[31merror[39m]: [31mNo token found in request. Path: /, hasCookies: true, cookieNames: [39m
[2026-02-22 17:06:25] [[31merror[39m]: [31mNo token found in request. Path: /, hasCookies: true, cookieNames: [39m
[2026-02-22 17:06:31] [[31merror[39m]: [31mNo token found in request. Path: /, hasCookies: true, cookieNames: [39m
[2026-02-22 17:06:37] [[31merror[39m]: [31mNo token found in request. Path: /, hasCookies: true, cookieNames: [39m
[2026-02-22 17:10:55] [[32minfo[39m]: [32m[SLOTFLOW API GATEWAY] running on http://localhost:3000[39m
[2026-02-22 17:11:02] [[32minfo[39m]: [32m[GATEWAY PROXY] POST /auth/signin → http://localhost:4000/api/auth/signin[39m
[2026-02-22 17:11:02] [[32minfo[39m]: [32mexpressReq.user : undefined[39m
[2026-02-22 17:11:06] [[32minfo[39m]: [32m[GATEWAY PROXY] GET /?EIO=4&transport=polling&t=ofp7powk → http://localhost:5000/?EIO=4&transport=polling&t=ofp7powk[39m
[2026-02-22 17:11:06] [[32minfo[39m]: [32mexpressReq.user : {"id":"698f28d799b35470f53dd6e2","role":"PROVIDER"}[39m
[2026-02-22 17:11:06] [[32minfo[39m]: [32m[GATEWAY PROXY] PATCH /provider/profile/push-notification → http://localhost:4000/api/provider/profile/push-notification[39m
[2026-02-22 17:11:06] [[32minfo[39m]: [32mexpressReq.user : {"id":"698f28d799b35470f53dd6e2","role":"PROVIDER"}[39m
[2026-02-22 17:11:06] [[32minfo[39m]: [32m[GATEWAY PROXY] GET /provider/dashboard/stats → http://localhost:4000/api/provider/dashboard/stats[39m
[2026-02-22 17:11:06] [[32minfo[39m]: [32mexpressReq.user : {"id":"698f28d799b35470f53dd6e2","role":"PROVIDER"}[39m
[2026-02-22 17:11:07] [[32minfo[39m]: [32m[GATEWAY PROXY] PATCH /provider/profile/push-notification → http://localhost:4000/api/provider/profile/push-notification[39m
[2026-02-22 17:11:07] [[32minfo[39m]: [32mexpressReq.user : {"id":"698f28d799b35470f53dd6e2","role":"PROVIDER"}[39m
[2026-02-22 17:11:07] [[32minfo[39m]: [32m[GATEWAY PROXY] GET /?EIO=4&transport=polling&t=ofqdyf8v → http://localhost:5000/?EIO=4&transport=polling&t=ofqdyf8v[39m
[2026-02-22 17:11:07] [[32minfo[39m]: [32mexpressReq.user : {"id":"698f28d799b35470f53dd6e2","role":"PROVIDER"}[39m
[2026-02-22 17:11:09] [[32minfo[39m]: [32m[GATEWAY PROXY] GET /?EIO=4&transport=polling&t=ofrzr3uc → http://localhost:5000/?EIO=4&transport=polling&t=ofrzr3uc[39m
[2026-02-22 17:11:09] [[32minfo[39m]: [32mexpressReq.user : {"id":"698f28d799b35470f53dd6e2","role":"PROVIDER"}[39m
[2026-02-22 17:11:13] [[32minfo[39m]: [32m[GATEWAY PROXY] GET /?EIO=4&transport=polling&t=ofuycoqr → http://localhost:5000/?EIO=4&transport=polling&t=ofuycoqr[39m
[2026-02-22 17:11:13] [[32minfo[39m]: [32mexpressReq.user : {"id":"698f28d799b35470f53dd6e2","role":"PROVIDER"}[39m
[2026-02-22 17:11:19] [[32minfo[39m]: [32m[GATEWAY PROXY] GET /?EIO=4&transport=polling&t=ofzkpz0b → http://localhost:5000/?EIO=4&transport=polling&t=ofzkpz0b[39m
[2026-02-22 17:11:19] [[32minfo[39m]: [32mexpressReq.user : {"id":"698f28d799b35470f53dd6e2","role":"PROVIDER"}[39m
[2026-02-22 17:11:22] [[32minfo[39m]: [32m[GATEWAY PROXY] POST /auth/signout → http://localhost:4000/api/auth/signout[39m
[2026-02-22 17:11:22] [[32minfo[39m]: [32mexpressReq.user : undefined[39m
[2026-02-22 17:11:26] [[31merror[39m]: [31mNo token found in request. Path: /, hasCookies: true, cookieNames: [39m
[2026-02-22 17:11:31] [[31merror[39m]: [31mNo token found in request. Path: /, hasCookies: true, cookieNames: [39m
[2026-02-22 17:11:37] [[31merror[39m]: [31mNo token found in request. Path: /, hasCookies: true, cookieNames: [39m
[2026-02-22 17:11:43] [[31merror[39m]: [31mNo token found in request. Path: /, hasCookies: true, cookieNames: [39m
[2026-02-22 17:11:49] [[31merror[39m]: [31mNo token found in request. Path: /, hasCookies: true, cookieNames: [39m
[2026-02-22 17:11:55] [[31merror[39m]: [31mNo token found in request. Path: /, hasCookies: true, cookieNames: [39m
[2026-02-22 17:12:01] [[31merror[39m]: [31mNo token found in request. Path: /, hasCookies: true, cookieNames: [39m
[2026-02-22 17:12:07] [[31merror[39m]: [31mNo token found in request. Path: /, hasCookies: true, cookieNames: [39m
[2026-02-22 17:12:13] [[31merror[39m]: [31mNo token found in request. Path: /, hasCookies: true, cookieNames: [39m
[2026-02-22 17:12:19] [[31merror[39m]: [31mNo token found in request. Path: /, hasCookies: true, cookieNames: [39m
[2026-02-22 17:12:25] [[31merror[39m]: [31mNo token found in request. Path: /, hasCookies: true, cookieNames: [39m
[2026-02-22 17:12:31] [[31merror[39m]: [31mNo token found in request. Path: /, hasCookies: true, cookieNames: [39m
[2026-02-22 17:12:37] [[31merror[39m]: [31mNo token found in request. Path: /, hasCookies: true, cookieNames: [39m
[2026-02-22 17:12:43] [[31merror[39m]: [31mNo token found in request. Path: /, hasCookies: true, cookieNames: [39m
[2026-02-22 17:12:49] [[31merror[39m]: [31mNo token found in request. Path: /, hasCookies: true, cookieNames: [39m
[2026-02-22 17:12:55] [[31merror[39m]: [31mNo token found in request. Path: /, hasCookies: true, cookieNames: [39m
[2026-02-22 17:13:01] [[31merror[39m]: [31mNo token found in request. Path: /, hasCookies: true, cookieNames: [39m
[2026-02-22 17:13:07] [[31merror[39m]: [31mNo token found in request. Path: /, hasCookies: true, cookieNames: [39m
[2026-02-22 17:13:13] [[31merror[39m]: [31mNo token found in request. Path: /, hasCookies: true, cookieNames: [39m
[2026-02-22 17:13:19] [[31merror[39m]: [31mNo token found in request. Path: /, hasCookies: true, cookieNames: [39m
[2026-02-22 17:13:25] [[31merror[39m]: [31mNo token found in request. Path: /, hasCookies: true, cookieNames: [39m
[2026-02-22 17:13:31] [[31merror[39m]: [31mNo token found in request. Path: /, hasCookies: true, cookieNames: [39m
[2026-02-22 17:13:37] [[31merror[39m]: [31mNo token found in request. Path: /, hasCookies: true, cookieNames: [39m
[2026-02-22 17:13:43] [[31merror[39m]: [31mNo token found in request. Path: /, hasCookies: true, cookieNames: [39m
[2026-02-22 17:13:49] [[31merror[39m]: [31mNo token found in request. Path: /, hasCookies: true, cookieNames: [39m
[2026-02-22 17:13:55] [[31merror[39m]: [31mNo token found in request. Path: /, hasCookies: true, cookieNames: [39m
[2026-02-22 17:14:01] [[31merror[39m]: [31mNo token found in request. Path: /, hasCookies: true, cookieNames: [39m
[2026-02-22 17:14:07] [[31merror[39m]: [31mNo token found in request. Path: /, hasCookies: true, cookieNames: [39m
[2026-02-22 17:14:13] [[31merror[39m]: [31mNo token found in request. Path: /, hasCookies: true, cookieNames: [39m
[2026-02-22 17:14:19] [[31merror[39m]: [31mNo token found in request. Path: /, hasCookies: true, cookieNames: [39m
[2026-02-22 17:14:25] [[31merror[39m]: [31mNo token found in request. Path: /, hasCookies: true, cookieNames: [39m
[2026-02-22 17:14:31] [[31merror[39m]: [31mNo token found in request. Path: /, hasCookies: true, cookieNames: [39m
[2026-02-22 17:14:39] [[32minfo[39m]: [32m[SLOTFLOW API GATEWAY] running on http://localhost:3000[39m
[2026-02-22 17:14:39] [[31merror[39m]: [31mNo token found in request. Path: /, hasCookies: true, cookieNames: [39m
[2026-02-22 17:14:44] [[31merror[39m]: [31mNo token found in request. Path: /, hasCookies: true, cookieNames: [39m
[2026-02-22 17:14:50] [[31merror[39m]: [31mNo token found in request. Path: /, hasCookies: true, cookieNames: [39m
[2026-02-22 17:14:56] [[31merror[39m]: [31mNo token found in request. Path: /, hasCookies: true, cookieNames: [39m
[2026-02-22 17:15:02] [[31merror[39m]: [31mNo token found in request. Path: /, hasCookies: true, cookieNames: [39m
[2026-02-22 17:15:08] [[31merror[39m]: [31mNo token found in request. Path: /, hasCookies: true, cookieNames: [39m
[2026-02-22 17:15:15] [[31merror[39m]: [31mNo token found in request. Path: /, hasCookies: true, cookieNames: [39m
[2026-02-22 17:15:20] [[31merror[39m]: [31mNo token found in request. Path: /, hasCookies: true, cookieNames: [39m
[2026-02-22 17:15:26] [[31merror[39m]: [31mNo token found in request. Path: /, hasCookies: true, cookieNames: [39m
[2026-02-22 17:15:32] [[31merror[39m]: [31mNo token found in request. Path: /, hasCookies: true, cookieNames: [39m
[2026-02-22 17:15:38] [[31merror[39m]: [31mNo token found in request. Path: /, hasCookies: true, cookieNames: [39m
[2026-02-22 17:15:44] [[31merror[39m]: [31mNo token found in request. Path: /, hasCookies: true, cookieNames: [39m
[2026-02-22 17:15:50] [[31merror[39m]: [31mNo token found in request. Path: /, hasCookies: true, cookieNames: [39m
[2026-02-22 17:15:56] [[31merror[39m]: [31mNo token found in request. Path: /, hasCookies: true, cookieNames: [39m
[2026-02-22 17:16:02] [[31merror[39m]: [31mNo token found in request. Path: /, hasCookies: true, cookieNames: [39m
[2026-02-22 17:16:08] [[31merror[39m]: [31mNo token found in request. Path: /, hasCookies: true, cookieNames: [39m
[2026-02-22 17:16:14] [[31merror[39m]: [31mNo token found in request. Path: /, hasCookies: true, cookieNames: [39m
[2026-02-22 17:16:20] [[31merror[39m]: [31mNo token found in request. Path: /, hasCookies: true, cookieNames: [39m
[2026-02-22 17:16:26] [[31merror[39m]: [31mNo token found in request. Path: /, hasCookies: true, cookieNames: [39m
[2026-02-22 17:16:32] [[31merror[39m]: [31mNo token found in request. Path: /, hasCookies: true, cookieNames: [39m
[2026-02-22 17:16:38] [[31merror[39m]: [31mNo token found in request. Path: /, hasCookies: true, cookieNames: [39m
[2026-02-22 17:16:44] [[31merror[39m]: [31mNo token found in request. Path: /, hasCookies: true, cookieNames: [39m
[2026-02-22 17:16:50] [[31merror[39m]: [31mNo token found in request. Path: /, hasCookies: true, cookieNames: [39m
[2026-02-22 17:16:56] [[31merror[39m]: [31mNo token found in request. Path: /, hasCookies: true, cookieNames: [39m
[2026-02-22 17:17:02] [[31merror[39m]: [31mNo token found in request. Path: /, hasCookies: true, cookieNames: [39m
[2026-02-22 17:17:08] [[31merror[39m]: [31mNo token found in request. Path: /, hasCookies: true, cookieNames: [39m
[2026-02-22 17:17:14] [[31merror[39m]: [31mNo token found in request. Path: /, hasCookies: true, cookieNames: [39m
[2026-02-22 17:17:20] [[31merror[39m]: [31mNo token found in request. Path: /, hasCookies: true, cookieNames: [39m
[2026-02-22 17:17:48] [[32minfo[39m]: [32m[GATEWAY PROXY] POST /auth/signin → http://localhost:4000/api/auth/signin[39m
[2026-02-22 17:17:48] [[32minfo[39m]: [32mexpressReq.user : undefined[39m
[2026-02-22 17:17:53] [[32minfo[39m]: [32m[GATEWAY PROXY] PATCH /provider/profile/push-notification → http://localhost:4000/api/provider/profile/push-notification[39m
[2026-02-22 17:17:53] [[32minfo[39m]: [32mexpressReq.user : {"id":"698f28d799b35470f53dd6e2","role":"PROVIDER"}[39m
[2026-02-22 17:17:53] [[32minfo[39m]: [32m[GATEWAY PROXY] GET /?EIO=4&transport=polling&t=ooepx0qy → http://localhost:5000/?EIO=4&transport=polling&t=ooepx0qy[39m
[2026-02-22 17:17:53] [[32minfo[39m]: [32mexpressReq.user : {"id":"698f28d799b35470f53dd6e2","role":"PROVIDER"}[39m
[2026-02-22 17:17:53] [[32minfo[39m]: [32m[GATEWAY PROXY] GET /provider/dashboard/stats → http://localhost:4000/api/provider/dashboard/stats[39m
[2026-02-22 17:17:53] [[32minfo[39m]: [32mexpressReq.user : {"id":"698f28d799b35470f53dd6e2","role":"PROVIDER"}[39m
[2026-02-22 17:17:53] [[32minfo[39m]: [32m[GATEWAY PROXY] PATCH /provider/profile/push-notification → http://localhost:4000/api/provider/profile/push-notification[39m
[2026-02-22 17:17:53] [[32minfo[39m]: [32mexpressReq.user : {"id":"698f28d799b35470f53dd6e2","role":"PROVIDER"}[39m
[2026-02-22 17:17:54] [[32minfo[39m]: [32m[GATEWAY PROXY] GET /?EIO=4&transport=polling&t=oogd6s1i → http://localhost:5000/?EIO=4&transport=polling&t=oogd6s1i[39m
[2026-02-22 17:17:54] [[32minfo[39m]: [32mexpressReq.user : {"id":"698f28d799b35470f53dd6e2","role":"PROVIDER"}[39m
[2026-02-22 17:17:57] [[32minfo[39m]: [32m[GATEWAY PROXY] GET /?EIO=4&transport=polling&t=ooiojayv → http://localhost:5000/?EIO=4&transport=polling&t=ooiojayv[39m
[2026-02-22 17:17:57] [[32minfo[39m]: [32mexpressReq.user : {"id":"698f28d799b35470f53dd6e2","role":"PROVIDER"}[39m
[2026-02-22 17:18:03] [[32minfo[39m]: [32m[GATEWAY PROXY] GET /?EIO=4&transport=polling&t=oomj38mm → http://localhost:5000/?EIO=4&transport=polling&t=oomj38mm[39m
[2026-02-22 17:18:03] [[32minfo[39m]: [32mexpressReq.user : {"id":"698f28d799b35470f53dd6e2","role":"PROVIDER"}[39m
[2026-02-22 17:18:09] [[32minfo[39m]: [32m[GATEWAY PROXY] GET /?EIO=4&transport=polling&t=oor66aom → http://localhost:5000/?EIO=4&transport=polling&t=oor66aom[39m
[2026-02-22 17:18:09] [[32minfo[39m]: [32mexpressReq.user : {"id":"698f28d799b35470f53dd6e2","role":"PROVIDER"}[39m
[2026-02-22 17:18:15] [[32minfo[39m]: [32m[GATEWAY PROXY] GET /?EIO=4&transport=polling&t=oovshi6h → http://localhost:5000/?EIO=4&transport=polling&t=oovshi6h[39m
[2026-02-22 17:18:15] [[32minfo[39m]: [32mexpressReq.user : {"id":"698f28d799b35470f53dd6e2","role":"PROVIDER"}[39m
[2026-02-22 17:18:19] [[32minfo[39m]: [32m[GATEWAY PROXY] POST /auth/signout → http://localhost:4000/api/auth/signout[39m
[2026-02-22 17:18:19] [[32minfo[39m]: [32mexpressReq.user : undefined[39m
[2026-02-22 17:18:23] [[31merror[39m]: [31mNo token found in request. Path: /, hasCookies: true, cookieNames: [39m
[2026-02-22 17:21:21] [[32minfo[39m]: [32m[SLOTFLOW API GATEWAY] running on http://localhost:3000[39m
[2026-02-22 17:21:28] [[32minfo[39m]: [32m[SLOTFLOW API GATEWAY] running on http://localhost:3000[39m
[2026-02-22 17:21:30] [[32minfo[39m]: [32m[SLOTFLOW API GATEWAY] running on http://localhost:3000[39m
[2026-02-22 17:21:49] [[32minfo[39m]: [32m[SLOTFLOW API GATEWAY] running on http://localhost:3000[39m
[2026-02-22 17:21:51] [[32minfo[39m]: [32m[SLOTFLOW API GATEWAY] running on http://localhost:3000[39m
[2026-02-22 17:21:53] [[32minfo[39m]: [32m[SLOTFLOW API GATEWAY] running on http://localhost:3000[39m
[2026-02-22 17:21:55] [[32minfo[39m]: [32m[SLOTFLOW API GATEWAY] running on http://localhost:3000[39m
[2026-02-22 17:22:21] [[32minfo[39m]: [32m[GATEWAY PROXY] POST /auth/signin → http://localhost:4000/api/auth/signin[39m
[2026-02-22 17:22:21] [[32minfo[39m]: [32mexpressReq.user : undefined[39m
[2026-02-22 17:22:26] [[32minfo[39m]: [32m[GATEWAY PROXY] GET /socket.io/?EIO=4&transport=polling&t=ou9ejoet → http://localhost:5000/socket.io/?EIO=4&transport=polling&t=ou9ejoet[39m
[2026-02-22 17:22:26] [[32minfo[39m]: [32mexpressReq.user : {"id":"698f28d799b35470f53dd6e2","role":"PROVIDER"}[39m
[2026-02-22 17:22:26] [[32minfo[39m]: [32m[GATEWAY PROXY] PATCH /provider/profile/push-notification → http://localhost:4000/api/provider/profile/push-notification[39m
[2026-02-22 17:22:26] [[32minfo[39m]: [32mexpressReq.user : {"id":"698f28d799b35470f53dd6e2","role":"PROVIDER"}[39m
[2026-02-22 17:22:26] [[32minfo[39m]: [32m[GATEWAY PROXY] GET /provider/dashboard/stats → http://localhost:4000/api/provider/dashboard/stats[39m
[2026-02-22 17:22:26] [[32minfo[39m]: [32mexpressReq.user : {"id":"698f28d799b35470f53dd6e2","role":"PROVIDER"}[39m
[2026-02-22 17:22:26] [[32minfo[39m]: [32m[GATEWAY PROXY] POST /socket.io/?EIO=4&transport=polling&t=ou9y1ba8&sid=pSNbvahuREXgFh1CAAAA → http://localhost:5000/socket.io/?EIO=4&transport=polling&t=ou9y1ba8&sid=pSNbvahuREXgFh1CAAAA[39m
[2026-02-22 17:22:26] [[32minfo[39m]: [32mexpressReq.user : {"id":"698f28d799b35470f53dd6e2","role":"PROVIDER"}[39m
[2026-02-22 17:22:26] [[32minfo[39m]: [32m[GATEWAY PROXY] GET /socket.io/?EIO=4&transport=polling&t=ou9yawam&sid=pSNbvahuREXgFh1CAAAA → http://localhost:5000/socket.io/?EIO=4&transport=polling&t=ou9yawam&sid=pSNbvahuREXgFh1CAAAA[39m
[2026-02-22 17:22:26] [[32minfo[39m]: [32mexpressReq.user : {"id":"698f28d799b35470f53dd6e2","role":"PROVIDER"}[39m
[2026-02-22 17:22:26] [[32minfo[39m]: [32m[GATEWAY PROXY] PATCH /provider/profile/push-notification → http://localhost:4000/api/provider/profile/push-notification[39m
[2026-02-22 17:22:26] [[32minfo[39m]: [32mexpressReq.user : {"id":"698f28d799b35470f53dd6e2","role":"PROVIDER"}[39m
[2026-02-22 17:22:59] [[32minfo[39m]: [32m[GATEWAY PROXY] GET /provider/subscriptions?page=1&limit=10 → http://localhost:4000/api/provider/subscriptions?page=1&limit=10[39m
[2026-02-22 17:22:59] [[32minfo[39m]: [32mexpressReq.user : {"id":"698f28d799b35470f53dd6e2","role":"PROVIDER"}[39m
[2026-02-22 17:23:02] [[32minfo[39m]: [32m[GATEWAY PROXY] GET /provider/plans → http://localhost:4000/api/provider/plans[39m
[2026-02-22 17:23:02] [[32minfo[39m]: [32mexpressReq.user : {"id":"698f28d799b35470f53dd6e2","role":"PROVIDER"}[39m
[2026-02-22 17:23:11] [[32minfo[39m]: [32m[GATEWAY PROXY] POST /provider/subscriptions/checkout/session → http://localhost:4000/api/provider/subscriptions/checkout/session[39m
[2026-02-22 17:23:11] [[32minfo[39m]: [32mexpressReq.user : {"id":"698f28d799b35470f53dd6e2","role":"PROVIDER"}[39m
[2026-02-22 17:23:31] [[32minfo[39m]: [32m[GATEWAY PROXY] PATCH /provider/profile/push-notification → http://localhost:4000/api/provider/profile/push-notification[39m
[2026-02-22 17:23:31] [[32minfo[39m]: [32mexpressReq.user : {"id":"698f28d799b35470f53dd6e2","role":"PROVIDER"}[39m
[2026-02-22 17:23:32] [[32minfo[39m]: [32m[GATEWAY PROXY] GET /provider/dashboard/stats → http://localhost:4000/api/provider/dashboard/stats[39m
[2026-02-22 17:23:32] [[32minfo[39m]: [32mexpressReq.user : {"id":"698f28d799b35470f53dd6e2","role":"PROVIDER"}[39m
[2026-02-22 17:24:10] [[32minfo[39m]: [32m[GATEWAY PROXY] POST /auth/signout → http://localhost:4000/api/auth/signout[39m
[2026-02-22 17:24:10] [[32minfo[39m]: [32mexpressReq.user : undefined[39m
[2026-02-22 17:26:11] [[32minfo[39m]: [32m[GATEWAY PROXY] POST /auth/signin → http://localhost:4000/api/auth/signin[39m
[2026-02-22 17:26:11] [[32minfo[39m]: [32mexpressReq.user : undefined[39m
[2026-02-22 17:26:15] [[32minfo[39m]: [32m[GATEWAY PROXY] GET /socket.io/?EIO=4&transport=polling&t=oz6i23li → http://localhost:5000/socket.io/?EIO=4&transport=polling&t=oz6i23li[39m
[2026-02-22 17:26:15] [[32minfo[39m]: [32mexpressReq.user : {"id":"698f28d799b35470f53dd6e2","role":"PROVIDER"}[39m
[2026-02-22 17:26:15] [[32minfo[39m]: [32m[GATEWAY PROXY] PATCH /provider/profile/push-notification → http://localhost:4000/api/provider/profile/push-notification[39m
[2026-02-22 17:26:15] [[32minfo[39m]: [32mexpressReq.user : {"id":"698f28d799b35470f53dd6e2","role":"PROVIDER"}[39m
[2026-02-22 17:26:15] [[32minfo[39m]: [32m[GATEWAY PROXY] GET /provider/dashboard/stats → http://localhost:4000/api/provider/dashboard/stats[39m
[2026-02-22 17:26:15] [[32minfo[39m]: [32mexpressReq.user : {"id":"698f28d799b35470f53dd6e2","role":"PROVIDER"}[39m
[2026-02-22 17:26:15] [[32minfo[39m]: [32m[GATEWAY PROXY] POST /socket.io/?EIO=4&transport=polling&t=oz729bvs&sid=MdAjww6g50dvEH1vAAAC → http://localhost:5000/socket.io/?EIO=4&transport=polling&t=oz729bvs&sid=MdAjww6g50dvEH1vAAAC[39m
[2026-02-22 17:26:15] [[32minfo[39m]: [32mexpressReq.user : {"id":"698f28d799b35470f53dd6e2","role":"PROVIDER"}[39m
[2026-02-22 17:26:15] [[32minfo[39m]: [32m[GATEWAY PROXY] GET /socket.io/?EIO=4&transport=polling&t=oz72idpw&sid=MdAjww6g50dvEH1vAAAC → http://localhost:5000/socket.io/?EIO=4&transport=polling&t=oz72idpw&sid=MdAjww6g50dvEH1vAAAC[39m
[2026-02-22 17:26:15] [[32minfo[39m]: [32mexpressReq.user : {"id":"698f28d799b35470f53dd6e2","role":"PROVIDER"}[39m
[2026-02-22 17:26:16] [[32minfo[39m]: [32m[GATEWAY PROXY] PATCH /provider/profile/push-notification → http://localhost:4000/api/provider/profile/push-notification[39m
[2026-02-22 17:26:16] [[32minfo[39m]: [32mexpressReq.user : {"id":"698f28d799b35470f53dd6e2","role":"PROVIDER"}[39m
[2026-02-22 17:27:43] [[32minfo[39m]: [32m[GATEWAY PROXY] POST /auth/signout → http://localhost:4000/api/auth/signout[39m
[2026-02-22 17:27:43] [[32minfo[39m]: [32mexpressReq.user : undefined[39m
[2026-02-22 17:30:13] [[32minfo[39m]: [32m[GATEWAY PROXY] POST /auth/signin → http://localhost:4000/api/auth/signin[39m
[2026-02-22 17:30:13] [[32minfo[39m]: [32mexpressReq.user : undefined[39m
[2026-02-22 17:30:17] [[32minfo[39m]: [32m[GATEWAY PROXY] GET /provider/dashboard/stats → http://localhost:4000/api/provider/dashboard/stats[39m
[2026-02-22 17:30:17] [[32minfo[39m]: [32mexpressReq.user : {"id":"698f28d799b35470f53dd6e2","role":"PROVIDER"}[39m
[2026-02-22 17:30:17] [[32minfo[39m]: [32m[GATEWAY PROXY] PATCH /provider/profile/push-notification → http://localhost:4000/api/provider/profile/push-notification[39m
[2026-02-22 17:30:17] [[32minfo[39m]: [32mexpressReq.user : {"id":"698f28d799b35470f53dd6e2","role":"PROVIDER"}[39m
[2026-02-22 17:30:17] [[32minfo[39m]: [32m[GATEWAY PROXY] PATCH /provider/profile/push-notification → http://localhost:4000/api/provider/profile/push-notification[39m
[2026-02-22 17:30:17] [[32minfo[39m]: [32mexpressReq.user : {"id":"698f28d799b35470f53dd6e2","role":"PROVIDER"}[39m
[2026-02-22 17:30:25] [[32minfo[39m]: [32m[GATEWAY PROXY] POST /auth/signout → http://localhost:4000/api/auth/signout[39m
[2026-02-22 17:30:25] [[32minfo[39m]: [32mexpressReq.user : undefined[39m
[2026-02-22 17:30:36] [[32minfo[39m]: [32m[GATEWAY PROXY] POST /auth/signin → http://localhost:4000/api/auth/signin[39m
[2026-02-22 17:30:36] [[32minfo[39m]: [32mexpressReq.user : undefined[39m
[2026-02-22 17:30:39] [[32minfo[39m]: [32m[GATEWAY PROXY] GET /socket.io/?EIO=4&transport=polling&t=p4ubnm5t → http://localhost:5000/socket.io/?EIO=4&transport=polling&t=p4ubnm5t[39m
[2026-02-22 17:30:39] [[32minfo[39m]: [32mexpressReq.user : {"id":"698f28d799b35470f53dd6e2","role":"PROVIDER"}[39m
[2026-02-22 17:30:39] [[32minfo[39m]: [32m[GATEWAY PROXY] POST /socket.io/?EIO=4&transport=polling&t=p4ukkod3&sid=tqTV7Epxehkq-RJxAAAE → http://localhost:5000/socket.io/?EIO=4&transport=polling&t=p4ukkod3&sid=tqTV7Epxehkq-RJxAAAE[39m
[2026-02-22 17:30:39] [[32minfo[39m]: [32mexpressReq.user : {"id":"698f28d799b35470f53dd6e2","role":"PROVIDER"}[39m
[2026-02-22 17:30:39] [[32minfo[39m]: [32m[GATEWAY PROXY] PATCH /provider/profile/push-notification → http://localhost:4000/api/provider/profile/push-notification[39m
[2026-02-22 17:30:39] [[32minfo[39m]: [32mexpressReq.user : {"id":"698f28d799b35470f53dd6e2","role":"PROVIDER"}[39m
[2026-02-22 17:30:39] [[32minfo[39m]: [32m[GATEWAY PROXY] GET /provider/dashboard/stats → http://localhost:4000/api/provider/dashboard/stats[39m
[2026-02-22 17:30:39] [[32minfo[39m]: [32mexpressReq.user : {"id":"698f28d799b35470f53dd6e2","role":"PROVIDER"}[39m
[2026-02-22 17:30:40] [[32minfo[39m]: [32m[GATEWAY PROXY] GET /socket.io/?EIO=4&transport=polling&t=p4ukqloc&sid=tqTV7Epxehkq-RJxAAAE → http://localhost:5000/socket.io/?EIO=4&transport=polling&t=p4ukqloc&sid=tqTV7Epxehkq-RJxAAAE[39m
[2026-02-22 17:30:40] [[32minfo[39m]: [32mexpressReq.user : {"id":"698f28d799b35470f53dd6e2","role":"PROVIDER"}[39m
[2026-02-22 17:30:40] [[32minfo[39m]: [32m[GATEWAY PROXY] PATCH /provider/profile/push-notification → http://localhost:4000/api/provider/profile/push-notification[39m
[2026-02-22 17:30:40] [[32minfo[39m]: [32mexpressReq.user : {"id":"698f28d799b35470f53dd6e2","role":"PROVIDER"}[39m
[2026-02-22 17:30:43] [[32minfo[39m]: [32m[GATEWAY PROXY] POST /auth/signout → http://localhost:4000/api/auth/signout[39m
[2026-02-22 17:30:43] [[32minfo[39m]: [32mexpressReq.user : undefined[39m
[2026-02-22 18:16:39] [[32minfo[39m]: [32m[GATEWAY PROXY] POST /auth/signin → http://localhost:4000/api/auth/signin[39m
[2026-02-22 18:16:39] [[32minfo[39m]: [32mexpressReq.user : undefined[39m
[2026-02-22 18:16:43] [[32minfo[39m]: [32m[GATEWAY PROXY] GET /socket.io/?EIO=4&transport=polling&t=qs2ywxsy → http://localhost:5000/socket.io/?EIO=4&transport=polling&t=qs2ywxsy[39m
[2026-02-22 18:16:43] [[32minfo[39m]: [32mexpressReq.user : {"id":"698f28d799b35470f53dd6e2","role":"PROVIDER"}[39m
[2026-02-22 18:16:43] [[32minfo[39m]: [32m[GATEWAY PROXY] PATCH /provider/profile/push-notification → http://localhost:4000/api/provider/profile/push-notification[39m
[2026-02-22 18:16:43] [[32minfo[39m]: [32mexpressReq.user : {"id":"698f28d799b35470f53dd6e2","role":"PROVIDER"}[39m
[2026-02-22 18:16:43] [[32minfo[39m]: [32m[GATEWAY PROXY] GET /provider/dashboard/stats → http://localhost:4000/api/provider/dashboard/stats[39m
[2026-02-22 18:16:43] [[32minfo[39m]: [32mexpressReq.user : {"id":"698f28d799b35470f53dd6e2","role":"PROVIDER"}[39m
[2026-02-22 18:16:43] [[32minfo[39m]: [32m[GATEWAY PROXY] POST /socket.io/?EIO=4&transport=polling&t=qs3i5bz4&sid=DZIJep1-IBWquMNbAAAA → http://localhost:5000/socket.io/?EIO=4&transport=polling&t=qs3i5bz4&sid=DZIJep1-IBWquMNbAAAA[39m
[2026-02-22 18:16:43] [[32minfo[39m]: [32mexpressReq.user : {"id":"698f28d799b35470f53dd6e2","role":"PROVIDER"}[39m
[2026-02-22 18:16:43] [[32minfo[39m]: [32m[GATEWAY PROXY] GET /socket.io/?EIO=4&transport=polling&t=qs3id2td&sid=DZIJep1-IBWquMNbAAAA → http://localhost:5000/socket.io/?EIO=4&transport=polling&t=qs3id2td&sid=DZIJep1-IBWquMNbAAAA[39m
[2026-02-22 18:16:43] [[32minfo[39m]: [32mexpressReq.user : {"id":"698f28d799b35470f53dd6e2","role":"PROVIDER"}[39m
[2026-02-22 18:16:44] [[32minfo[39m]: [32m[GATEWAY PROXY] PATCH /provider/profile/push-notification → http://localhost:4000/api/provider/profile/push-notification[39m
[2026-02-22 18:16:44] [[32minfo[39m]: [32mexpressReq.user : {"id":"698f28d799b35470f53dd6e2","role":"PROVIDER"}[39m
[2026-02-22 18:16:49] [[32minfo[39m]: [32m[GATEWAY PROXY] GET /provider/subscriptions?page=1&limit=10 → http://localhost:4000/api/provider/subscriptions?page=1&limit=10[39m
[2026-02-22 18:16:49] [[32minfo[39m]: [32mexpressReq.user : {"id":"698f28d799b35470f53dd6e2","role":"PROVIDER"}[39m
[2026-02-22 18:16:51] [[32minfo[39m]: [32m[GATEWAY PROXY] GET /provider/plans → http://localhost:4000/api/provider/plans[39m
[2026-02-22 18:16:51] [[32minfo[39m]: [32mexpressReq.user : {"id":"698f28d799b35470f53dd6e2","role":"PROVIDER"}[39m
[2026-02-22 18:17:02] [[32minfo[39m]: [32m[GATEWAY PROXY] POST /provider/subscriptions/checkout/session → http://localhost:4000/api/provider/subscriptions/checkout/session[39m
[2026-02-22 18:17:02] [[32minfo[39m]: [32mexpressReq.user : {"id":"698f28d799b35470f53dd6e2","role":"PROVIDER"}[39m
[2026-02-22 18:17:15] [[32minfo[39m]: [32m[GATEWAY PROXY] PATCH /provider/profile/push-notification → http://localhost:4000/api/provider/profile/push-notification[39m
[2026-02-22 18:17:15] [[32minfo[39m]: [32mexpressReq.user : {"id":"698f28d799b35470f53dd6e2","role":"PROVIDER"}[39m
[2026-02-22 18:17:15] [[32minfo[39m]: [32m[GATEWAY PROXY] GET /provider/dashboard/stats → http://localhost:4000/api/provider/dashboard/stats[39m
[2026-02-22 18:17:15] [[32minfo[39m]: [32mexpressReq.user : {"id":"698f28d799b35470f53dd6e2","role":"PROVIDER"}[39m
[2026-02-22 18:18:49] [[32minfo[39m]: [32m[GATEWAY PROXY] PATCH /provider/profile/push-notification → http://localhost:4000/api/provider/profile/push-notification[39m
[2026-02-22 18:18:49] [[32minfo[39m]: [32mexpressReq.user : {"id":"698f28d799b35470f53dd6e2","role":"PROVIDER"}[39m
[2026-02-22 18:19:06] [[32minfo[39m]: [32m[GATEWAY PROXY] PATCH /provider/profile/push-notification → http://localhost:4000/api/provider/profile/push-notification[39m
[2026-02-22 18:19:06] [[32minfo[39m]: [32mexpressReq.user : {"id":"698f28d799b35470f53dd6e2","role":"PROVIDER"}[39m
[2026-02-22 18:19:13] [[32minfo[39m]: [32m[GATEWAY PROXY] POST /auth/signout → http://localhost:4000/api/auth/signout[39m
[2026-02-22 18:19:13] [[32minfo[39m]: [32mexpressReq.user : undefined[39m
[2026-02-22 18:20:13] [[32minfo[39m]: [32m[GATEWAY PROXY] POST /auth/signin → http://localhost:4000/api/auth/signin[39m
[2026-02-22 18:20:13] [[32minfo[39m]: [32mexpressReq.user : undefined[39m
[2026-02-22 18:20:16] [[32minfo[39m]: [32m[GATEWAY PROXY] GET /socket.io/?EIO=4&transport=polling&t=qwnnh93x → http://localhost:5000/socket.io/?EIO=4&transport=polling&t=qwnnh93x[39m
[2026-02-22 18:20:16] [[32minfo[39m]: [32mexpressReq.user : {"id":"698f28d799b35470f53dd6e2","role":"PROVIDER"}[39m
[2026-02-22 18:20:16] [[32minfo[39m]: [32m[GATEWAY PROXY] PATCH /provider/profile/push-notification → http://localhost:4000/api/provider/profile/push-notification[39m
[2026-02-22 18:20:16] [[32minfo[39m]: [32mexpressReq.user : {"id":"698f28d799b35470f53dd6e2","role":"PROVIDER"}[39m
[2026-02-22 18:20:17] [[32minfo[39m]: [32m[GATEWAY PROXY] POST /socket.io/?EIO=4&transport=polling&t=qwny5n6x&sid=1xehW0rMS463p5tnAAAC → http://localhost:5000/socket.io/?EIO=4&transport=polling&t=qwny5n6x&sid=1xehW0rMS463p5tnAAAC[39m
[2026-02-22 18:20:17] [[32minfo[39m]: [32mexpressReq.user : {"id":"698f28d799b35470f53dd6e2","role":"PROVIDER"}[39m
[2026-02-22 18:20:17] [[32minfo[39m]: [32m[GATEWAY PROXY] GET /socket.io/?EIO=4&transport=polling&t=qwnydjcu&sid=1xehW0rMS463p5tnAAAC → http://localhost:5000/socket.io/?EIO=4&transport=polling&t=qwnydjcu&sid=1xehW0rMS463p5tnAAAC[39m
[2026-02-22 18:20:17] [[32minfo[39m]: [32mexpressReq.user : {"id":"698f28d799b35470f53dd6e2","role":"PROVIDER"}[39m
[2026-02-22 18:20:17] [[32minfo[39m]: [32m[GATEWAY PROXY] GET /provider/dashboard/stats → http://localhost:4000/api/provider/dashboard/stats[39m
[2026-02-22 18:20:17] [[32minfo[39m]: [32mexpressReq.user : {"id":"698f28d799b35470f53dd6e2","role":"PROVIDER"}[39m
[2026-02-22 18:20:17] [[32minfo[39m]: [32m[GATEWAY PROXY] PATCH /provider/profile/push-notification → http://localhost:4000/api/provider/profile/push-notification[39m
[2026-02-22 18:20:17] [[32minfo[39m]: [32mexpressReq.user : {"id":"698f28d799b35470f53dd6e2","role":"PROVIDER"}[39m
[2026-02-22 18:20:30] [[32minfo[39m]: [32m[GATEWAY PROXY] POST /auth/signout → http://localhost:4000/api/auth/signout[39m
[2026-02-22 18:20:30] [[32minfo[39m]: [32mexpressReq.user : undefined[39m
[2026-02-22 18:23:25] [[32minfo[39m]: [32m[SLOTFLOW API GATEWAY] running on http://localhost:3000[39m
[2026-02-22 18:28:19] [[32minfo[39m]: [32m[GATEWAY PROXY] POST /auth/signin → http://localhost:4000/api/auth/signin[39m
[2026-02-22 18:28:19] [[32minfo[39m]: [32mexpressReq.user : undefined[39m
[2026-02-22 18:28:23] [[32minfo[39m]: [32m[GATEWAY PROXY] GET /socket.io/?EIO=4&transport=polling&t=r73649ya → http://localhost:5000/socket.io/?EIO=4&transport=polling&t=r73649ya[39m
[2026-02-22 18:28:23] [[32minfo[39m]: [32mexpressReq.user : {"id":"698f28d799b35470f53dd6e2","role":"PROVIDER"}[39m
[2026-02-22 18:28:23] [[32minfo[39m]: [32m[GATEWAY PROXY] PATCH /provider/profile/push-notification → http://localhost:4000/api/provider/profile/push-notification[39m
[2026-02-22 18:28:23] [[32minfo[39m]: [32mexpressReq.user : {"id":"698f28d799b35470f53dd6e2","role":"PROVIDER"}[39m
[2026-02-22 18:28:23] [[32minfo[39m]: [32m[GATEWAY PROXY] GET /provider/dashboard/stats → http://localhost:4000/api/provider/dashboard/stats[39m
[2026-02-22 18:28:23] [[32minfo[39m]: [32mexpressReq.user : {"id":"698f28d799b35470f53dd6e2","role":"PROVIDER"}[39m
[2026-02-22 18:28:24] [[32minfo[39m]: [32m[GATEWAY PROXY] POST /socket.io/?EIO=4&transport=polling&t=r73r0c4e&sid=E2RHdyXBaKKMFowdAAAA → http://localhost:5000/socket.io/?EIO=4&transport=polling&t=r73r0c4e&sid=E2RHdyXBaKKMFowdAAAA[39m
[2026-02-22 18:28:24] [[32minfo[39m]: [32mexpressReq.user : {"id":"698f28d799b35470f53dd6e2","role":"PROVIDER"}[39m
[2026-02-22 18:28:24] [[32minfo[39m]: [32m[GATEWAY PROXY] GET /socket.io/?EIO=4&transport=polling&t=r73r84ac&sid=E2RHdyXBaKKMFowdAAAA → http://localhost:5000/socket.io/?EIO=4&transport=polling&t=r73r84ac&sid=E2RHdyXBaKKMFowdAAAA[39m
[2026-02-22 18:28:24] [[32minfo[39m]: [32mexpressReq.user : {"id":"698f28d799b35470f53dd6e2","role":"PROVIDER"}[39m
[2026-02-22 18:28:24] [[32minfo[39m]: [32m[GATEWAY PROXY] PATCH /provider/profile/push-notification → http://localhost:4000/api/provider/profile/push-notification[39m
[2026-02-22 18:28:24] [[32minfo[39m]: [32mexpressReq.user : {"id":"698f28d799b35470f53dd6e2","role":"PROVIDER"}[39m
[2026-02-22 18:28:38] [[32minfo[39m]: [32m[GATEWAY PROXY] GET /provider/subscriptions?page=1&limit=10 → http://localhost:4000/api/provider/subscriptions?page=1&limit=10[39m
[2026-02-22 18:28:38] [[32minfo[39m]: [32mexpressReq.user : {"id":"698f28d799b35470f53dd6e2","role":"PROVIDER"}[39m
[2026-02-22 18:28:41] [[32minfo[39m]: [32m[GATEWAY PROXY] GET /provider/plans → http://localhost:4000/api/provider/plans[39m
[2026-02-22 18:28:41] [[32minfo[39m]: [32mexpressReq.user : {"id":"698f28d799b35470f53dd6e2","role":"PROVIDER"}[39m
[2026-02-22 18:28:47] [[32minfo[39m]: [32m[GATEWAY PROXY] POST /provider/subscriptions/checkout/session → http://localhost:4000/api/provider/subscriptions/checkout/session[39m
[2026-02-22 18:28:47] [[32minfo[39m]: [32mexpressReq.user : {"id":"698f28d799b35470f53dd6e2","role":"PROVIDER"}[39m
[2026-02-22 18:36:07] [[32minfo[39m]: [32m[GATEWAY PROXY] GET /provider/dashboard/stats → http://localhost:4000/api/provider/dashboard/stats[39m
[2026-02-22 18:36:07] [[32minfo[39m]: [32mexpressReq.user : {"id":"698f28d799b35470f53dd6e2","role":"PROVIDER"}[39m
[2026-02-22 18:36:07] [[32minfo[39m]: [32m[GATEWAY PROXY] PATCH /provider/profile/push-notification → http://localhost:4000/api/provider/profile/push-notification[39m
[2026-02-22 18:36:07] [[32minfo[39m]: [32mexpressReq.user : {"id":"698f28d799b35470f53dd6e2","role":"PROVIDER"}[39m
[2026-02-22 19:24:22] [[32minfo[39m]: [32m[GATEWAY PROXY] GET /provider/dashboard/stats → http://localhost:4000/api/provider/dashboard/stats[39m
[2026-02-22 19:24:22] [[32minfo[39m]: [32mexpressReq.user : {"id":"698f28d799b35470f53dd6e2","role":"PROVIDER"}[39m
[2026-02-22 19:24:22] [[32minfo[39m]: [32m[GATEWAY PROXY] PATCH /provider/profile/push-notification → http://localhost:4000/api/provider/profile/push-notification[39m
[2026-02-22 19:24:22] [[32minfo[39m]: [32mexpressReq.user : {"id":"698f28d799b35470f53dd6e2","role":"PROVIDER"}[39m
[2026-02-22 19:25:52] [[32minfo[39m]: [32m[GATEWAY PROXY] PATCH /provider/profile/push-notification → http://localhost:4000/api/provider/profile/push-notification[39m
[2026-02-22 19:25:52] [[32minfo[39m]: [32mexpressReq.user : {"id":"698f28d799b35470f53dd6e2","role":"PROVIDER"}[39m
[2026-02-22 19:25:52] [[32minfo[39m]: [32m[GATEWAY PROXY] PATCH /provider/profile/push-notification → http://localhost:4000/api/provider/profile/push-notification[39m
[2026-02-22 19:25:52] [[32minfo[39m]: [32mexpressReq.user : {"id":"698f28d799b35470f53dd6e2","role":"PROVIDER"}[39m
[2026-02-22 19:25:52] [[32minfo[39m]: [32m[GATEWAY PROXY] PATCH /provider/profile/push-notification → http://localhost:4000/api/provider/profile/push-notification[39m
[2026-02-22 19:25:52] [[32minfo[39m]: [32mexpressReq.user : {"id":"698f28d799b35470f53dd6e2","role":"PROVIDER"}[39m
[2026-02-22 19:25:52] [[32minfo[39m]: [32m[GATEWAY PROXY] PATCH /provider/profile/push-notification → http://localhost:4000/api/provider/profile/push-notification[39m
[2026-02-22 19:25:52] [[32minfo[39m]: [32mexpressReq.user : {"id":"698f28d799b35470f53dd6e2","role":"PROVIDER"}[39m
[2026-02-22 19:25:52] [[32minfo[39m]: [32m[GATEWAY PROXY] GET /provider/dashboard/stats → http://localhost:4000/api/provider/dashboard/stats[39m
[2026-02-22 19:25:52] [[32minfo[39m]: [32mexpressReq.user : {"id":"698f28d799b35470f53dd6e2","role":"PROVIDER"}[39m
[2026-02-22 19:25:52] [[32minfo[39m]: [32m[GATEWAY PROXY] PATCH /provider/profile/push-notification → http://localhost:4000/api/provider/profile/push-notification[39m
[2026-02-22 19:25:52] [[32minfo[39m]: [32mexpressReq.user : {"id":"698f28d799b35470f53dd6e2","role":"PROVIDER"}[39m
[2026-02-22 19:25:53] [[32minfo[39m]: [32m[GATEWAY PROXY] PATCH /provider/profile/push-notification → http://localhost:4000/api/provider/profile/push-notification[39m
[2026-02-22 19:25:53] [[32minfo[39m]: [32mexpressReq.user : {"id":"698f28d799b35470f53dd6e2","role":"PROVIDER"}[39m
[2026-02-22 19:25:53] [[32minfo[39m]: [32m[GATEWAY PROXY] PATCH /provider/profile/push-notification → http://localhost:4000/api/provider/profile/push-notification[39m
[2026-02-22 19:25:53] [[32minfo[39m]: [32mexpressReq.user : {"id":"698f28d799b35470f53dd6e2","role":"PROVIDER"}[39m
[2026-02-22 19:25:53] [[32minfo[39m]: [32m[GATEWAY PROXY] PATCH /provider/profile/push-notification → http://localhost:4000/api/provider/profile/push-notification[39m
[2026-02-22 19:25:53] [[32minfo[39m]: [32mexpressReq.user : {"id":"698f28d799b35470f53dd6e2","role":"PROVIDER"}[39m
[2026-02-22 19:25:53] [[32minfo[39m]: [32m[GATEWAY PROXY] PATCH /provider/profile/push-notification → http://localhost:4000/api/provider/profile/push-notification[39m
[2026-02-22 19:25:53] [[32minfo[39m]: [32mexpressReq.user : {"id":"698f28d799b35470f53dd6e2","role":"PROVIDER"}[39m
[2026-02-22 19:25:54] [[32minfo[39m]: [32m[GATEWAY PROXY] PATCH /provider/profile/push-notification → http://localhost:4000/api/provider/profile/push-notification[39m
[2026-02-22 19:25:54] [[32minfo[39m]: [32mexpressReq.user : {"id":"698f28d799b35470f53dd6e2","role":"PROVIDER"}[39m
[2026-02-22 19:25:54] [[32minfo[39m]: [32m[GATEWAY PROXY] PATCH /provider/profile/push-notification → http://localhost:4000/api/provider/profile/push-notification[39m
[2026-02-22 19:25:54] [[32minfo[39m]: [32mexpressReq.user : {"id":"698f28d799b35470f53dd6e2","role":"PROVIDER"}[39m
[2026-02-22 19:25:55] [[32minfo[39m]: [32m[GATEWAY PROXY] GET /socket.io/?EIO=4&transport=polling&t=t92ifks9 → http://localhost:5000/socket.io/?EIO=4&transport=polling&t=t92ifks9[39m
[2026-02-22 19:25:55] [[32minfo[39m]: [32mexpressReq.user : {"id":"698f28d799b35470f53dd6e2","role":"PROVIDER"}[39m
[2026-02-22 19:25:55] [[32minfo[39m]: [32m[GATEWAY PROXY] PATCH /provider/profile/push-notification → http://localhost:4000/api/provider/profile/push-notification[39m
[2026-02-22 19:25:55] [[32minfo[39m]: [32mexpressReq.user : {"id":"698f28d799b35470f53dd6e2","role":"PROVIDER"}[39m
[2026-02-22 19:25:55] [[32minfo[39m]: [32m[GATEWAY PROXY] POST /socket.io/?EIO=4&transport=polling&t=t92wj067&sid=MbqourKiOl0FUg_SAAAC → http://localhost:5000/socket.io/?EIO=4&transport=polling&t=t92wj067&sid=MbqourKiOl0FUg_SAAAC[39m
[2026-02-22 19:25:55] [[32minfo[39m]: [32mexpressReq.user : {"id":"698f28d799b35470f53dd6e2","role":"PROVIDER"}[39m
[2026-02-22 19:25:55] [[32minfo[39m]: [32m[GATEWAY PROXY] GET /socket.io/?EIO=4&transport=polling&t=t92ww6fd&sid=MbqourKiOl0FUg_SAAAC → http://localhost:5000/socket.io/?EIO=4&transport=polling&t=t92ww6fd&sid=MbqourKiOl0FUg_SAAAC[39m
[2026-02-22 19:25:55] [[32minfo[39m]: [32mexpressReq.user : {"id":"698f28d799b35470f53dd6e2","role":"PROVIDER"}[39m
[2026-02-22 19:26:01] [[32minfo[39m]: [32m[GATEWAY PROXY] PATCH /provider/profile/push-notification → http://localhost:4000/api/provider/profile/push-notification[39m
[2026-02-22 19:26:01] [[32minfo[39m]: [32mexpressReq.user : {"id":"698f28d799b35470f53dd6e2","role":"PROVIDER"}[39m
[2026-02-22 19:28:30] [[32minfo[39m]: [32m[GATEWAY PROXY] GET /provider/dashboard/stats → http://localhost:4000/api/provider/dashboard/stats[39m
[2026-02-22 19:28:30] [[32minfo[39m]: [32mexpressReq.user : {"id":"698f28d799b35470f53dd6e2","role":"PROVIDER"}[39m
[2026-02-22 19:28:30] [[32minfo[39m]: [32m[GATEWAY PROXY] GET /socket.io/?EIO=4&transport=polling&t=tcdnrlmw → http://localhost:5000/socket.io/?EIO=4&transport=polling&t=tcdnrlmw[39m
[2026-02-22 19:28:30] [[32minfo[39m]: [32mexpressReq.user : {"id":"698f28d799b35470f53dd6e2","role":"PROVIDER"}[39m
[2026-02-22 19:28:30] [[32minfo[39m]: [32m[GATEWAY PROXY] PATCH /provider/profile/push-notification → http://localhost:4000/api/provider/profile/push-notification[39m
[2026-02-22 19:28:30] [[32minfo[39m]: [32mexpressReq.user : {"id":"698f28d799b35470f53dd6e2","role":"PROVIDER"}[39m
[2026-02-22 19:28:30] [[32minfo[39m]: [32m[GATEWAY PROXY] POST /socket.io/?EIO=4&transport=polling&t=tcelw767&sid=j3HY4FLb3lEiCf9PAAAE → http://localhost:5000/socket.io/?EIO=4&transport=polling&t=tcelw767&sid=j3HY4FLb3lEiCf9PAAAE[39m
[2026-02-22 19:28:30] [[32minfo[39m]: [32mexpressReq.user : {"id":"698f28d799b35470f53dd6e2","role":"PROVIDER"}[39m
[2026-02-22 19:28:30] [[32minfo[39m]: [32m[GATEWAY PROXY] GET /socket.io/?EIO=4&transport=polling&t=tcemctxw&sid=j3HY4FLb3lEiCf9PAAAE → http://localhost:5000/socket.io/?EIO=4&transport=polling&t=tcemctxw&sid=j3HY4FLb3lEiCf9PAAAE[39m
[2026-02-22 19:28:30] [[32minfo[39m]: [32mexpressReq.user : {"id":"698f28d799b35470f53dd6e2","role":"PROVIDER"}[39m
[2026-02-22 19:29:01] [[32minfo[39m]: [32m[GATEWAY PROXY] PATCH /provider/profile/push-notification → http://localhost:4000/api/provider/profile/push-notification[39m
[2026-02-22 19:29:01] [[32minfo[39m]: [32mexpressReq.user : {"id":"698f28d799b35470f53dd6e2","role":"PROVIDER"}[39m
[2026-02-22 19:29:01] [[32minfo[39m]: [32m[GATEWAY PROXY] GET /socket.io/?EIO=4&transport=polling&t=td1ylayr → http://localhost:5000/socket.io/?EIO=4&transport=polling&t=td1ylayr[39m
[2026-02-22 19:29:01] [[32minfo[39m]: [32mexpressReq.user : {"id":"698f28d799b35470f53dd6e2","role":"PROVIDER"}[39m
[2026-02-22 19:29:02] [[32minfo[39m]: [32m[GATEWAY PROXY] POST /socket.io/?EIO=4&transport=polling&t=td2xiu7p&sid=Q5pl2hcCWq-qNHBPAAAG → http://localhost:5000/socket.io/?EIO=4&transport=polling&t=td2xiu7p&sid=Q5pl2hcCWq-qNHBPAAAG[39m
[2026-02-22 19:29:02] [[32minfo[39m]: [32mexpressReq.user : {"id":"698f28d799b35470f53dd6e2","role":"PROVIDER"}[39m
[2026-02-22 19:29:02] [[32minfo[39m]: [32m[GATEWAY PROXY] GET /socket.io/?EIO=4&transport=polling&t=td2xv10j&sid=Q5pl2hcCWq-qNHBPAAAG → http://localhost:5000/socket.io/?EIO=4&transport=polling&t=td2xv10j&sid=Q5pl2hcCWq-qNHBPAAAG[39m
[2026-02-22 19:29:02] [[32minfo[39m]: [32mexpressReq.user : {"id":"698f28d799b35470f53dd6e2","role":"PROVIDER"}[39m
[2026-02-22 19:34:11] [[32minfo[39m]: [32m[GATEWAY PROXY] PATCH /provider/profile/push-notification → http://localhost:4000/api/provider/profile/push-notification[39m
[2026-02-22 19:34:11] [[32minfo[39m]: [32mexpressReq.user : {"id":"698f28d799b35470f53dd6e2","role":"PROVIDER"}[39m
[2026-02-22 19:34:16] [[32minfo[39m]: [32m[GATEWAY PROXY] GET /provider/dashboard/stats → http://localhost:4000/api/provider/dashboard/stats[39m
[2026-02-22 19:34:16] [[32minfo[39m]: [32mexpressReq.user : {"id":"698f28d799b35470f53dd6e2","role":"PROVIDER"}[39m
[2026-02-22 19:34:17] [[32minfo[39m]: [32m[GATEWAY PROXY] PATCH /provider/profile/push-notification → http://localhost:4000/api/provider/profile/push-notification[39m
[2026-02-22 19:34:17] [[32minfo[39m]: [32mexpressReq.user : {"id":"698f28d799b35470f53dd6e2","role":"PROVIDER"}[39m
[2026-02-22 19:34:17] [[32minfo[39m]: [32m[GATEWAY PROXY] PATCH /provider/profile/push-notification → http://localhost:4000/api/provider/profile/push-notification[39m
[2026-02-22 19:34:17] [[32minfo[39m]: [32mexpressReq.user : {"id":"698f28d799b35470f53dd6e2","role":"PROVIDER"}[39m
[2026-02-22 19:34:18] [[32minfo[39m]: [32m[GATEWAY PROXY] PATCH /provider/profile/push-notification → http://localhost:4000/api/provider/profile/push-notification[39m
[2026-02-22 19:34:18] [[32minfo[39m]: [32mexpressReq.user : {"id":"698f28d799b35470f53dd6e2","role":"PROVIDER"}[39m
[2026-02-22 19:34:18] [[32minfo[39m]: [32m[GATEWAY PROXY] PATCH /provider/profile/push-notification → http://localhost:4000/api/provider/profile/push-notification[39m
[2026-02-22 19:34:18] [[32minfo[39m]: [32mexpressReq.user : {"id":"698f28d799b35470f53dd6e2","role":"PROVIDER"}[39m
[2026-02-22 19:34:18] [[32minfo[39m]: [32m[GATEWAY PROXY] PATCH /provider/profile/push-notification → http://localhost:4000/api/provider/profile/push-notification[39m
[2026-02-22 19:34:18] [[32minfo[39m]: [32mexpressReq.user : {"id":"698f28d799b35470f53dd6e2","role":"PROVIDER"}[39m
[2026-02-22 19:34:19] [[32minfo[39m]: [32m[GATEWAY PROXY] PATCH /provider/profile/push-notification → http://localhost:4000/api/provider/profile/push-notification[39m
[2026-02-22 19:34:19] [[32minfo[39m]: [32mexpressReq.user : {"id":"698f28d799b35470f53dd6e2","role":"PROVIDER"}[39m
[2026-02-22 19:34:19] [[32minfo[39m]: [32m[GATEWAY PROXY] PATCH /provider/profile/push-notification → http://localhost:4000/api/provider/profile/push-notification[39m
[2026-02-22 19:34:19] [[32minfo[39m]: [32mexpressReq.user : {"id":"698f28d799b35470f53dd6e2","role":"PROVIDER"}[39m
[2026-02-22 19:34:19] [[32minfo[39m]: [32m[GATEWAY PROXY] PATCH /provider/profile/push-notification → http://localhost:4000/api/provider/profile/push-notification[39m
[2026-02-22 19:34:19] [[32minfo[39m]: [32mexpressReq.user : {"id":"698f28d799b35470f53dd6e2","role":"PROVIDER"}[39m
[2026-02-22 19:34:20] [[32minfo[39m]: [32m[GATEWAY PROXY] PATCH /provider/profile/push-notification → http://localhost:4000/api/provider/profile/push-notification[39m
[2026-02-22 19:34:20] [[32minfo[39m]: [32mexpressReq.user : {"id":"698f28d799b35470f53dd6e2","role":"PROVIDER"}[39m
[2026-02-22 19:34:20] [[32minfo[39m]: [32m[GATEWAY PROXY] PATCH /provider/profile/push-notification → http://localhost:4000/api/provider/profile/push-notification[39m
[2026-02-22 19:34:20] [[32minfo[39m]: [32mexpressReq.user : {"id":"698f28d799b35470f53dd6e2","role":"PROVIDER"}[39m
[2026-02-22 19:34:20] [[32minfo[39m]: [32m[GATEWAY PROXY] PATCH /provider/profile/push-notification → http://localhost:4000/api/provider/profile/push-notification[39m
[2026-02-22 19:34:20] [[32minfo[39m]: [32mexpressReq.user : {"id":"698f28d799b35470f53dd6e2","role":"PROVIDER"}[39m
[2026-02-22 19:34:20] [[32minfo[39m]: [32m[GATEWAY PROXY] PATCH /provider/profile/push-notification → http://localhost:4000/api/provider/profile/push-notification[39m
[2026-02-22 19:34:20] [[32minfo[39m]: [32mexpressReq.user : {"id":"698f28d799b35470f53dd6e2","role":"PROVIDER"}[39m
[2026-02-22 19:34:20] [[32minfo[39m]: [32m[GATEWAY PROXY] PATCH /provider/profile/push-notification → http://localhost:4000/api/provider/profile/push-notification[39m
[2026-02-22 19:34:20] [[32minfo[39m]: [32mexpressReq.user : {"id":"698f28d799b35470f53dd6e2","role":"PROVIDER"}[39m
[2026-02-22 19:34:21] [[32minfo[39m]: [32m[GATEWAY PROXY] PATCH /provider/profile/push-notification → http://localhost:4000/api/provider/profile/push-notification[39m
[2026-02-22 19:34:21] [[32minfo[39m]: [32mexpressReq.user : {"id":"698f28d799b35470f53dd6e2","role":"PROVIDER"}[39m
[2026-02-22 19:34:21] [[32minfo[39m]: [32m[GATEWAY PROXY] PATCH /provider/profile/push-notification → http://localhost:4000/api/provider/profile/push-notification[39m
[2026-02-22 19:34:21] [[32minfo[39m]: [32mexpressReq.user : {"id":"698f28d799b35470f53dd6e2","role":"PROVIDER"}[39m
[2026-02-22 19:34:21] [[32minfo[39m]: [32m[GATEWAY PROXY] PATCH /provider/profile/push-notification → http://localhost:4000/api/provider/profile/push-notification[39m
[2026-02-22 19:34:21] [[32minfo[39m]: [32mexpressReq.user : {"id":"698f28d799b35470f53dd6e2","role":"PROVIDER"}[39m
[2026-02-22 19:34:21] [[32minfo[39m]: [32m[GATEWAY PROXY] PATCH /provider/profile/push-notification → http://localhost:4000/api/provider/profile/push-notification[39m
[2026-02-22 19:34:21] [[32minfo[39m]: [32mexpressReq.user : {"id":"698f28d799b35470f53dd6e2","role":"PROVIDER"}[39m
[2026-02-22 19:34:22] [[32minfo[39m]: [32m[GATEWAY PROXY] PATCH /provider/profile/push-notification → http://localhost:4000/api/provider/profile/push-notification[39m
[2026-02-22 19:34:22] [[32minfo[39m]: [32mexpressReq.user : {"id":"698f28d799b35470f53dd6e2","role":"PROVIDER"}[39m
[2026-02-22 19:34:22] [[32minfo[39m]: [32m[GATEWAY PROXY] PATCH /provider/profile/push-notification → http://localhost:4000/api/provider/profile/push-notification[39m
[2026-02-22 19:34:22] [[32minfo[39m]: [32mexpressReq.user : {"id":"698f28d799b35470f53dd6e2","role":"PROVIDER"}[39m
[2026-02-22 19:34:22] [[32minfo[39m]: [32m[GATEWAY PROXY] PATCH /provider/profile/push-notification → http://localhost:4000/api/provider/profile/push-notification[39m
[2026-02-22 19:34:22] [[32minfo[39m]: [32mexpressReq.user : {"id":"698f28d799b35470f53dd6e2","role":"PROVIDER"}[39m
[2026-02-22 19:34:22] [[32minfo[39m]: [32m[GATEWAY PROXY] PATCH /provider/profile/push-notification → http://localhost:4000/api/provider/profile/push-notification[39m
[2026-02-22 19:34:22] [[32minfo[39m]: [32mexpressReq.user : {"id":"698f28d799b35470f53dd6e2","role":"PROVIDER"}[39m
[2026-02-22 19:34:22] [[32minfo[39m]: [32m[GATEWAY PROXY] PATCH /provider/profile/push-notification → http://localhost:4000/api/provider/profile/push-notification[39m
[2026-02-22 19:34:22] [[32minfo[39m]: [32mexpressReq.user : {"id":"698f28d799b35470f53dd6e2","role":"PROVIDER"}[39m
[2026-02-22 19:34:22] [[32minfo[39m]: [32m[GATEWAY PROXY] PATCH /provider/profile/push-notification → http://localhost:4000/api/provider/profile/push-notification[39m
[2026-02-22 19:34:22] [[32minfo[39m]: [32mexpressReq.user : {"id":"698f28d799b35470f53dd6e2","role":"PROVIDER"}[39m
[2026-02-22 19:34:23] [[32minfo[39m]: [32m[GATEWAY PROXY] PATCH /provider/profile/push-notification → http://localhost:4000/api/provider/profile/push-notification[39m
[2026-02-22 19:34:23] [[32minfo[39m]: [32mexpressReq.user : {"id":"698f28d799b35470f53dd6e2","role":"PROVIDER"}[39m
[2026-02-22 19:34:23] [[32minfo[39m]: [32m[GATEWAY PROXY] PATCH /provider/profile/push-notification → http://localhost:4000/api/provider/profile/push-notification[39m
[2026-02-22 19:34:23] [[32minfo[39m]: [32mexpressReq.user : {"id":"698f28d799b35470f53dd6e2","role":"PROVIDER"}[39m
[2026-02-22 19:34:23] [[32minfo[39m]: [32m[GATEWAY PROXY] PATCH /provider/profile/push-notification → http://localhost:4000/api/provider/profile/push-notification[39m
[2026-02-22 19:34:23] [[32minfo[39m]: [32mexpressReq.user : {"id":"698f28d799b35470f53dd6e2","role":"PROVIDER"}[39m
[2026-02-22 19:34:23] [[32minfo[39m]: [32m[GATEWAY PROXY] PATCH /provider/profile/push-notification → http://localhost:4000/api/provider/profile/push-notification[39m
[2026-02-22 19:34:23] [[32minfo[39m]: [32mexpressReq.user : {"id":"698f28d799b35470f53dd6e2","role":"PROVIDER"}[39m
[2026-02-22 19:34:23] [[32minfo[39m]: [32m[GATEWAY PROXY] PATCH /provider/profile/push-notification → http://localhost:4000/api/provider/profile/push-notification[39m
[2026-02-22 19:34:23] [[32minfo[39m]: [32mexpressReq.user : {"id":"698f28d799b35470f53dd6e2","role":"PROVIDER"}[39m
[2026-02-22 19:34:24] [[32minfo[39m]: [32m[GATEWAY PROXY] PATCH /provider/profile/push-notification → http://localhost:4000/api/provider/profile/push-notification[39m
[2026-02-22 19:34:24] [[32minfo[39m]: [32mexpressReq.user : {"id":"698f28d799b35470f53dd6e2","role":"PROVIDER"}[39m
[2026-02-22 19:34:24] [[32minfo[39m]: [32m[GATEWAY PROXY] PATCH /provider/profile/push-notification → http://localhost:4000/api/provider/profile/push-notification[39m
[2026-02-22 19:34:24] [[32minfo[39m]: [32mexpressReq.user : {"id":"698f28d799b35470f53dd6e2","role":"PROVIDER"}[39m
[2026-02-22 19:34:24] [[32minfo[39m]: [32m[GATEWAY PROXY] PATCH /provider/profile/push-notification → http://localhost:4000/api/provider/profile/push-notification[39m
[2026-02-22 19:34:24] [[32minfo[39m]: [32mexpressReq.user : {"id":"698f28d799b35470f53dd6e2","role":"PROVIDER"}[39m
[2026-02-22 19:34:24] [[32minfo[39m]: [32m[GATEWAY PROXY] PATCH /provider/profile/push-notification → http://localhost:4000/api/provider/profile/push-notification[39m
[2026-02-22 19:34:24] [[32minfo[39m]: [32mexpressReq.user : {"id":"698f28d799b35470f53dd6e2","role":"PROVIDER"}[39m
[2026-02-22 19:34:25] [[32minfo[39m]: [32m[GATEWAY PROXY] PATCH /provider/profile/push-notification → http://localhost:4000/api/provider/profile/push-notification[39m
[2026-02-22 19:34:25] [[32minfo[39m]: [32mexpressReq.user : {"id":"698f28d799b35470f53dd6e2","role":"PROVIDER"}[39m
[2026-02-22 19:34:25] [[32minfo[39m]: [32m[GATEWAY PROXY] PATCH /provider/profile/push-notification → http://localhost:4000/api/provider/profile/push-notification[39m
[2026-02-22 19:34:25] [[32minfo[39m]: [32mexpressReq.user : {"id":"698f28d799b35470f53dd6e2","role":"PROVIDER"}[39m
[2026-02-22 19:34:25] [[32minfo[39m]: [32m[GATEWAY PROXY] PATCH /provider/profile/push-notification → http://localhost:4000/api/provider/profile/push-notification[39m
[2026-02-22 19:34:25] [[32minfo[39m]: [32mexpressReq.user : {"id":"698f28d799b35470f53dd6e2","role":"PROVIDER"}[39m
[2026-02-22 19:34:25] [[32minfo[39m]: [32m[GATEWAY PROXY] PATCH /provider/profile/push-notification → http://localhost:4000/api/provider/profile/push-notification[39m
[2026-02-22 19:34:25] [[32minfo[39m]: [32mexpressReq.user : {"id":"698f28d799b35470f53dd6e2","role":"PROVIDER"}[39m
[2026-02-22 19:34:26] [[32minfo[39m]: [32m[GATEWAY PROXY] PATCH /provider/profile/push-notification → http://localhost:4000/api/provider/profile/push-notification[39m
[2026-02-22 19:34:26] [[32minfo[39m]: [32mexpressReq.user : {"id":"698f28d799b35470f53dd6e2","role":"PROVIDER"}[39m
[2026-02-22 19:34:26] [[32minfo[39m]: [32m[GATEWAY PROXY] PATCH /provider/profile/push-notification → http://localhost:4000/api/provider/profile/push-notification[39m
[2026-02-22 19:34:26] [[32minfo[39m]: [32mexpressReq.user : {"id":"698f28d799b35470f53dd6e2","role":"PROVIDER"}[39m
[2026-02-22 19:34:26] [[32minfo[39m]: [32m[GATEWAY PROXY] PATCH /provider/profile/push-notification → http://localhost:4000/api/provider/profile/push-notification[39m
[2026-02-22 19:34:26] [[32minfo[39m]: [32mexpressReq.user : {"id":"698f28d799b35470f53dd6e2","role":"PROVIDER"}[39m
[2026-02-22 19:34:26] [[32minfo[39m]: [32m[GATEWAY PROXY] PATCH /provider/profile/push-notification → http://localhost:4000/api/provider/profile/push-notification[39m
[2026-02-22 19:34:26] [[32minfo[39m]: [32mexpressReq.user : {"id":"698f28d799b35470f53dd6e2","role":"PROVIDER"}[39m
[2026-02-22 19:34:26] [[32minfo[39m]: [32m[GATEWAY PROXY] PATCH /provider/profile/push-notification → http://localhost:4000/api/provider/profile/push-notification[39m
[2026-02-22 19:34:26] [[32minfo[39m]: [32mexpressReq.user : {"id":"698f28d799b35470f53dd6e2","role":"PROVIDER"}[39m
[2026-02-22 19:34:27] [[32minfo[39m]: [32m[GATEWAY PROXY] PATCH /provider/profile/push-notification → http://localhost:4000/api/provider/profile/push-notification[39m
[2026-02-22 19:34:27] [[32minfo[39m]: [32mexpressReq.user : {"id":"698f28d799b35470f53dd6e2","role":"PROVIDER"}[39m
[2026-02-22 19:34:27] [[32minfo[39m]: [32m[GATEWAY PROXY] PATCH /provider/profile/push-notification → http://localhost:4000/api/provider/profile/push-notification[39m
[2026-02-22 19:34:27] [[32minfo[39m]: [32mexpressReq.user : {"id":"698f28d799b35470f53dd6e2","role":"PROVIDER"}[39m
[2026-02-22 19:34:27] [[32minfo[39m]: [32m[GATEWAY PROXY] PATCH /provider/profile/push-notification → http://localhost:4000/api/provider/profile/push-notification[39m
[2026-02-22 19:34:27] [[32minfo[39m]: [32mexpressReq.user : {"id":"698f28d799b35470f53dd6e2","role":"PROVIDER"}[39m
[2026-02-22 19:34:27] [[32minfo[39m]: [32m[GATEWAY PROXY] PATCH /provider/profile/push-notification → http://localhost:4000/api/provider/profile/push-notification[39m
[2026-02-22 19:34:27] [[32minfo[39m]: [32mexpressReq.user : {"id":"698f28d799b35470f53dd6e2","role":"PROVIDER"}[39m
[2026-02-22 19:34:28] [[32minfo[39m]: [32m[GATEWAY PROXY] PATCH /provider/profile/push-notification → http://localhost:4000/api/provider/profile/push-notification[39m
[2026-02-22 19:34:28] [[32minfo[39m]: [32mexpressReq.user : {"id":"698f28d799b35470f53dd6e2","role":"PROVIDER"}[39m
[2026-02-22 19:34:28] [[32minfo[39m]: [32m[GATEWAY PROXY] PATCH /provider/profile/push-notification → http://localhost:4000/api/provider/profile/push-notification[39m
[2026-02-22 19:34:28] [[32minfo[39m]: [32mexpressReq.user : {"id":"698f28d799b35470f53dd6e2","role":"PROVIDER"}[39m
[2026-02-22 19:34:28] [[32minfo[39m]: [32m[GATEWAY PROXY] PATCH /provider/profile/push-notification → http://localhost:4000/api/provider/profile/push-notification[39m
[2026-02-22 19:34:28] [[32minfo[39m]: [32mexpressReq.user : {"id":"698f28d799b35470f53dd6e2","role":"PROVIDER"}[39m
[2026-02-22 19:34:28] [[32minfo[39m]: [32m[GATEWAY PROXY] PATCH /provider/profile/push-notification → http://localhost:4000/api/provider/profile/push-notification[39m
[2026-02-22 19:34:28] [[32minfo[39m]: [32mexpressReq.user : {"id":"698f28d799b35470f53dd6e2","role":"PROVIDER"}[39m
[2026-02-22 19:34:28] [[32minfo[39m]: [32m[GATEWAY PROXY] PATCH /provider/profile/push-notification → http://localhost:4000/api/provider/profile/push-notification[39m
[2026-02-22 19:34:28] [[32minfo[39m]: [32mexpressReq.user : {"id":"698f28d799b35470f53dd6e2","role":"PROVIDER"}[39m
[2026-02-22 19:34:28] [[32minfo[39m]: [32m[GATEWAY PROXY] PATCH /provider/profile/push-notification → http://localhost:4000/api/provider/profile/push-notification[39m
[2026-02-22 19:34:28] [[32minfo[39m]: [32mexpressReq.user : {"id":"698f28d799b35470f53dd6e2","role":"PROVIDER"}[39m
[2026-02-22 19:34:29] [[32minfo[39m]: [32m[GATEWAY PROXY] PATCH /provider/profile/push-notification → http://localhost:4000/api/provider/profile/push-notification[39m
[2026-02-22 19:34:29] [[32minfo[39m]: [32mexpressReq.user : {"id":"698f28d799b35470f53dd6e2","role":"PROVIDER"}[39m
[2026-02-22 19:34:29] [[32minfo[39m]: [32m[GATEWAY PROXY] PATCH /provider/profile/push-notification → http://localhost:4000/api/provider/profile/push-notification[39m
[2026-02-22 19:34:29] [[32minfo[39m]: [32mexpressReq.user : {"id":"698f28d799b35470f53dd6e2","role":"PROVIDER"}[39m
[2026-02-22 19:34:29] [[32minfo[39m]: [32m[GATEWAY PROXY] PATCH /provider/profile/push-notification → http://localhost:4000/api/provider/profile/push-notification[39m
[2026-02-22 19:34:29] [[32minfo[39m]: [32mexpressReq.user : {"id":"698f28d799b35470f53dd6e2","role":"PROVIDER"}[39m
[2026-02-22 19:34:29] [[32minfo[39m]: [32m[GATEWAY PROXY] PATCH /provider/profile/push-notification → http://localhost:4000/api/provider/profile/push-notification[39m
[2026-02-22 19:34:29] [[32minfo[39m]: [32mexpressReq.user : {"id":"698f28d799b35470f53dd6e2","role":"PROVIDER"}[39m
[2026-02-22 19:34:29] [[32minfo[39m]: [32m[GATEWAY PROXY] PATCH /provider/profile/push-notification → http://localhost:4000/api/provider/profile/push-notification[39m
[2026-02-22 19:34:29] [[32minfo[39m]: [32mexpressReq.user : {"id":"698f28d799b35470f53dd6e2","role":"PROVIDER"}[39m
[2026-02-22 19:34:30] [[32minfo[39m]: [32m[GATEWAY PROXY] PATCH /provider/profile/push-notification → http://localhost:4000/api/provider/profile/push-notification[39m
[2026-02-22 19:34:30] [[32minfo[39m]: [32mexpressReq.user : {"id":"698f28d799b35470f53dd6e2","role":"PROVIDER"}[39m
[2026-02-22 19:34:30] [[32minfo[39m]: [32m[GATEWAY PROXY] PATCH /provider/profile/push-notification → http://localhost:4000/api/provider/profile/push-notification[39m
[2026-02-22 19:34:30] [[32minfo[39m]: [32mexpressReq.user : {"id":"698f28d799b35470f53dd6e2","role":"PROVIDER"}[39m
[2026-02-22 19:34:30] [[32minfo[39m]: [32m[GATEWAY PROXY] PATCH /provider/profile/push-notification → http://localhost:4000/api/provider/profile/push-notification[39m
[2026-02-22 19:34:30] [[32minfo[39m]: [32mexpressReq.user : {"id":"698f28d799b35470f53dd6e2","role":"PROVIDER"}[39m
[2026-02-22 19:34:30] [[32minfo[39m]: [32m[GATEWAY PROXY] PATCH /provider/profile/push-notification → http://localhost:4000/api/provider/profile/push-notification[39m
[2026-02-22 19:34:30] [[32minfo[39m]: [32mexpressReq.user : {"id":"698f28d799b35470f53dd6e2","role":"PROVIDER"}[39m
[2026-02-22 19:34:30] [[32minfo[39m]: [32m[GATEWAY PROXY] PATCH /provider/profile/push-notification → http://localhost:4000/api/provider/profile/push-notification[39m
[2026-02-22 19:34:30] [[32minfo[39m]: [32mexpressReq.user : {"id":"698f28d799b35470f53dd6e2","role":"PROVIDER"}[39m
[2026-02-22 19:34:30] [[32minfo[39m]: [32m[GATEWAY PROXY] PATCH /provider/profile/push-notification → http://localhost:4000/api/provider/profile/push-notification[39m
[2026-02-22 19:34:30] [[32minfo[39m]: [32mexpressReq.user : {"id":"698f28d799b35470f53dd6e2","role":"PROVIDER"}[39m
[2026-02-22 19:34:31] [[32minfo[39m]: [32m[GATEWAY PROXY] PATCH /provider/profile/push-notification → http://localhost:4000/api/provider/profile/push-notification[39m
[2026-02-22 19:34:31] [[32minfo[39m]: [32mexpressReq.user : {"id":"698f28d799b35470f53dd6e2","role":"PROVIDER"}[39m
[2026-02-22 19:34:31] [[32minfo[39m]: [32m[GATEWAY PROXY] PATCH /provider/profile/push-notification → http://localhost:4000/api/provider/profile/push-notification[39m
[2026-02-22 19:34:31] [[32minfo[39m]: [32mexpressReq.user : {"id":"698f28d799b35470f53dd6e2","role":"PROVIDER"}[39m
[2026-02-22 19:34:31] [[32minfo[39m]: [32m[GATEWAY PROXY] PATCH /provider/profile/push-notification → http://localhost:4000/api/provider/profile/push-notification[39m
[2026-02-22 19:34:31] [[32minfo[39m]: [32mexpressReq.user : {"id":"698f28d799b35470f53dd6e2","role":"PROVIDER"}[39m
[2026-02-22 19:34:31] [[32minfo[39m]: [32m[GATEWAY PROXY] PATCH /provider/profile/push-notification → http://localhost:4000/api/provider/profile/push-notification[39m
[2026-02-22 19:34:31] [[32minfo[39m]: [32mexpressReq.user : {"id":"698f28d799b35470f53dd6e2","role":"PROVIDER"}[39m
[2026-02-22 19:34:31] [[32minfo[39m]: [32m[GATEWAY PROXY] PATCH /provider/profile/push-notification → http://localhost:4000/api/provider/profile/push-notification[39m
[2026-02-22 19:34:31] [[32minfo[39m]: [32mexpressReq.user : {"id":"698f28d799b35470f53dd6e2","role":"PROVIDER"}[39m
[2026-02-22 19:34:32] [[32minfo[39m]: [32m[GATEWAY PROXY] PATCH /provider/profile/push-notification → http://localhost:4000/api/provider/profile/push-notification[39m
[2026-02-22 19:34:32] [[32minfo[39m]: [32mexpressReq.user : {"id":"698f28d799b35470f53dd6e2","role":"PROVIDER"}[39m
[2026-02-22 19:34:32] [[32minfo[39m]: [32m[GATEWAY PROXY] PATCH /provider/profile/push-notification → http://localhost:4000/api/provider/profile/push-notification[39m
[2026-02-22 19:34:32] [[32minfo[39m]: [32mexpressReq.user : {"id":"698f28d799b35470f53dd6e2","role":"PROVIDER"}[39m
[2026-02-22 19:34:32] [[32minfo[39m]: [32m[GATEWAY PROXY] PATCH /provider/profile/push-notification → http://localhost:4000/api/provider/profile/push-notification[39m
[2026-02-22 19:34:32] [[32minfo[39m]: [32mexpressReq.user : {"id":"698f28d799b35470f53dd6e2","role":"PROVIDER"}[39m
[2026-02-22 19:34:32] [[32minfo[39m]: [32m[GATEWAY PROXY] PATCH /provider/profile/push-notification → http://localhost:4000/api/provider/profile/push-notification[39m
[2026-02-22 19:34:32] [[32minfo[39m]: [32mexpressReq.user : {"id":"698f28d799b35470f53dd6e2","role":"PROVIDER"}[39m
[2026-02-22 19:34:32] [[32minfo[39m]: [32m[GATEWAY PROXY] PATCH /provider/profile/push-notification → http://localhost:4000/api/provider/profile/push-notification[39m
[2026-02-22 19:34:32] [[32minfo[39m]: [32mexpressReq.user : {"id":"698f28d799b35470f53dd6e2","role":"PROVIDER"}[39m
[2026-02-22 19:34:33] [[32minfo[39m]: [32m[GATEWAY PROXY] PATCH /provider/profile/push-notification → http://localhost:4000/api/provider/profile/push-notification[39m
[2026-02-22 19:34:33] [[32minfo[39m]: [32mexpressReq.user : {"id":"698f28d799b35470f53dd6e2","role":"PROVIDER"}[39m
[2026-02-22 19:34:33] [[32minfo[39m]: [32m[GATEWAY PROXY] PATCH /provider/profile/push-notification → http://localhost:4000/api/provider/profile/push-notification[39m
[2026-02-22 19:34:33] [[32minfo[39m]: [32mexpressReq.user : {"id":"698f28d799b35470f53dd6e2","role":"PROVIDER"}[39m
[2026-02-22 19:34:33] [[32minfo[39m]: [32m[GATEWAY PROXY] PATCH /provider/profile/push-notification → http://localhost:4000/api/provider/profile/push-notification[39m
[2026-02-22 19:34:33] [[32minfo[39m]: [32mexpressReq.user : {"id":"698f28d799b35470f53dd6e2","role":"PROVIDER"}[39m
[2026-02-22 19:34:33] [[32minfo[39m]: [32m[GATEWAY PROXY] PATCH /provider/profile/push-notification → http://localhost:4000/api/provider/profile/push-notification[39m
[2026-02-22 19:34:33] [[32minfo[39m]: [32mexpressReq.user : {"id":"698f28d799b35470f53dd6e2","role":"PROVIDER"}[39m
[2026-02-22 19:34:33] [[32minfo[39m]: [32m[GATEWAY PROXY] PATCH /provider/profile/push-notification → http://localhost:4000/api/provider/profile/push-notification[39m
[2026-02-22 19:34:33] [[32minfo[39m]: [32mexpressReq.user : {"id":"698f28d799b35470f53dd6e2","role":"PROVIDER"}[39m
[2026-02-22 19:34:34] [[32minfo[39m]: [32m[GATEWAY PROXY] PATCH /provider/profile/push-notification → http://localhost:4000/api/provider/profile/push-notification[39m
[2026-02-22 19:34:34] [[32minfo[39m]: [32mexpressReq.user : {"id":"698f28d799b35470f53dd6e2","role":"PROVIDER"}[39m
[2026-02-22 19:34:34] [[32minfo[39m]: [32m[GATEWAY PROXY] PATCH /provider/profile/push-notification → http://localhost:4000/api/provider/profile/push-notification[39m
[2026-02-22 19:34:34] [[32minfo[39m]: [32mexpressReq.user : {"id":"698f28d799b35470f53dd6e2","role":"PROVIDER"}[39m
[2026-02-22 19:34:34] [[32minfo[39m]: [32m[GATEWAY PROXY] PATCH /provider/profile/push-notification → http://localhost:4000/api/provider/profile/push-notification[39m
[2026-02-22 19:34:34] [[32minfo[39m]: [32mexpressReq.user : {"id":"698f28d799b35470f53dd6e2","role":"PROVIDER"}[39m
[2026-02-22 19:34:34] [[32minfo[39m]: [32m[GATEWAY PROXY] PATCH /provider/profile/push-notification → http://localhost:4000/api/provider/profile/push-notification[39m
[2026-02-22 19:34:34] [[32minfo[39m]: [32mexpressReq.user : {"id":"698f28d799b35470f53dd6e2","role":"PROVIDER"}[39m
[2026-02-22 19:34:34] [[32minfo[39m]: [32m[GATEWAY PROXY] PATCH /provider/profile/push-notification → http://localhost:4000/api/provider/profile/push-notification[39m
[2026-02-22 19:34:34] [[32minfo[39m]: [32mexpressReq.user : {"id":"698f28d799b35470f53dd6e2","role":"PROVIDER"}[39m
[2026-02-22 19:34:35] [[32minfo[39m]: [32m[GATEWAY PROXY] PATCH /provider/profile/push-notification → http://localhost:4000/api/provider/profile/push-notification[39m
[2026-02-22 19:34:35] [[32minfo[39m]: [32mexpressReq.user : {"id":"698f28d799b35470f53dd6e2","role":"PROVIDER"}[39m
[2026-02-22 19:34:35] [[32minfo[39m]: [32m[GATEWAY PROXY] PATCH /provider/profile/push-notification → http://localhost:4000/api/provider/profile/push-notification[39m
[2026-02-22 19:34:35] [[32minfo[39m]: [32mexpressReq.user : {"id":"698f28d799b35470f53dd6e2","role":"PROVIDER"}[39m
[2026-02-22 19:34:36] [[32minfo[39m]: [32m[GATEWAY PROXY] PATCH /provider/profile/push-notification → http://localhost:4000/api/provider/profile/push-notification[39m
[2026-02-22 19:34:36] [[32minfo[39m]: [32mexpressReq.user : {"id":"698f28d799b35470f53dd6e2","role":"PROVIDER"}[39m
[2026-02-22 19:34:36] [[32minfo[39m]: [32m[GATEWAY PROXY] PATCH /provider/profile/push-notification → http://localhost:4000/api/provider/profile/push-notification[39m
[2026-02-22 19:34:36] [[32minfo[39m]: [32mexpressReq.user : {"id":"698f28d799b35470f53dd6e2","role":"PROVIDER"}[39m
[2026-02-22 19:34:36] [[32minfo[39m]: [32m[GATEWAY PROXY] PATCH /provider/profile/push-notification → http://localhost:4000/api/provider/profile/push-notification[39m
[2026-02-22 19:34:36] [[32minfo[39m]: [32mexpressReq.user : {"id":"698f28d799b35470f53dd6e2","role":"PROVIDER"}[39m
[2026-02-22 19:34:37] [[32minfo[39m]: [32m[GATEWAY PROXY] PATCH /provider/profile/push-notification → http://localhost:4000/api/provider/profile/push-notification[39m
[2026-02-22 19:34:37] [[32minfo[39m]: [32mexpressReq.user : {"id":"698f28d799b35470f53dd6e2","role":"PROVIDER"}[39m
[2026-02-22 19:34:37] [[32minfo[39m]: [32m[GATEWAY PROXY] PATCH /provider/profile/push-notification → http://localhost:4000/api/provider/profile/push-notification[39m
[2026-02-22 19:34:37] [[32minfo[39m]: [32mexpressReq.user : {"id":"698f28d799b35470f53dd6e2","role":"PROVIDER"}[39m
[2026-02-22 19:34:37] [[32minfo[39m]: [32m[GATEWAY PROXY] PATCH /provider/profile/push-notification → http://localhost:4000/api/provider/profile/push-notification[39m
[2026-02-22 19:34:37] [[32minfo[39m]: [32mexpressReq.user : {"id":"698f28d799b35470f53dd6e2","role":"PROVIDER"}[39m
[2026-02-22 19:34:38] [[32minfo[39m]: [32m[GATEWAY PROXY] PATCH /provider/profile/push-notification → http://localhost:4000/api/provider/profile/push-notification[39m
[2026-02-22 19:34:38] [[32minfo[39m]: [32mexpressReq.user : {"id":"698f28d799b35470f53dd6e2","role":"PROVIDER"}[39m
[2026-02-22 19:34:38] [[32minfo[39m]: [32m[GATEWAY PROXY] PATCH /provider/profile/push-notification → http://localhost:4000/api/provider/profile/push-notification[39m
[2026-02-22 19:34:38] [[32minfo[39m]: [32mexpressReq.user : {"id":"698f28d799b35470f53dd6e2","role":"PROVIDER"}[39m
[2026-02-22 19:34:39] [[32minfo[39m]: [32m[GATEWAY PROXY] PATCH /provider/profile/push-notification → http://localhost:4000/api/provider/profile/push-notification[39m
[2026-02-22 19:34:39] [[32minfo[39m]: [32mexpressReq.user : {"id":"698f28d799b35470f53dd6e2","role":"PROVIDER"}[39m
[2026-02-22 19:34:39] [[32minfo[39m]: [32m[GATEWAY PROXY] PATCH /provider/profile/push-notification → http://localhost:4000/api/provider/profile/push-notification[39m
[2026-02-22 19:34:39] [[32minfo[39m]: [32mexpressReq.user : {"id":"698f28d799b35470f53dd6e2","role":"PROVIDER"}[39m
[2026-02-22 19:34:39] [[32minfo[39m]: [32m[GATEWAY PROXY] PATCH /provider/profile/push-notification → http://localhost:4000/api/provider/profile/push-notification[39m
[2026-02-22 19:34:39] [[32minfo[39m]: [32mexpressReq.user : {"id":"698f28d799b35470f53dd6e2","role":"PROVIDER"}[39m
[2026-02-22 19:34:39] [[32minfo[39m]: [32m[GATEWAY PROXY] PATCH /provider/profile/push-notification → http://localhost:4000/api/provider/profile/push-notification[39m
[2026-02-22 19:34:39] [[32minfo[39m]: [32mexpressReq.user : {"id":"698f28d799b35470f53dd6e2","role":"PROVIDER"}[39m
[2026-02-22 19:34:39] [[32minfo[39m]: [32m[GATEWAY PROXY] PATCH /provider/profile/push-notification → http://localhost:4000/api/provider/profile/push-notification[39m
[2026-02-22 19:34:39] [[32minfo[39m]: [32mexpressReq.user : {"id":"698f28d799b35470f53dd6e2","role":"PROVIDER"}[39m
[2026-02-22 19:34:40] [[32minfo[39m]: [32m[GATEWAY PROXY] PATCH /provider/profile/push-notification → http://localhost:4000/api/provider/profile/push-notification[39m
[2026-02-22 19:34:40] [[32minfo[39m]: [32mexpressReq.user : {"id":"698f28d799b35470f53dd6e2","role":"PROVIDER"}[39m
[2026-02-22 19:34:40] [[32minfo[39m]: [32m[GATEWAY PROXY] PATCH /provider/profile/push-notification → http://localhost:4000/api/provider/profile/push-notification[39m
[2026-02-22 19:34:40] [[32minfo[39m]: [32mexpressReq.user : {"id":"698f28d799b35470f53dd6e2","role":"PROVIDER"}[39m
[2026-02-22 19:34:40] [[32minfo[39m]: [32m[GATEWAY PROXY] PATCH /provider/profile/push-notification → http://localhost:4000/api/provider/profile/push-notification[39m
[2026-02-22 19:34:40] [[32minfo[39m]: [32mexpressReq.user : {"id":"698f28d799b35470f53dd6e2","role":"PROVIDER"}[39m
[2026-02-22 19:34:40] [[32minfo[39m]: [32m[GATEWAY PROXY] PATCH /provider/profile/push-notification → http://localhost:4000/api/provider/profile/push-notification[39m
[2026-02-22 19:34:40] [[32minfo[39m]: [32mexpressReq.user : {"id":"698f28d799b35470f53dd6e2","role":"PROVIDER"}[39m
[2026-02-22 19:34:40] [[32minfo[39m]: [32m[GATEWAY PROXY] PATCH /provider/profile/push-notification → http://localhost:4000/api/provider/profile/push-notification[39m
[2026-02-22 19:34:40] [[32minfo[39m]: [32mexpressReq.user : {"id":"698f28d799b35470f53dd6e2","role":"PROVIDER"}[39m
[2026-02-22 19:34:40] [[32minfo[39m]: [32m[GATEWAY PROXY] PATCH /provider/profile/push-notification → http://localhost:4000/api/provider/profile/push-notification[39m
[2026-02-22 19:34:40] [[32minfo[39m]: [32mexpressReq.user : {"id":"698f28d799b35470f53dd6e2","role":"PROVIDER"}[39m
[2026-02-22 19:34:41] [[32minfo[39m]: [32m[GATEWAY PROXY] PATCH /provider/profile/push-notification → http://localhost:4000/api/provider/profile/push-notification[39m
[2026-02-22 19:34:41] [[32minfo[39m]: [32mexpressReq.user : {"id":"698f28d799b35470f53dd6e2","role":"PROVIDER"}[39m
[2026-02-22 19:34:41] [[32minfo[39m]: [32m[GATEWAY PROXY] PATCH /provider/profile/push-notification → http://localhost:4000/api/provider/profile/push-notification[39m
[2026-02-22 19:34:41] [[32minfo[39m]: [32mexpressReq.user : {"id":"698f28d799b35470f53dd6e2","role":"PROVIDER"}[39m
[2026-02-22 19:34:41] [[32minfo[39m]: [32m[GATEWAY PROXY] PATCH /provider/profile/push-notification → http://localhost:4000/api/provider/profile/push-notification[39m
[2026-02-22 19:34:41] [[32minfo[39m]: [32mexpressReq.user : {"id":"698f28d799b35470f53dd6e2","role":"PROVIDER"}[39m
[2026-02-22 19:34:41] [[32minfo[39m]: [32m[GATEWAY PROXY] PATCH /provider/profile/push-notification → http://localhost:4000/api/provider/profile/push-notification[39m
[2026-02-22 19:34:41] [[32minfo[39m]: [32mexpressReq.user : {"id":"698f28d799b35470f53dd6e2","role":"PROVIDER"}[39m
[2026-02-22 19:34:42] [[32minfo[39m]: [32m[GATEWAY PROXY] PATCH /provider/profile/push-notification → http://localhost:4000/api/provider/profile/push-notification[39m
[2026-02-22 19:34:42] [[32minfo[39m]: [32mexpressReq.user : {"id":"698f28d799b35470f53dd6e2","role":"PROVIDER"}[39m
[2026-02-22 19:34:42] [[32minfo[39m]: [32m[GATEWAY PROXY] PATCH /provider/profile/push-notification → http://localhost:4000/api/provider/profile/push-notification[39m
[2026-02-22 19:34:42] [[32minfo[39m]: [32mexpressReq.user : {"id":"698f28d799b35470f53dd6e2","role":"PROVIDER"}[39m
[2026-02-22 19:34:42] [[32minfo[39m]: [32m[GATEWAY PROXY] PATCH /provider/profile/push-notification → http://localhost:4000/api/provider/profile/push-notification[39m
[2026-02-22 19:34:42] [[32minfo[39m]: [32mexpressReq.user : {"id":"698f28d799b35470f53dd6e2","role":"PROVIDER"}[39m
[2026-02-22 19:34:43] [[32minfo[39m]: [32m[GATEWAY PROXY] PATCH /provider/profile/push-notification → http://localhost:4000/api/provider/profile/push-notification[39m
[2026-02-22 19:34:43] [[32minfo[39m]: [32mexpressReq.user : {"id":"698f28d799b35470f53dd6e2","role":"PROVIDER"}[39m
[2026-02-22 19:34:43] [[32minfo[39m]: [32m[GATEWAY PROXY] PATCH /provider/profile/push-notification → http://localhost:4000/api/provider/profile/push-notification[39m
[2026-02-22 19:34:43] [[32minfo[39m]: [32mexpressReq.user : {"id":"698f28d799b35470f53dd6e2","role":"PROVIDER"}[39m
[2026-02-22 19:34:43] [[32minfo[39m]: [32m[GATEWAY PROXY] PATCH /provider/profile/push-notification → http://localhost:4000/api/provider/profile/push-notification[39m
[2026-02-22 19:34:43] [[32minfo[39m]: [32mexpressReq.user : {"id":"698f28d799b35470f53dd6e2","role":"PROVIDER"}[39m
[2026-02-22 19:34:43] [[32minfo[39m]: [32m[GATEWAY PROXY] PATCH /provider/profile/push-notification → http://localhost:4000/api/provider/profile/push-notification[39m
[2026-02-22 19:34:43] [[32minfo[39m]: [32mexpressReq.user : {"id":"698f28d799b35470f53dd6e2","role":"PROVIDER"}[39m
[2026-02-22 19:34:44] [[32minfo[39m]: [32m[GATEWAY PROXY] PATCH /provider/profile/push-notification → http://localhost:4000/api/provider/profile/push-notification[39m
[2026-02-22 19:34:44] [[32minfo[39m]: [32mexpressReq.user : {"id":"698f28d799b35470f53dd6e2","role":"PROVIDER"}[39m
[2026-02-22 19:34:44] [[32minfo[39m]: [32m[GATEWAY PROXY] PATCH /provider/profile/push-notification → http://localhost:4000/api/provider/profile/push-notification[39m
[2026-02-22 19:34:44] [[32minfo[39m]: [32mexpressReq.user : {"id":"698f28d799b35470f53dd6e2","role":"PROVIDER"}[39m
[2026-02-22 19:34:44] [[32minfo[39m]: [32m[GATEWAY PROXY] PATCH /provider/profile/push-notification → http://localhost:4000/api/provider/profile/push-notification[39m
[2026-02-22 19:34:44] [[32minfo[39m]: [32mexpressReq.user : {"id":"698f28d799b35470f53dd6e2","role":"PROVIDER"}[39m
[2026-02-22 19:34:44] [[32minfo[39m]: [32m[GATEWAY PROXY] PATCH /provider/profile/push-notification → http://localhost:4000/api/provider/profile/push-notification[39m
[2026-02-22 19:34:44] [[32minfo[39m]: [32mexpressReq.user : {"id":"698f28d799b35470f53dd6e2","role":"PROVIDER"}[39m
[2026-02-22 19:34:45] [[32minfo[39m]: [32m[GATEWAY PROXY] PATCH /provider/profile/push-notification → http://localhost:4000/api/provider/profile/push-notification[39m
[2026-02-22 19:34:45] [[32minfo[39m]: [32mexpressReq.user : {"id":"698f28d799b35470f53dd6e2","role":"PROVIDER"}[39m
[2026-02-22 19:34:45] [[32minfo[39m]: [32m[GATEWAY PROXY] PATCH /provider/profile/push-notification → http://localhost:4000/api/provider/profile/push-notification[39m
[2026-02-22 19:34:45] [[32minfo[39m]: [32mexpressReq.user : {"id":"698f28d799b35470f53dd6e2","role":"PROVIDER"}[39m
[2026-02-22 19:34:45] [[32minfo[39m]: [32m[GATEWAY PROXY] PATCH /provider/profile/push-notification → http://localhost:4000/api/provider/profile/push-notification[39m
[2026-02-22 19:34:45] [[32minfo[39m]: [32mexpressReq.user : {"id":"698f28d799b35470f53dd6e2","role":"PROVIDER"}[39m
[2026-02-22 19:34:45] [[32minfo[39m]: [32m[GATEWAY PROXY] PATCH /provider/profile/push-notification → http://localhost:4000/api/provider/profile/push-notification[39m
[2026-02-22 19:34:45] [[32minfo[39m]: [32mexpressReq.user : {"id":"698f28d799b35470f53dd6e2","role":"PROVIDER"}[39m
[2026-02-22 19:34:46] [[32minfo[39m]: [32m[GATEWAY PROXY] PATCH /provider/profile/push-notification → http://localhost:4000/api/provider/profile/push-notification[39m
[2026-02-22 19:34:46] [[32minfo[39m]: [32mexpressReq.user : {"id":"698f28d799b35470f53dd6e2","role":"PROVIDER"}[39m
[2026-02-22 19:34:46] [[32minfo[39m]: [32m[GATEWAY PROXY] PATCH /provider/profile/push-notification → http://localhost:4000/api/provider/profile/push-notification[39m
[2026-02-22 19:34:46] [[32minfo[39m]: [32mexpressReq.user : {"id":"698f28d799b35470f53dd6e2","role":"PROVIDER"}[39m
[2026-02-22 19:34:46] [[32minfo[39m]: [32m[GATEWAY PROXY] PATCH /provider/profile/push-notification → http://localhost:4000/api/provider/profile/push-notification[39m
[2026-02-22 19:34:46] [[32minfo[39m]: [32mexpressReq.user : {"id":"698f28d799b35470f53dd6e2","role":"PROVIDER"}[39m
[2026-02-22 19:34:47] [[32minfo[39m]: [32m[GATEWAY PROXY] PATCH /provider/profile/push-notification → http://localhost:4000/api/provider/profile/push-notification[39m
[2026-02-22 19:34:47] [[32minfo[39m]: [32mexpressReq.user : {"id":"698f28d799b35470f53dd6e2","role":"PROVIDER"}[39m
[2026-02-22 19:34:47] [[32minfo[39m]: [32m[GATEWAY PROXY] PATCH /provider/profile/push-notification → http://localhost:4000/api/provider/profile/push-notification[39m
[2026-02-22 19:34:47] [[32minfo[39m]: [32mexpressReq.user : {"id":"698f28d799b35470f53dd6e2","role":"PROVIDER"}[39m
[2026-02-22 19:34:47] [[32minfo[39m]: [32m[GATEWAY PROXY] PATCH /provider/profile/push-notification → http://localhost:4000/api/provider/profile/push-notification[39m
[2026-02-22 19:34:47] [[32minfo[39m]: [32mexpressReq.user : {"id":"698f28d799b35470f53dd6e2","role":"PROVIDER"}[39m
[2026-02-22 19:34:47] [[32minfo[39m]: [32m[GATEWAY PROXY] PATCH /provider/profile/push-notification → http://localhost:4000/api/provider/profile/push-notification[39m
[2026-02-22 19:34:47] [[32minfo[39m]: [32mexpressReq.user : {"id":"698f28d799b35470f53dd6e2","role":"PROVIDER"}[39m
[2026-02-22 19:34:48] [[32minfo[39m]: [32m[GATEWAY PROXY] PATCH /provider/profile/push-notification → http://localhost:4000/api/provider/profile/push-notification[39m
[2026-02-22 19:34:48] [[32minfo[39m]: [32mexpressReq.user : {"id":"698f28d799b35470f53dd6e2","role":"PROVIDER"}[39m
[2026-02-22 19:34:48] [[32minfo[39m]: [32m[GATEWAY PROXY] PATCH /provider/profile/push-notification → http://localhost:4000/api/provider/profile/push-notification[39m
[2026-02-22 19:34:48] [[32minfo[39m]: [32mexpressReq.user : {"id":"698f28d799b35470f53dd6e2","role":"PROVIDER"}[39m
[2026-02-22 19:34:48] [[32minfo[39m]: [32m[GATEWAY PROXY] PATCH /provider/profile/push-notification → http://localhost:4000/api/provider/profile/push-notification[39m
[2026-02-22 19:34:48] [[32minfo[39m]: [32mexpressReq.user : {"id":"698f28d799b35470f53dd6e2","role":"PROVIDER"}[39m
[2026-02-22 19:34:49] [[32minfo[39m]: [32m[GATEWAY PROXY] PATCH /provider/profile/push-notification → http://localhost:4000/api/provider/profile/push-notification[39m
[2026-02-22 19:34:49] [[32minfo[39m]: [32mexpressReq.user : {"id":"698f28d799b35470f53dd6e2","role":"PROVIDER"}[39m
[2026-02-22 19:34:49] [[32minfo[39m]: [32m[GATEWAY PROXY] PATCH /provider/profile/push-notification → http://localhost:4000/api/provider/profile/push-notification[39m
[2026-02-22 19:34:49] [[32minfo[39m]: [32mexpressReq.user : {"id":"698f28d799b35470f53dd6e2","role":"PROVIDER"}[39m
[2026-02-22 19:34:49] [[32minfo[39m]: [32m[GATEWAY PROXY] PATCH /provider/profile/push-notification → http://localhost:4000/api/provider/profile/push-notification[39m
[2026-02-22 19:34:49] [[32minfo[39m]: [32mexpressReq.user : {"id":"698f28d799b35470f53dd6e2","role":"PROVIDER"}[39m
[2026-02-22 19:34:49] [[32minfo[39m]: [32m[GATEWAY PROXY] PATCH /provider/profile/push-notification → http://localhost:4000/api/provider/profile/push-notification[39m
[2026-02-22 19:34:49] [[32minfo[39m]: [32mexpressReq.user : {"id":"698f28d799b35470f53dd6e2","role":"PROVIDER"}[39m
[2026-02-22 19:34:49] [[32minfo[39m]: [32m[GATEWAY PROXY] PATCH /provider/profile/push-notification → http://localhost:4000/api/provider/profile/push-notification[39m
[2026-02-22 19:34:49] [[32minfo[39m]: [32mexpressReq.user : {"id":"698f28d799b35470f53dd6e2","role":"PROVIDER"}[39m
[2026-02-22 19:34:50] [[32minfo[39m]: [32m[GATEWAY PROXY] PATCH /provider/profile/push-notification → http://localhost:4000/api/provider/profile/push-notification[39m
[2026-02-22 19:34:50] [[32minfo[39m]: [32mexpressReq.user : {"id":"698f28d799b35470f53dd6e2","role":"PROVIDER"}[39m
[2026-02-22 19:34:50] [[32minfo[39m]: [32m[GATEWAY PROXY] PATCH /provider/profile/push-notification → http://localhost:4000/api/provider/profile/push-notification[39m
[2026-02-22 19:34:50] [[32minfo[39m]: [32mexpressReq.user : {"id":"698f28d799b35470f53dd6e2","role":"PROVIDER"}[39m
[2026-02-22 19:34:50] [[32minfo[39m]: [32m[GATEWAY PROXY] PATCH /provider/profile/push-notification → http://localhost:4000/api/provider/profile/push-notification[39m
[2026-02-22 19:34:50] [[32minfo[39m]: [32mexpressReq.user : {"id":"698f28d799b35470f53dd6e2","role":"PROVIDER"}[39m
[2026-02-22 19:34:50] [[32minfo[39m]: [32m[GATEWAY PROXY] PATCH /provider/profile/push-notification → http://localhost:4000/api/provider/profile/push-notification[39m
[2026-02-22 19:34:50] [[32minfo[39m]: [32mexpressReq.user : {"id":"698f28d799b35470f53dd6e2","role":"PROVIDER"}[39m
[2026-02-22 19:34:51] [[32minfo[39m]: [32m[GATEWAY PROXY] PATCH /provider/profile/push-notification → http://localhost:4000/api/provider/profile/push-notification[39m
[2026-02-22 19:34:51] [[32minfo[39m]: [32mexpressReq.user : {"id":"698f28d799b35470f53dd6e2","role":"PROVIDER"}[39m
[2026-02-22 19:34:51] [[32minfo[39m]: [32m[GATEWAY PROXY] PATCH /provider/profile/push-notification → http://localhost:4000/api/provider/profile/push-notification[39m
[2026-02-22 19:34:51] [[32minfo[39m]: [32mexpressReq.user : {"id":"698f28d799b35470f53dd6e2","role":"PROVIDER"}[39m
[2026-02-22 19:34:51] [[32minfo[39m]: [32m[GATEWAY PROXY] PATCH /provider/profile/push-notification → http://localhost:4000/api/provider/profile/push-notification[39m
[2026-02-22 19:34:51] [[32minfo[39m]: [32mexpressReq.user : {"id":"698f28d799b35470f53dd6e2","role":"PROVIDER"}[39m
[2026-02-22 19:34:51] [[32minfo[39m]: [32m[GATEWAY PROXY] PATCH /provider/profile/push-notification → http://localhost:4000/api/provider/profile/push-notification[39m
[2026-02-22 19:34:51] [[32minfo[39m]: [32mexpressReq.user : {"id":"698f28d799b35470f53dd6e2","role":"PROVIDER"}[39m
[2026-02-22 19:34:51] [[32minfo[39m]: [32m[GATEWAY PROXY] PATCH /provider/profile/push-notification → http://localhost:4000/api/provider/profile/push-notification[39m
[2026-02-22 19:34:51] [[32minfo[39m]: [32mexpressReq.user : {"id":"698f28d799b35470f53dd6e2","role":"PROVIDER"}[39m
[2026-02-22 19:34:52] [[32minfo[39m]: [32m[GATEWAY PROXY] PATCH /provider/profile/push-notification → http://localhost:4000/api/provider/profile/push-notification[39m
[2026-02-22 19:34:52] [[32minfo[39m]: [32mexpressReq.user : {"id":"698f28d799b35470f53dd6e2","role":"PROVIDER"}[39m
[2026-02-22 19:34:52] [[32minfo[39m]: [32m[GATEWAY PROXY] PATCH /provider/profile/push-notification → http://localhost:4000/api/provider/profile/push-notification[39m
[2026-02-22 19:34:52] [[32minfo[39m]: [32mexpressReq.user : {"id":"698f28d799b35470f53dd6e2","role":"PROVIDER"}[39m
[2026-02-22 19:34:52] [[32minfo[39m]: [32m[GATEWAY PROXY] PATCH /provider/profile/push-notification → http://localhost:4000/api/provider/profile/push-notification[39m
[2026-02-22 19:34:52] [[32minfo[39m]: [32mexpressReq.user : {"id":"698f28d799b35470f53dd6e2","role":"PROVIDER"}[39m
[2026-02-22 19:34:53] [[32minfo[39m]: [32m[GATEWAY PROXY] PATCH /provider/profile/push-notification → http://localhost:4000/api/provider/profile/push-notification[39m
[2026-02-22 19:34:53] [[32minfo[39m]: [32mexpressReq.user : {"id":"698f28d799b35470f53dd6e2","role":"PROVIDER"}[39m
[2026-02-22 19:34:53] [[32minfo[39m]: [32m[GATEWAY PROXY] PATCH /provider/profile/push-notification → http://localhost:4000/api/provider/profile/push-notification[39m
[2026-02-22 19:34:53] [[32minfo[39m]: [32mexpressReq.user : {"id":"698f28d799b35470f53dd6e2","role":"PROVIDER"}[39m
[2026-02-22 19:34:53] [[32minfo[39m]: [32m[GATEWAY PROXY] PATCH /provider/profile/push-notification → http://localhost:4000/api/provider/profile/push-notification[39m
[2026-02-22 19:34:53] [[32minfo[39m]: [32mexpressReq.user : {"id":"698f28d799b35470f53dd6e2","role":"PROVIDER"}[39m
[2026-02-22 19:34:53] [[32minfo[39m]: [32m[GATEWAY PROXY] PATCH /provider/profile/push-notification → http://localhost:4000/api/provider/profile/push-notification[39m
[2026-02-22 19:34:53] [[32minfo[39m]: [32mexpressReq.user : {"id":"698f28d799b35470f53dd6e2","role":"PROVIDER"}[39m
[2026-02-22 19:34:53] [[32minfo[39m]: [32m[GATEWAY PROXY] PATCH /provider/profile/push-notification → http://localhost:4000/api/provider/profile/push-notification[39m
[2026-02-22 19:34:53] [[32minfo[39m]: [32mexpressReq.user : {"id":"698f28d799b35470f53dd6e2","role":"PROVIDER"}[39m
[2026-02-22 19:34:53] [[32minfo[39m]: [32m[GATEWAY PROXY] PATCH /provider/profile/push-notification → http://localhost:4000/api/provider/profile/push-notification[39m
[2026-02-22 19:34:53] [[32minfo[39m]: [32mexpressReq.user : {"id":"698f28d799b35470f53dd6e2","role":"PROVIDER"}[39m
[2026-02-22 19:34:54] [[32minfo[39m]: [32m[GATEWAY PROXY] PATCH /provider/profile/push-notification → http://localhost:4000/api/provider/profile/push-notification[39m
[2026-02-22 19:34:54] [[32minfo[39m]: [32mexpressReq.user : {"id":"698f28d799b35470f53dd6e2","role":"PROVIDER"}[39m
[2026-02-22 19:34:54] [[32minfo[39m]: [32m[GATEWAY PROXY] PATCH /provider/profile/push-notification → http://localhost:4000/api/provider/profile/push-notification[39m
[2026-02-22 19:34:54] [[32minfo[39m]: [32mexpressReq.user : {"id":"698f28d799b35470f53dd6e2","role":"PROVIDER"}[39m
[2026-02-22 19:34:54] [[32minfo[39m]: [32m[GATEWAY PROXY] PATCH /provider/profile/push-notification → http://localhost:4000/api/provider/profile/push-notification[39m
[2026-02-22 19:34:54] [[32minfo[39m]: [32mexpressReq.user : {"id":"698f28d799b35470f53dd6e2","role":"PROVIDER"}[39m
[2026-02-22 19:34:54] [[32minfo[39m]: [32m[GATEWAY PROXY] PATCH /provider/profile/push-notification → http://localhost:4000/api/provider/profile/push-notification[39m
[2026-02-22 19:34:54] [[32minfo[39m]: [32mexpressReq.user : {"id":"698f28d799b35470f53dd6e2","role":"PROVIDER"}[39m
[2026-02-22 19:34:54] [[32minfo[39m]: [32m[GATEWAY PROXY] PATCH /provider/profile/push-notification → http://localhost:4000/api/provider/profile/push-notification[39m
[2026-02-22 19:34:54] [[32minfo[39m]: [32mexpressReq.user : {"id":"698f28d799b35470f53dd6e2","role":"PROVIDER"}[39m
[2026-02-22 19:34:55] [[32minfo[39m]: [32m[GATEWAY PROXY] PATCH /provider/profile/push-notification → http://localhost:4000/api/provider/profile/push-notification[39m
[2026-02-22 19:34:55] [[32minfo[39m]: [32mexpressReq.user : {"id":"698f28d799b35470f53dd6e2","role":"PROVIDER"}[39m
[2026-02-22 19:34:55] [[32minfo[39m]: [32m[GATEWAY PROXY] PATCH /provider/profile/push-notification → http://localhost:4000/api/provider/profile/push-notification[39m
[2026-02-22 19:34:55] [[32minfo[39m]: [32mexpressReq.user : {"id":"698f28d799b35470f53dd6e2","role":"PROVIDER"}[39m
[2026-02-22 19:34:55] [[32minfo[39m]: [32m[GATEWAY PROXY] PATCH /provider/profile/push-notification → http://localhost:4000/api/provider/profile/push-notification[39m
[2026-02-22 19:34:55] [[32minfo[39m]: [32mexpressReq.user : {"id":"698f28d799b35470f53dd6e2","role":"PROVIDER"}[39m
[2026-02-22 19:34:56] [[32minfo[39m]: [32m[GATEWAY PROXY] PATCH /provider/profile/push-notification → http://localhost:4000/api/provider/profile/push-notification[39m
[2026-02-22 19:34:56] [[32minfo[39m]: [32mexpressReq.user : {"id":"698f28d799b35470f53dd6e2","role":"PROVIDER"}[39m
[2026-02-22 19:34:56] [[32minfo[39m]: [32m[GATEWAY PROXY] PATCH /provider/profile/push-notification → http://localhost:4000/api/provider/profile/push-notification[39m
[2026-02-22 19:34:56] [[32minfo[39m]: [32mexpressReq.user : {"id":"698f28d799b35470f53dd6e2","role":"PROVIDER"}[39m
[2026-02-22 19:34:56] [[32minfo[39m]: [32m[GATEWAY PROXY] PATCH /provider/profile/push-notification → http://localhost:4000/api/provider/profile/push-notification[39m
[2026-02-22 19:34:56] [[32minfo[39m]: [32mexpressReq.user : {"id":"698f28d799b35470f53dd6e2","role":"PROVIDER"}[39m
[2026-02-22 19:34:57] [[32minfo[39m]: [32m[GATEWAY PROXY] PATCH /provider/profile/push-notification → http://localhost:4000/api/provider/profile/push-notification[39m
[2026-02-22 19:34:57] [[32minfo[39m]: [32mexpressReq.user : {"id":"698f28d799b35470f53dd6e2","role":"PROVIDER"}[39m
[2026-02-22 19:34:57] [[32minfo[39m]: [32m[GATEWAY PROXY] PATCH /provider/profile/push-notification → http://localhost:4000/api/provider/profile/push-notification[39m
[2026-02-22 19:34:57] [[32minfo[39m]: [32mexpressReq.user : {"id":"698f28d799b35470f53dd6e2","role":"PROVIDER"}[39m
[2026-02-22 19:34:57] [[32minfo[39m]: [32m[GATEWAY PROXY] PATCH /provider/profile/push-notification → http://localhost:4000/api/provider/profile/push-notification[39m
[2026-02-22 19:34:57] [[32minfo[39m]: [32mexpressReq.user : {"id":"698f28d799b35470f53dd6e2","role":"PROVIDER"}[39m
[2026-02-22 19:34:58] [[32minfo[39m]: [32m[GATEWAY PROXY] PATCH /provider/profile/push-notification → http://localhost:4000/api/provider/profile/push-notification[39m
[2026-02-22 19:34:58] [[32minfo[39m]: [32mexpressReq.user : {"id":"698f28d799b35470f53dd6e2","role":"PROVIDER"}[39m
[2026-02-22 19:34:58] [[32minfo[39m]: [32m[GATEWAY PROXY] PATCH /provider/profile/push-notification → http://localhost:4000/api/provider/profile/push-notification[39m
[2026-02-22 19:34:58] [[32minfo[39m]: [32mexpressReq.user : {"id":"698f28d799b35470f53dd6e2","role":"PROVIDER"}[39m
[2026-02-22 19:34:58] [[32minfo[39m]: [32m[GATEWAY PROXY] PATCH /provider/profile/push-notification → http://localhost:4000/api/provider/profile/push-notification[39m
[2026-02-22 19:34:58] [[32minfo[39m]: [32mexpressReq.user : {"id":"698f28d799b35470f53dd6e2","role":"PROVIDER"}[39m
[2026-02-22 19:34:58] [[32minfo[39m]: [32m[GATEWAY PROXY] PATCH /provider/profile/push-notification → http://localhost:4000/api/provider/profile/push-notification[39m
[2026-02-22 19:34:58] [[32minfo[39m]: [32mexpressReq.user : {"id":"698f28d799b35470f53dd6e2","role":"PROVIDER"}[39m
[2026-02-22 19:34:59] [[32minfo[39m]: [32m[GATEWAY PROXY] PATCH /provider/profile/push-notification → http://localhost:4000/api/provider/profile/push-notification[39m
[2026-02-22 19:34:59] [[32minfo[39m]: [32mexpressReq.user : {"id":"698f28d799b35470f53dd6e2","role":"PROVIDER"}[39m
[2026-02-22 19:34:59] [[32minfo[39m]: [32m[GATEWAY PROXY] PATCH /provider/profile/push-notification → http://localhost:4000/api/provider/profile/push-notification[39m
[2026-02-22 19:34:59] [[32minfo[39m]: [32mexpressReq.user : {"id":"698f28d799b35470f53dd6e2","role":"PROVIDER"}[39m
[2026-02-22 19:34:59] [[32minfo[39m]: [32m[GATEWAY PROXY] PATCH /provider/profile/push-notification → http://localhost:4000/api/provider/profile/push-notification[39m
[2026-02-22 19:34:59] [[32minfo[39m]: [32mexpressReq.user : {"id":"698f28d799b35470f53dd6e2","role":"PROVIDER"}[39m
[2026-02-22 19:35:00] [[32minfo[39m]: [32m[GATEWAY PROXY] PATCH /provider/profile/push-notification → http://localhost:4000/api/provider/profile/push-notification[39m
[2026-02-22 19:35:00] [[32minfo[39m]: [32mexpressReq.user : {"id":"698f28d799b35470f53dd6e2","role":"PROVIDER"}[39m
[2026-02-22 19:35:00] [[32minfo[39m]: [32m[GATEWAY PROXY] PATCH /provider/profile/push-notification → http://localhost:4000/api/provider/profile/push-notification[39m
[2026-02-22 19:35:00] [[32minfo[39m]: [32mexpressReq.user : {"id":"698f28d799b35470f53dd6e2","role":"PROVIDER"}[39m
[2026-02-22 19:35:01] [[32minfo[39m]: [32m[GATEWAY PROXY] PATCH /provider/profile/push-notification → http://localhost:4000/api/provider/profile/push-notification[39m
[2026-02-22 19:35:01] [[32minfo[39m]: [32mexpressReq.user : {"id":"698f28d799b35470f53dd6e2","role":"PROVIDER"}[39m
[2026-02-22 19:35:02] [[32minfo[39m]: [32m[GATEWAY PROXY] PATCH /provider/profile/push-notification → http://localhost:4000/api/provider/profile/push-notification[39m
[2026-02-22 19:35:02] [[32minfo[39m]: [32mexpressReq.user : {"id":"698f28d799b35470f53dd6e2","role":"PROVIDER"}[39m
[2026-02-22 19:35:02] [[32minfo[39m]: [32m[GATEWAY PROXY] PATCH /provider/profile/push-notification → http://localhost:4000/api/provider/profile/push-notification[39m
[2026-02-22 19:35:02] [[32minfo[39m]: [32mexpressReq.user : {"id":"698f28d799b35470f53dd6e2","role":"PROVIDER"}[39m
[2026-02-22 19:35:02] [[32minfo[39m]: [32m[GATEWAY PROXY] PATCH /provider/profile/push-notification → http://localhost:4000/api/provider/profile/push-notification[39m
[2026-02-22 19:35:02] [[32minfo[39m]: [32mexpressReq.user : {"id":"698f28d799b35470f53dd6e2","role":"PROVIDER"}[39m
[2026-02-22 19:35:02] [[32minfo[39m]: [32m[GATEWAY PROXY] PATCH /provider/profile/push-notification → http://localhost:4000/api/provider/profile/push-notification[39m
[2026-02-22 19:35:02] [[32minfo[39m]: [32mexpressReq.user : {"id":"698f28d799b35470f53dd6e2","role":"PROVIDER"}[39m
[2026-02-22 19:35:03] [[32minfo[39m]: [32m[GATEWAY PROXY] PATCH /provider/profile/push-notification → http://localhost:4000/api/provider/profile/push-notification[39m
[2026-02-22 19:35:03] [[32minfo[39m]: [32mexpressReq.user : {"id":"698f28d799b35470f53dd6e2","role":"PROVIDER"}[39m
[2026-02-22 19:35:03] [[32minfo[39m]: [32m[GATEWAY PROXY] PATCH /provider/profile/push-notification → http://localhost:4000/api/provider/profile/push-notification[39m
[2026-02-22 19:35:03] [[32minfo[39m]: [32mexpressReq.user : {"id":"698f28d799b35470f53dd6e2","role":"PROVIDER"}[39m
[2026-02-22 19:35:03] [[32minfo[39m]: [32m[GATEWAY PROXY] PATCH /provider/profile/push-notification → http://localhost:4000/api/provider/profile/push-notification[39m
[2026-02-22 19:35:03] [[32minfo[39m]: [32mexpressReq.user : {"id":"698f28d799b35470f53dd6e2","role":"PROVIDER"}[39m
[2026-02-22 19:35:03] [[32minfo[39m]: [32m[GATEWAY PROXY] PATCH /provider/profile/push-notification → http://localhost:4000/api/provider/profile/push-notification[39m
[2026-02-22 19:35:03] [[32minfo[39m]: [32mexpressReq.user : {"id":"698f28d799b35470f53dd6e2","role":"PROVIDER"}[39m
[2026-02-22 19:35:03] [[32minfo[39m]: [32m[GATEWAY PROXY] PATCH /provider/profile/push-notification → http://localhost:4000/api/provider/profile/push-notification[39m
[2026-02-22 19:35:03] [[32minfo[39m]: [32mexpressReq.user : {"id":"698f28d799b35470f53dd6e2","role":"PROVIDER"}[39m
[2026-02-22 19:35:03] [[32minfo[39m]: [32m[GATEWAY PROXY] PATCH /provider/profile/push-notification → http://localhost:4000/api/provider/profile/push-notification[39m
[2026-02-22 19:35:03] [[32minfo[39m]: [32mexpressReq.user : {"id":"698f28d799b35470f53dd6e2","role":"PROVIDER"}[39m
[2026-02-22 19:35:03] [[32minfo[39m]: [32m[GATEWAY PROXY] PATCH /provider/profile/push-notification → http://localhost:4000/api/provider/profile/push-notification[39m
[2026-02-22 19:35:03] [[32minfo[39m]: [32mexpressReq.user : {"id":"698f28d799b35470f53dd6e2","role":"PROVIDER"}[39m
[2026-02-22 19:35:04] [[32minfo[39m]: [32m[GATEWAY PROXY] PATCH /provider/profile/push-notification → http://localhost:4000/api/provider/profile/push-notification[39m
[2026-02-22 19:35:04] [[32minfo[39m]: [32mexpressReq.user : {"id":"698f28d799b35470f53dd6e2","role":"PROVIDER"}[39m
[2026-02-22 19:35:04] [[32minfo[39m]: [32m[GATEWAY PROXY] PATCH /provider/profile/push-notification → http://localhost:4000/api/provider/profile/push-notification[39m
[2026-02-22 19:35:04] [[32minfo[39m]: [32mexpressReq.user : {"id":"698f28d799b35470f53dd6e2","role":"PROVIDER"}[39m
[2026-02-22 19:35:04] [[32minfo[39m]: [32m[GATEWAY PROXY] PATCH /provider/profile/push-notification → http://localhost:4000/api/provider/profile/push-notification[39m
[2026-02-22 19:35:04] [[32minfo[39m]: [32mexpressReq.user : {"id":"698f28d799b35470f53dd6e2","role":"PROVIDER"}[39m
[2026-02-22 19:35:04] [[32minfo[39m]: [32m[GATEWAY PROXY] PATCH /provider/profile/push-notification → http://localhost:4000/api/provider/profile/push-notification[39m
[2026-02-22 19:35:04] [[32minfo[39m]: [32mexpressReq.user : {"id":"698f28d799b35470f53dd6e2","role":"PROVIDER"}[39m
[2026-02-22 19:35:04] [[32minfo[39m]: [32m[GATEWAY PROXY] PATCH /provider/profile/push-notification → http://localhost:4000/api/provider/profile/push-notification[39m
[2026-02-22 19:35:04] [[32minfo[39m]: [32mexpressReq.user : {"id":"698f28d799b35470f53dd6e2","role":"PROVIDER"}[39m
[2026-02-22 19:35:05] [[32minfo[39m]: [32m[GATEWAY PROXY] PATCH /provider/profile/push-notification → http://localhost:4000/api/provider/profile/push-notification[39m
[2026-02-22 19:35:05] [[32minfo[39m]: [32mexpressReq.user : {"id":"698f28d799b35470f53dd6e2","role":"PROVIDER"}[39m
[2026-02-22 19:35:05] [[32minfo[39m]: [32m[GATEWAY PROXY] PATCH /provider/profile/push-notification → http://localhost:4000/api/provider/profile/push-notification[39m
[2026-02-22 19:35:05] [[32minfo[39m]: [32mexpressReq.user : {"id":"698f28d799b35470f53dd6e2","role":"PROVIDER"}[39m
[2026-02-22 19:35:05] [[32minfo[39m]: [32m[GATEWAY PROXY] PATCH /provider/profile/push-notification → http://localhost:4000/api/provider/profile/push-notification[39m
[2026-02-22 19:35:05] [[32minfo[39m]: [32mexpressReq.user : {"id":"698f28d799b35470f53dd6e2","role":"PROVIDER"}[39m
[2026-02-22 19:35:05] [[32minfo[39m]: [32m[GATEWAY PROXY] PATCH /provider/profile/push-notification → http://localhost:4000/api/provider/profile/push-notification[39m
[2026-02-22 19:35:05] [[32minfo[39m]: [32mexpressReq.user : {"id":"698f28d799b35470f53dd6e2","role":"PROVIDER"}[39m
[2026-02-22 19:35:05] [[32minfo[39m]: [32m[GATEWAY PROXY] PATCH /provider/profile/push-notification → http://localhost:4000/api/provider/profile/push-notification[39m
[2026-02-22 19:35:05] [[32minfo[39m]: [32mexpressReq.user : {"id":"698f28d799b35470f53dd6e2","role":"PROVIDER"}[39m
[2026-02-22 19:35:05] [[32minfo[39m]: [32m[GATEWAY PROXY] PATCH /provider/profile/push-notification → http://localhost:4000/api/provider/profile/push-notification[39m
[2026-02-22 19:35:05] [[32minfo[39m]: [32mexpressReq.user : {"id":"698f28d799b35470f53dd6e2","role":"PROVIDER"}[39m
[2026-02-22 19:35:06] [[32minfo[39m]: [32m[GATEWAY PROXY] PATCH /provider/profile/push-notification → http://localhost:4000/api/provider/profile/push-notification[39m
[2026-02-22 19:35:06] [[32minfo[39m]: [32mexpressReq.user : {"id":"698f28d799b35470f53dd6e2","role":"PROVIDER"}[39m
[2026-02-22 19:35:06] [[32minfo[39m]: [32m[GATEWAY PROXY] PATCH /provider/profile/push-notification → http://localhost:4000/api/provider/profile/push-notification[39m
[2026-02-22 19:35:06] [[32minfo[39m]: [32mexpressReq.user : {"id":"698f28d799b35470f53dd6e2","role":"PROVIDER"}[39m
[2026-02-22 19:35:07] [[32minfo[39m]: [32m[GATEWAY PROXY] PATCH /provider/profile/push-notification → http://localhost:4000/api/provider/profile/push-notification[39m
[2026-02-22 19:35:07] [[32minfo[39m]: [32mexpressReq.user : {"id":"698f28d799b35470f53dd6e2","role":"PROVIDER"}[39m
[2026-02-22 19:35:07] [[32minfo[39m]: [32m[GATEWAY PROXY] PATCH /provider/profile/push-notification → http://localhost:4000/api/provider/profile/push-notification[39m
[2026-02-22 19:35:07] [[32minfo[39m]: [32mexpressReq.user : {"id":"698f28d799b35470f53dd6e2","role":"PROVIDER"}[39m
[2026-02-22 19:35:07] [[32minfo[39m]: [32m[GATEWAY PROXY] PATCH /provider/profile/push-notification → http://localhost:4000/api/provider/profile/push-notification[39m
[2026-02-22 19:35:07] [[32minfo[39m]: [32mexpressReq.user : {"id":"698f28d799b35470f53dd6e2","role":"PROVIDER"}[39m
[2026-02-22 19:35:07] [[32minfo[39m]: [32m[GATEWAY PROXY] PATCH /provider/profile/push-notification → http://localhost:4000/api/provider/profile/push-notification[39m
[2026-02-22 19:35:07] [[32minfo[39m]: [32mexpressReq.user : {"id":"698f28d799b35470f53dd6e2","role":"PROVIDER"}[39m
[2026-02-22 19:35:07] [[32minfo[39m]: [32m[GATEWAY PROXY] PATCH /provider/profile/push-notification → http://localhost:4000/api/provider/profile/push-notification[39m
[2026-02-22 19:35:07] [[32minfo[39m]: [32mexpressReq.user : {"id":"698f28d799b35470f53dd6e2","role":"PROVIDER"}[39m
[2026-02-22 19:35:08] [[32minfo[39m]: [32m[GATEWAY PROXY] PATCH /provider/profile/push-notification → http://localhost:4000/api/provider/profile/push-notification[39m
[2026-02-22 19:35:08] [[32minfo[39m]: [32mexpressReq.user : {"id":"698f28d799b35470f53dd6e2","role":"PROVIDER"}[39m
[2026-02-22 19:35:08] [[32minfo[39m]: [32m[GATEWAY PROXY] PATCH /provider/profile/push-notification → http://localhost:4000/api/provider/profile/push-notification[39m
[2026-02-22 19:35:08] [[32minfo[39m]: [32mexpressReq.user : {"id":"698f28d799b35470f53dd6e2","role":"PROVIDER"}[39m
[2026-02-22 19:35:08] [[32minfo[39m]: [32m[GATEWAY PROXY] PATCH /provider/profile/push-notification → http://localhost:4000/api/provider/profile/push-notification[39m
[2026-02-22 19:35:08] [[32minfo[39m]: [32mexpressReq.user : {"id":"698f28d799b35470f53dd6e2","role":"PROVIDER"}[39m
[2026-02-22 19:35:08] [[32minfo[39m]: [32m[GATEWAY PROXY] PATCH /provider/profile/push-notification → http://localhost:4000/api/provider/profile/push-notification[39m
[2026-02-22 19:35:08] [[32minfo[39m]: [32mexpressReq.user : {"id":"698f28d799b35470f53dd6e2","role":"PROVIDER"}[39m
[2026-02-22 19:35:08] [[32minfo[39m]: [32m[GATEWAY PROXY] PATCH /provider/profile/push-notification → http://localhost:4000/api/provider/profile/push-notification[39m
[2026-02-22 19:35:08] [[32minfo[39m]: [32mexpressReq.user : {"id":"698f28d799b35470f53dd6e2","role":"PROVIDER"}[39m
[2026-02-22 19:35:09] [[32minfo[39m]: [32m[GATEWAY PROXY] PATCH /provider/profile/push-notification → http://localhost:4000/api/provider/profile/push-notification[39m
[2026-02-22 19:35:09] [[32minfo[39m]: [32mexpressReq.user : {"id":"698f28d799b35470f53dd6e2","role":"PROVIDER"}[39m
[2026-02-22 19:35:09] [[32minfo[39m]: [32m[GATEWAY PROXY] PATCH /provider/profile/push-notification → http://localhost:4000/api/provider/profile/push-notification[39m
[2026-02-22 19:35:09] [[32minfo[39m]: [32mexpressReq.user : {"id":"698f28d799b35470f53dd6e2","role":"PROVIDER"}[39m
[2026-02-22 19:35:09] [[32minfo[39m]: [32m[GATEWAY PROXY] PATCH /provider/profile/push-notification → http://localhost:4000/api/provider/profile/push-notification[39m
[2026-02-22 19:35:09] [[32minfo[39m]: [32mexpressReq.user : {"id":"698f28d799b35470f53dd6e2","role":"PROVIDER"}[39m
[2026-02-22 19:35:10] [[32minfo[39m]: [32m[GATEWAY PROXY] PATCH /provider/profile/push-notification → http://localhost:4000/api/provider/profile/push-notification[39m
[2026-02-22 19:35:10] [[32minfo[39m]: [32mexpressReq.user : {"id":"698f28d799b35470f53dd6e2","role":"PROVIDER"}[39m
[2026-02-22 19:35:10] [[32minfo[39m]: [32m[GATEWAY PROXY] PATCH /provider/profile/push-notification → http://localhost:4000/api/provider/profile/push-notification[39m
[2026-02-22 19:35:10] [[32minfo[39m]: [32mexpressReq.user : {"id":"698f28d799b35470f53dd6e2","role":"PROVIDER"}[39m
[2026-02-22 19:35:10] [[32minfo[39m]: [32m[GATEWAY PROXY] PATCH /provider/profile/push-notification → http://localhost:4000/api/provider/profile/push-notification[39m
[2026-02-22 19:35:10] [[32minfo[39m]: [32mexpressReq.user : {"id":"698f28d799b35470f53dd6e2","role":"PROVIDER"}[39m
[2026-02-22 19:35:10] [[32minfo[39m]: [32m[GATEWAY PROXY] PATCH /provider/profile/push-notification → http://localhost:4000/api/provider/profile/push-notification[39m
[2026-02-22 19:35:10] [[32minfo[39m]: [32mexpressReq.user : {"id":"698f28d799b35470f53dd6e2","role":"PROVIDER"}[39m
[2026-02-22 19:35:11] [[32minfo[39m]: [32m[GATEWAY PROXY] PATCH /provider/profile/push-notification → http://localhost:4000/api/provider/profile/push-notification[39m
[2026-02-22 19:35:11] [[32minfo[39m]: [32mexpressReq.user : {"id":"698f28d799b35470f53dd6e2","role":"PROVIDER"}[39m
[2026-02-22 19:35:11] [[32minfo[39m]: [32m[GATEWAY PROXY] PATCH /provider/profile/push-notification → http://localhost:4000/api/provider/profile/push-notification[39m
[2026-02-22 19:35:11] [[32minfo[39m]: [32mexpressReq.user : {"id":"698f28d799b35470f53dd6e2","role":"PROVIDER"}[39m
[2026-02-22 19:35:11] [[32minfo[39m]: [32m[GATEWAY PROXY] PATCH /provider/profile/push-notification → http://localhost:4000/api/provider/profile/push-notification[39m
[2026-02-22 19:35:11] [[32minfo[39m]: [32mexpressReq.user : {"id":"698f28d799b35470f53dd6e2","role":"PROVIDER"}[39m
[2026-02-22 19:35:11] [[32minfo[39m]: [32m[GATEWAY PROXY] PATCH /provider/profile/push-notification → http://localhost:4000/api/provider/profile/push-notification[39m
[2026-02-22 19:35:11] [[32minfo[39m]: [32mexpressReq.user : {"id":"698f28d799b35470f53dd6e2","role":"PROVIDER"}[39m
[2026-02-22 19:35:11] [[32minfo[39m]: [32m[GATEWAY PROXY] PATCH /provider/profile/push-notification → http://localhost:4000/api/provider/profile/push-notification[39m
[2026-02-22 19:35:11] [[32minfo[39m]: [32mexpressReq.user : {"id":"698f28d799b35470f53dd6e2","role":"PROVIDER"}[39m
[2026-02-22 19:35:12] [[32minfo[39m]: [32m[GATEWAY PROXY] PATCH /provider/profile/push-notification → http://localhost:4000/api/provider/profile/push-notification[39m
[2026-02-22 19:35:12] [[32minfo[39m]: [32mexpressReq.user : {"id":"698f28d799b35470f53dd6e2","role":"PROVIDER"}[39m
[2026-02-22 19:35:12] [[32minfo[39m]: [32m[GATEWAY PROXY] PATCH /provider/profile/push-notification → http://localhost:4000/api/provider/profile/push-notification[39m
[2026-02-22 19:35:12] [[32minfo[39m]: [32mexpressReq.user : {"id":"698f28d799b35470f53dd6e2","role":"PROVIDER"}[39m
[2026-02-22 19:35:12] [[32minfo[39m]: [32m[GATEWAY PROXY] PATCH /provider/profile/push-notification → http://localhost:4000/api/provider/profile/push-notification[39m
[2026-02-22 19:35:12] [[32minfo[39m]: [32mexpressReq.user : {"id":"698f28d799b35470f53dd6e2","role":"PROVIDER"}[39m
[2026-02-22 19:35:14] [[32minfo[39m]: [32m[GATEWAY PROXY] PATCH /provider/profile/push-notification → http://localhost:4000/api/provider/profile/push-notification[39m
[2026-02-22 19:35:14] [[32minfo[39m]: [32mexpressReq.user : {"id":"698f28d799b35470f53dd6e2","role":"PROVIDER"}[39m
[2026-02-22 19:35:14] [[32minfo[39m]: [32m[GATEWAY PROXY] PATCH /provider/profile/push-notification → http://localhost:4000/api/provider/profile/push-notification[39m
[2026-02-22 19:35:14] [[32minfo[39m]: [32mexpressReq.user : {"id":"698f28d799b35470f53dd6e2","role":"PROVIDER"}[39m
[2026-02-22 19:35:14] [[32minfo[39m]: [32m[GATEWAY PROXY] PATCH /provider/profile/push-notification → http://localhost:4000/api/provider/profile/push-notification[39m
[2026-02-22 19:35:14] [[32minfo[39m]: [32mexpressReq.user : {"id":"698f28d799b35470f53dd6e2","role":"PROVIDER"}[39m
[2026-02-22 19:35:14] [[32minfo[39m]: [32m[GATEWAY PROXY] PATCH /provider/profile/push-notification → http://localhost:4000/api/provider/profile/push-notification[39m
[2026-02-22 19:35:14] [[32minfo[39m]: [32mexpressReq.user : {"id":"698f28d799b35470f53dd6e2","role":"PROVIDER"}[39m
[2026-02-22 19:35:15] [[32minfo[39m]: [32m[GATEWAY PROXY] PATCH /provider/profile/push-notification → http://localhost:4000/api/provider/profile/push-notification[39m
[2026-02-22 19:35:15] [[32minfo[39m]: [32mexpressReq.user : {"id":"698f28d799b35470f53dd6e2","role":"PROVIDER"}[39m
[2026-02-22 19:35:15] [[32minfo[39m]: [32m[GATEWAY PROXY] PATCH /provider/profile/push-notification → http://localhost:4000/api/provider/profile/push-notification[39m
[2026-02-22 19:35:15] [[32minfo[39m]: [32mexpressReq.user : {"id":"698f28d799b35470f53dd6e2","role":"PROVIDER"}[39m
[2026-02-22 19:35:15] [[32minfo[39m]: [32m[GATEWAY PROXY] PATCH /provider/profile/push-notification → http://localhost:4000/api/provider/profile/push-notification[39m
[2026-02-22 19:35:15] [[32minfo[39m]: [32mexpressReq.user : {"id":"698f28d799b35470f53dd6e2","role":"PROVIDER"}[39m
[2026-02-22 19:35:15] [[32minfo[39m]: [32m[GATEWAY PROXY] PATCH /provider/profile/push-notification → http://localhost:4000/api/provider/profile/push-notification[39m
[2026-02-22 19:35:15] [[32minfo[39m]: [32mexpressReq.user : {"id":"698f28d799b35470f53dd6e2","role":"PROVIDER"}[39m
[2026-02-22 19:35:15] [[32minfo[39m]: [32m[GATEWAY PROXY] PATCH /provider/profile/push-notification → http://localhost:4000/api/provider/profile/push-notification[39m
[2026-02-22 19:35:15] [[32minfo[39m]: [32mexpressReq.user : {"id":"698f28d799b35470f53dd6e2","role":"PROVIDER"}[39m
[2026-02-22 19:35:16] [[32minfo[39m]: [32m[GATEWAY PROXY] PATCH /provider/profile/push-notification → http://localhost:4000/api/provider/profile/push-notification[39m
[2026-02-22 19:35:16] [[32minfo[39m]: [32mexpressReq.user : {"id":"698f28d799b35470f53dd6e2","role":"PROVIDER"}[39m
[2026-02-22 19:35:16] [[32minfo[39m]: [32m[GATEWAY PROXY] PATCH /provider/profile/push-notification → http://localhost:4000/api/provider/profile/push-notification[39m
[2026-02-22 19:35:16] [[32minfo[39m]: [32mexpressReq.user : {"id":"698f28d799b35470f53dd6e2","role":"PROVIDER"}[39m
[2026-02-22 19:35:16] [[32minfo[39m]: [32m[GATEWAY PROXY] PATCH /provider/profile/push-notification → http://localhost:4000/api/provider/profile/push-notification[39m
[2026-02-22 19:35:16] [[32minfo[39m]: [32mexpressReq.user : {"id":"698f28d799b35470f53dd6e2","role":"PROVIDER"}[39m
[2026-02-22 19:35:16] [[32minfo[39m]: [32m[GATEWAY PROXY] PATCH /provider/profile/push-notification → http://localhost:4000/api/provider/profile/push-notification[39m
[2026-02-22 19:35:16] [[32minfo[39m]: [32mexpressReq.user : {"id":"698f28d799b35470f53dd6e2","role":"PROVIDER"}[39m
[2026-02-22 19:35:17] [[32minfo[39m]: [32m[GATEWAY PROXY] PATCH /provider/profile/push-notification → http://localhost:4000/api/provider/profile/push-notification[39m
[2026-02-22 19:35:17] [[32minfo[39m]: [32mexpressReq.user : {"id":"698f28d799b35470f53dd6e2","role":"PROVIDER"}[39m
[2026-02-22 19:35:17] [[32minfo[39m]: [32m[GATEWAY PROXY] PATCH /provider/profile/push-notification → http://localhost:4000/api/provider/profile/push-notification[39m
[2026-02-22 19:35:17] [[32minfo[39m]: [32mexpressReq.user : {"id":"698f28d799b35470f53dd6e2","role":"PROVIDER"}[39m
[2026-02-22 19:35:18] [[32minfo[39m]: [32m[GATEWAY PROXY] PATCH /provider/profile/push-notification → http://localhost:4000/api/provider/profile/push-notification[39m
[2026-02-22 19:35:18] [[32minfo[39m]: [32mexpressReq.user : {"id":"698f28d799b35470f53dd6e2","role":"PROVIDER"}[39m
[2026-02-22 19:35:18] [[32minfo[39m]: [32m[GATEWAY PROXY] PATCH /provider/profile/push-notification → http://localhost:4000/api/provider/profile/push-notification[39m
[2026-02-22 19:35:18] [[32minfo[39m]: [32mexpressReq.user : {"id":"698f28d799b35470f53dd6e2","role":"PROVIDER"}[39m
[2026-02-22 19:35:18] [[32minfo[39m]: [32m[GATEWAY PROXY] GET /provider/dashboard/stats → http://localhost:4000/api/provider/dashboard/stats[39m
[2026-02-22 19:35:18] [[32minfo[39m]: [32mexpressReq.user : {"id":"698f28d799b35470f53dd6e2","role":"PROVIDER"}[39m
[2026-02-22 19:35:18] [[32minfo[39m]: [32m[GATEWAY PROXY] PATCH /provider/profile/push-notification → http://localhost:4000/api/provider/profile/push-notification[39m
[2026-02-22 19:35:18] [[32minfo[39m]: [32mexpressReq.user : {"id":"698f28d799b35470f53dd6e2","role":"PROVIDER"}[39m
[2026-02-22 19:35:18] [[32minfo[39m]: [32m[GATEWAY PROXY] PATCH /provider/profile/push-notification → http://localhost:4000/api/provider/profile/push-notification[39m
[2026-02-22 19:35:18] [[32minfo[39m]: [32mexpressReq.user : {"id":"698f28d799b35470f53dd6e2","role":"PROVIDER"}[39m
[2026-02-22 19:35:18] [[32minfo[39m]: [32m[GATEWAY PROXY] PATCH /provider/profile/push-notification → http://localhost:4000/api/provider/profile/push-notification[39m
[2026-02-22 19:35:18] [[32minfo[39m]: [32mexpressReq.user : {"id":"698f28d799b35470f53dd6e2","role":"PROVIDER"}[39m
[2026-02-22 19:35:18] [[32minfo[39m]: [32m[GATEWAY PROXY] PATCH /provider/profile/push-notification → http://localhost:4000/api/provider/profile/push-notification[39m
[2026-02-22 19:35:18] [[32minfo[39m]: [32mexpressReq.user : {"id":"698f28d799b35470f53dd6e2","role":"PROVIDER"}[39m
[2026-02-22 19:35:19] [[32minfo[39m]: [32m[GATEWAY PROXY] PATCH /provider/profile/push-notification → http://localhost:4000/api/provider/profile/push-notification[39m
[2026-02-22 19:35:19] [[32minfo[39m]: [32mexpressReq.user : {"id":"698f28d799b35470f53dd6e2","role":"PROVIDER"}[39m
[2026-02-22 19:35:19] [[32minfo[39m]: [32m[GATEWAY PROXY] PATCH /provider/profile/push-notification → http://localhost:4000/api/provider/profile/push-notification[39m
[2026-02-22 19:35:19] [[32minfo[39m]: [32mexpressReq.user : {"id":"698f28d799b35470f53dd6e2","role":"PROVIDER"}[39m
[2026-02-22 19:35:19] [[32minfo[39m]: [32m[GATEWAY PROXY] PATCH /provider/profile/push-notification → http://localhost:4000/api/provider/profile/push-notification[39m
[2026-02-22 19:35:19] [[32minfo[39m]: [32mexpressReq.user : {"id":"698f28d799b35470f53dd6e2","role":"PROVIDER"}[39m
[2026-02-22 19:35:19] [[32minfo[39m]: [32m[GATEWAY PROXY] PATCH /provider/profile/push-notification → http://localhost:4000/api/provider/profile/push-notification[39m
[2026-02-22 19:35:19] [[32minfo[39m]: [32mexpressReq.user : {"id":"698f28d799b35470f53dd6e2","role":"PROVIDER"}[39m
[2026-02-22 19:35:19] [[32minfo[39m]: [32m[GATEWAY PROXY] PATCH /provider/profile/push-notification → http://localhost:4000/api/provider/profile/push-notification[39m
[2026-02-22 19:35:19] [[32minfo[39m]: [32mexpressReq.user : {"id":"698f28d799b35470f53dd6e2","role":"PROVIDER"}[39m
[2026-02-22 19:35:19] [[32minfo[39m]: [32m[GATEWAY PROXY] PATCH /provider/profile/push-notification → http://localhost:4000/api/provider/profile/push-notification[39m
[2026-02-22 19:35:19] [[32minfo[39m]: [32mexpressReq.user : {"id":"698f28d799b35470f53dd6e2","role":"PROVIDER"}[39m
[2026-02-22 19:35:19] [[32minfo[39m]: [32m[GATEWAY PROXY] PATCH /provider/profile/push-notification → http://localhost:4000/api/provider/profile/push-notification[39m
[2026-02-22 19:35:19] [[32minfo[39m]: [32mexpressReq.user : {"id":"698f28d799b35470f53dd6e2","role":"PROVIDER"}[39m
[2026-02-22 19:35:19] [[32minfo[39m]: [32m[GATEWAY PROXY] PATCH /provider/profile/push-notification → http://localhost:4000/api/provider/profile/push-notification[39m
[2026-02-22 19:35:19] [[32minfo[39m]: [32mexpressReq.user : {"id":"698f28d799b35470f53dd6e2","role":"PROVIDER"}[39m
[2026-02-22 19:35:20] [[32minfo[39m]: [32m[GATEWAY PROXY] PATCH /provider/profile/push-notification → http://localhost:4000/api/provider/profile/push-notification[39m
[2026-02-22 19:35:20] [[32minfo[39m]: [32mexpressReq.user : {"id":"698f28d799b35470f53dd6e2","role":"PROVIDER"}[39m
[2026-02-22 19:35:20] [[32minfo[39m]: [32m[GATEWAY PROXY] PATCH /provider/profile/push-notification → http://localhost:4000/api/provider/profile/push-notification[39m
[2026-02-22 19:35:20] [[32minfo[39m]: [32mexpressReq.user : {"id":"698f28d799b35470f53dd6e2","role":"PROVIDER"}[39m
[2026-02-22 19:35:20] [[32minfo[39m]: [32m[GATEWAY PROXY] PATCH /provider/profile/push-notification → http://localhost:4000/api/provider/profile/push-notification[39m
[2026-02-22 19:35:20] [[32minfo[39m]: [32mexpressReq.user : {"id":"698f28d799b35470f53dd6e2","role":"PROVIDER"}[39m
[2026-02-22 19:35:20] [[32minfo[39m]: [32m[GATEWAY PROXY] PATCH /provider/profile/push-notification → http://localhost:4000/api/provider/profile/push-notification[39m
[2026-02-22 19:35:20] [[32minfo[39m]: [32mexpressReq.user : {"id":"698f28d799b35470f53dd6e2","role":"PROVIDER"}[39m
[2026-02-22 19:35:20] [[32minfo[39m]: [32m[GATEWAY PROXY] PATCH /provider/profile/push-notification → http://localhost:4000/api/provider/profile/push-notification[39m
[2026-02-22 19:35:20] [[32minfo[39m]: [32mexpressReq.user : {"id":"698f28d799b35470f53dd6e2","role":"PROVIDER"}[39m
[2026-02-22 19:35:21] [[32minfo[39m]: [32m[GATEWAY PROXY] PATCH /provider/profile/push-notification → http://localhost:4000/api/provider/profile/push-notification[39m
[2026-02-22 19:35:21] [[32minfo[39m]: [32mexpressReq.user : {"id":"698f28d799b35470f53dd6e2","role":"PROVIDER"}[39m
[2026-02-22 19:35:21] [[32minfo[39m]: [32m[GATEWAY PROXY] PATCH /provider/profile/push-notification → http://localhost:4000/api/provider/profile/push-notification[39m
[2026-02-22 19:35:21] [[32minfo[39m]: [32mexpressReq.user : {"id":"698f28d799b35470f53dd6e2","role":"PROVIDER"}[39m
[2026-02-22 19:35:21] [[32minfo[39m]: [32m[GATEWAY PROXY] PATCH /provider/profile/push-notification → http://localhost:4000/api/provider/profile/push-notification[39m
[2026-02-22 19:35:21] [[32minfo[39m]: [32mexpressReq.user : {"id":"698f28d799b35470f53dd6e2","role":"PROVIDER"}[39m
[2026-02-22 19:35:21] [[32minfo[39m]: [32m[GATEWAY PROXY] PATCH /provider/profile/push-notification → http://localhost:4000/api/provider/profile/push-notification[39m
[2026-02-22 19:35:21] [[32minfo[39m]: [32mexpressReq.user : {"id":"698f28d799b35470f53dd6e2","role":"PROVIDER"}[39m
[2026-02-22 19:35:21] [[32minfo[39m]: [32m[GATEWAY PROXY] PATCH /provider/profile/push-notification → http://localhost:4000/api/provider/profile/push-notification[39m
[2026-02-22 19:35:21] [[32minfo[39m]: [32mexpressReq.user : {"id":"698f28d799b35470f53dd6e2","role":"PROVIDER"}[39m
[2026-02-22 19:35:22] [[32minfo[39m]: [32m[GATEWAY PROXY] PATCH /provider/profile/push-notification → http://localhost:4000/api/provider/profile/push-notification[39m
[2026-02-22 19:35:22] [[32minfo[39m]: [32mexpressReq.user : {"id":"698f28d799b35470f53dd6e2","role":"PROVIDER"}[39m
[2026-02-22 19:35:22] [[32minfo[39m]: [32m[GATEWAY PROXY] PATCH /provider/profile/push-notification → http://localhost:4000/api/provider/profile/push-notification[39m
[2026-02-22 19:35:22] [[32minfo[39m]: [32mexpressReq.user : {"id":"698f28d799b35470f53dd6e2","role":"PROVIDER"}[39m
[2026-02-22 19:35:22] [[32minfo[39m]: [32m[GATEWAY PROXY] PATCH /provider/profile/push-notification → http://localhost:4000/api/provider/profile/push-notification[39m
[2026-02-22 19:35:22] [[32minfo[39m]: [32mexpressReq.user : {"id":"698f28d799b35470f53dd6e2","role":"PROVIDER"}[39m
[2026-02-22 19:35:22] [[32minfo[39m]: [32m[GATEWAY PROXY] PATCH /provider/profile/push-notification → http://localhost:4000/api/provider/profile/push-notification[39m
[2026-02-22 19:35:22] [[32minfo[39m]: [32mexpressReq.user : {"id":"698f28d799b35470f53dd6e2","role":"PROVIDER"}[39m
[2026-02-22 19:35:22] [[32minfo[39m]: [32m[GATEWAY PROXY] PATCH /provider/profile/push-notification → http://localhost:4000/api/provider/profile/push-notification[39m
[2026-02-22 19:35:22] [[32minfo[39m]: [32mexpressReq.user : {"id":"698f28d799b35470f53dd6e2","role":"PROVIDER"}[39m
[2026-02-22 19:35:22] [[32minfo[39m]: [32m[GATEWAY PROXY] PATCH /provider/profile/push-notification → http://localhost:4000/api/provider/profile/push-notification[39m
[2026-02-22 19:35:22] [[32minfo[39m]: [32mexpressReq.user : {"id":"698f28d799b35470f53dd6e2","role":"PROVIDER"}[39m
[2026-02-22 19:35:23] [[32minfo[39m]: [32m[GATEWAY PROXY] PATCH /provider/profile/push-notification → http://localhost:4000/api/provider/profile/push-notification[39m
[2026-02-22 19:35:23] [[32minfo[39m]: [32mexpressReq.user : {"id":"698f28d799b35470f53dd6e2","role":"PROVIDER"}[39m
[2026-02-22 19:35:23] [[32minfo[39m]: [32m[GATEWAY PROXY] PATCH /provider/profile/push-notification → http://localhost:4000/api/provider/profile/push-notification[39m
[2026-02-22 19:35:23] [[32minfo[39m]: [32mexpressReq.user : {"id":"698f28d799b35470f53dd6e2","role":"PROVIDER"}[39m
[2026-02-22 19:35:23] [[32minfo[39m]: [32m[GATEWAY PROXY] PATCH /provider/profile/push-notification → http://localhost:4000/api/provider/profile/push-notification[39m
[2026-02-22 19:35:23] [[32minfo[39m]: [32mexpressReq.user : {"id":"698f28d799b35470f53dd6e2","role":"PROVIDER"}[39m
[2026-02-22 19:35:23] [[32minfo[39m]: [32m[GATEWAY PROXY] PATCH /provider/profile/push-notification → http://localhost:4000/api/provider/profile/push-notification[39m
[2026-02-22 19:35:23] [[32minfo[39m]: [32mexpressReq.user : {"id":"698f28d799b35470f53dd6e2","role":"PROVIDER"}[39m
[2026-02-22 19:35:24] [[32minfo[39m]: [32m[GATEWAY PROXY] PATCH /provider/profile/push-notification → http://localhost:4000/api/provider/profile/push-notification[39m
[2026-02-22 19:35:24] [[32minfo[39m]: [32mexpressReq.user : {"id":"698f28d799b35470f53dd6e2","role":"PROVIDER"}[39m
[2026-02-22 19:35:24] [[32minfo[39m]: [32m[GATEWAY PROXY] PATCH /provider/profile/push-notification → http://localhost:4000/api/provider/profile/push-notification[39m
[2026-02-22 19:35:24] [[32minfo[39m]: [32mexpressReq.user : {"id":"698f28d799b35470f53dd6e2","role":"PROVIDER"}[39m
[2026-02-22 19:35:24] [[32minfo[39m]: [32m[GATEWAY PROXY] PATCH /provider/profile/push-notification → http://localhost:4000/api/provider/profile/push-notification[39m
[2026-02-22 19:35:24] [[32minfo[39m]: [32mexpressReq.user : {"id":"698f28d799b35470f53dd6e2","role":"PROVIDER"}[39m
[2026-02-22 19:35:24] [[32minfo[39m]: [32m[GATEWAY PROXY] PATCH /provider/profile/push-notification → http://localhost:4000/api/provider/profile/push-notification[39m
[2026-02-22 19:35:24] [[32minfo[39m]: [32mexpressReq.user : {"id":"698f28d799b35470f53dd6e2","role":"PROVIDER"}[39m
[2026-02-22 19:35:24] [[32minfo[39m]: [32m[GATEWAY PROXY] PATCH /provider/profile/push-notification → http://localhost:4000/api/provider/profile/push-notification[39m
[2026-02-22 19:35:24] [[32minfo[39m]: [32mexpressReq.user : {"id":"698f28d799b35470f53dd6e2","role":"PROVIDER"}[39m
[2026-02-22 19:35:25] [[32minfo[39m]: [32m[GATEWAY PROXY] PATCH /provider/profile/push-notification → http://localhost:4000/api/provider/profile/push-notification[39m
[2026-02-22 19:35:25] [[32minfo[39m]: [32mexpressReq.user : {"id":"698f28d799b35470f53dd6e2","role":"PROVIDER"}[39m
[2026-02-22 19:35:25] [[32minfo[39m]: [32m[GATEWAY PROXY] PATCH /provider/profile/push-notification → http://localhost:4000/api/provider/profile/push-notification[39m
[2026-02-22 19:35:25] [[32minfo[39m]: [32mexpressReq.user : {"id":"698f28d799b35470f53dd6e2","role":"PROVIDER"}[39m
[2026-02-22 19:35:25] [[32minfo[39m]: [32m[GATEWAY PROXY] PATCH /provider/profile/push-notification → http://localhost:4000/api/provider/profile/push-notification[39m
[2026-02-22 19:35:25] [[32minfo[39m]: [32mexpressReq.user : {"id":"698f28d799b35470f53dd6e2","role":"PROVIDER"}[39m
[2026-02-22 19:35:25] [[32minfo[39m]: [32m[GATEWAY PROXY] PATCH /provider/profile/push-notification → http://localhost:4000/api/provider/profile/push-notification[39m
[2026-02-22 19:35:25] [[32minfo[39m]: [32mexpressReq.user : {"id":"698f28d799b35470f53dd6e2","role":"PROVIDER"}[39m
[2026-02-22 19:35:25] [[32minfo[39m]: [32m[GATEWAY PROXY] PATCH /provider/profile/push-notification → http://localhost:4000/api/provider/profile/push-notification[39m
[2026-02-22 19:35:25] [[32minfo[39m]: [32mexpressReq.user : {"id":"698f28d799b35470f53dd6e2","role":"PROVIDER"}[39m
[2026-02-22 19:35:26] [[32minfo[39m]: [32m[GATEWAY PROXY] PATCH /provider/profile/push-notification → http://localhost:4000/api/provider/profile/push-notification[39m
[2026-02-22 19:35:26] [[32minfo[39m]: [32mexpressReq.user : {"id":"698f28d799b35470f53dd6e2","role":"PROVIDER"}[39m
[2026-02-22 19:35:26] [[32minfo[39m]: [32m[GATEWAY PROXY] PATCH /provider/profile/push-notification → http://localhost:4000/api/provider/profile/push-notification[39m
[2026-02-22 19:35:26] [[32minfo[39m]: [32mexpressReq.user : {"id":"698f28d799b35470f53dd6e2","role":"PROVIDER"}[39m
[2026-02-22 19:35:26] [[32minfo[39m]: [32m[GATEWAY PROXY] PATCH /provider/profile/push-notification → http://localhost:4000/api/provider/profile/push-notification[39m
[2026-02-22 19:35:26] [[32minfo[39m]: [32mexpressReq.user : {"id":"698f28d799b35470f53dd6e2","role":"PROVIDER"}[39m
[2026-02-22 19:35:27] [[32minfo[39m]: [32m[GATEWAY PROXY] PATCH /provider/profile/push-notification → http://localhost:4000/api/provider/profile/push-notification[39m
[2026-02-22 19:35:27] [[32minfo[39m]: [32mexpressReq.user : {"id":"698f28d799b35470f53dd6e2","role":"PROVIDER"}[39m
[2026-02-22 19:35:27] [[32minfo[39m]: [32m[GATEWAY PROXY] PATCH /provider/profile/push-notification → http://localhost:4000/api/provider/profile/push-notification[39m
[2026-02-22 19:35:27] [[32minfo[39m]: [32mexpressReq.user : {"id":"698f28d799b35470f53dd6e2","role":"PROVIDER"}[39m
[2026-02-22 19:35:27] [[32minfo[39m]: [32m[GATEWAY PROXY] PATCH /provider/profile/push-notification → http://localhost:4000/api/provider/profile/push-notification[39m
[2026-02-22 19:35:27] [[32minfo[39m]: [32mexpressReq.user : {"id":"698f28d799b35470f53dd6e2","role":"PROVIDER"}[39m
[2026-02-22 19:35:27] [[32minfo[39m]: [32m[GATEWAY PROXY] PATCH /provider/profile/push-notification → http://localhost:4000/api/provider/profile/push-notification[39m
[2026-02-22 19:35:27] [[32minfo[39m]: [32mexpressReq.user : {"id":"698f28d799b35470f53dd6e2","role":"PROVIDER"}[39m
[2026-02-22 19:35:28] [[32minfo[39m]: [32m[GATEWAY PROXY] PATCH /provider/profile/push-notification → http://localhost:4000/api/provider/profile/push-notification[39m
[2026-02-22 19:35:28] [[32minfo[39m]: [32mexpressReq.user : {"id":"698f28d799b35470f53dd6e2","role":"PROVIDER"}[39m
[2026-02-22 19:35:28] [[32minfo[39m]: [32m[GATEWAY PROXY] PATCH /provider/profile/push-notification → http://localhost:4000/api/provider/profile/push-notification[39m
[2026-02-22 19:35:28] [[32minfo[39m]: [32mexpressReq.user : {"id":"698f28d799b35470f53dd6e2","role":"PROVIDER"}[39m
[2026-02-22 19:35:29] [[32minfo[39m]: [32m[GATEWAY PROXY] PATCH /provider/profile/push-notification → http://localhost:4000/api/provider/profile/push-notification[39m
[2026-02-22 19:35:29] [[32minfo[39m]: [32mexpressReq.user : {"id":"698f28d799b35470f53dd6e2","role":"PROVIDER"}[39m
[2026-02-22 19:35:29] [[32minfo[39m]: [32m[GATEWAY PROXY] PATCH /provider/profile/push-notification → http://localhost:4000/api/provider/profile/push-notification[39m
[2026-02-22 19:35:29] [[32minfo[39m]: [32mexpressReq.user : {"id":"698f28d799b35470f53dd6e2","role":"PROVIDER"}[39m
[2026-02-22 19:35:29] [[32minfo[39m]: [32m[GATEWAY PROXY] PATCH /provider/profile/push-notification → http://localhost:4000/api/provider/profile/push-notification[39m
[2026-02-22 19:35:29] [[32minfo[39m]: [32mexpressReq.user : {"id":"698f28d799b35470f53dd6e2","role":"PROVIDER"}[39m
[2026-02-22 19:35:30] [[32minfo[39m]: [32m[GATEWAY PROXY] PATCH /provider/profile/push-notification → http://localhost:4000/api/provider/profile/push-notification[39m
[2026-02-22 19:35:30] [[32minfo[39m]: [32mexpressReq.user : {"id":"698f28d799b35470f53dd6e2","role":"PROVIDER"}[39m
[2026-02-22 19:35:31] [[32minfo[39m]: [32m[GATEWAY PROXY] PATCH /provider/profile/push-notification → http://localhost:4000/api/provider/profile/push-notification[39m
[2026-02-22 19:35:31] [[32minfo[39m]: [32mexpressReq.user : {"id":"698f28d799b35470f53dd6e2","role":"PROVIDER"}[39m
[2026-02-22 19:35:31] [[32minfo[39m]: [32m[GATEWAY PROXY] PATCH /provider/profile/push-notification → http://localhost:4000/api/provider/profile/push-notification[39m
[2026-02-22 19:35:31] [[32minfo[39m]: [32mexpressReq.user : {"id":"698f28d799b35470f53dd6e2","role":"PROVIDER"}[39m
[2026-02-22 19:35:32] [[32minfo[39m]: [32m[GATEWAY PROXY] PATCH /provider/profile/push-notification → http://localhost:4000/api/provider/profile/push-notification[39m
[2026-02-22 19:35:32] [[32minfo[39m]: [32mexpressReq.user : {"id":"698f28d799b35470f53dd6e2","role":"PROVIDER"}[39m
[2026-02-22 19:35:33] [[32minfo[39m]: [32m[GATEWAY PROXY] PATCH /provider/profile/push-notification → http://localhost:4000/api/provider/profile/push-notification[39m
[2026-02-22 19:35:33] [[32minfo[39m]: [32mexpressReq.user : {"id":"698f28d799b35470f53dd6e2","role":"PROVIDER"}[39m
[2026-02-22 19:35:33] [[32minfo[39m]: [32m[GATEWAY PROXY] PATCH /provider/profile/push-notification → http://localhost:4000/api/provider/profile/push-notification[39m
[2026-02-22 19:35:33] [[32minfo[39m]: [32mexpressReq.user : {"id":"698f28d799b35470f53dd6e2","role":"PROVIDER"}[39m
[2026-02-22 19:35:34] [[32minfo[39m]: [32m[GATEWAY PROXY] PATCH /provider/profile/push-notification → http://localhost:4000/api/provider/profile/push-notification[39m
[2026-02-22 19:35:34] [[32minfo[39m]: [32mexpressReq.user : {"id":"698f28d799b35470f53dd6e2","role":"PROVIDER"}[39m
[2026-02-22 19:35:35] [[32minfo[39m]: [32m[GATEWAY PROXY] PATCH /provider/profile/push-notification → http://localhost:4000/api/provider/profile/push-notification[39m
[2026-02-22 19:35:35] [[32minfo[39m]: [32mexpressReq.user : {"id":"698f28d799b35470f53dd6e2","role":"PROVIDER"}[39m
[2026-02-22 19:35:36] [[32minfo[39m]: [32m[GATEWAY PROXY] PATCH /provider/profile/push-notification → http://localhost:4000/api/provider/profile/push-notification[39m
[2026-02-22 19:35:36] [[32minfo[39m]: [32mexpressReq.user : {"id":"698f28d799b35470f53dd6e2","role":"PROVIDER"}[39m
[2026-02-22 19:35:37] [[32minfo[39m]: [32m[GATEWAY PROXY] PATCH /provider/profile/push-notification → http://localhost:4000/api/provider/profile/push-notification[39m
[2026-02-22 19:35:37] [[32minfo[39m]: [32mexpressReq.user : {"id":"698f28d799b35470f53dd6e2","role":"PROVIDER"}[39m
[2026-02-22 19:35:41] [[32minfo[39m]: [32m[GATEWAY PROXY] PATCH /provider/profile/push-notification → http://localhost:4000/api/provider/profile/push-notification[39m
[2026-02-22 19:35:41] [[32minfo[39m]: [32mexpressReq.user : {"id":"698f28d799b35470f53dd6e2","role":"PROVIDER"}[39m
[2026-02-22 19:35:41] [[32minfo[39m]: [32m[GATEWAY PROXY] PATCH /provider/profile/push-notification → http://localhost:4000/api/provider/profile/push-notification[39m
[2026-02-22 19:35:41] [[32minfo[39m]: [32mexpressReq.user : {"id":"698f28d799b35470f53dd6e2","role":"PROVIDER"}[39m
[2026-02-22 19:35:44] [[32minfo[39m]: [32m[GATEWAY PROXY] PATCH /provider/profile/push-notification → http://localhost:4000/api/provider/profile/push-notification[39m
[2026-02-22 19:35:44] [[32minfo[39m]: [32mexpressReq.user : {"id":"698f28d799b35470f53dd6e2","role":"PROVIDER"}[39m
[2026-02-22 19:35:44] [[32minfo[39m]: [32m[GATEWAY PROXY] PATCH /provider/profile/push-notification → http://localhost:4000/api/provider/profile/push-notification[39m
[2026-02-22 19:35:44] [[32minfo[39m]: [32mexpressReq.user : {"id":"698f28d799b35470f53dd6e2","role":"PROVIDER"}[39m
[2026-02-22 19:35:45] [[32minfo[39m]: [32m[GATEWAY PROXY] PATCH /provider/profile/push-notification → http://localhost:4000/api/provider/profile/push-notification[39m
[2026-02-22 19:35:45] [[32minfo[39m]: [32mexpressReq.user : {"id":"698f28d799b35470f53dd6e2","role":"PROVIDER"}[39m
[2026-02-22 19:35:45] [[32minfo[39m]: [32m[GATEWAY PROXY] PATCH /provider/profile/push-notification → http://localhost:4000/api/provider/profile/push-notification[39m
[2026-02-22 19:35:45] [[32minfo[39m]: [32mexpressReq.user : {"id":"698f28d799b35470f53dd6e2","role":"PROVIDER"}[39m
[2026-02-22 19:35:46] [[32minfo[39m]: [32m[GATEWAY PROXY] PATCH /provider/profile/push-notification → http://localhost:4000/api/provider/profile/push-notification[39m
[2026-02-22 19:35:46] [[32minfo[39m]: [32mexpressReq.user : {"id":"698f28d799b35470f53dd6e2","role":"PROVIDER"}[39m
[2026-02-22 19:35:46] [[32minfo[39m]: [32m[GATEWAY PROXY] PATCH /provider/profile/push-notification → http://localhost:4000/api/provider/profile/push-notification[39m
[2026-02-22 19:35:46] [[32minfo[39m]: [32mexpressReq.user : {"id":"698f28d799b35470f53dd6e2","role":"PROVIDER"}[39m
[2026-02-22 19:35:46] [[32minfo[39m]: [32m[GATEWAY PROXY] PATCH /provider/profile/push-notification → http://localhost:4000/api/provider/profile/push-notification[39m
[2026-02-22 19:35:46] [[32minfo[39m]: [32mexpressReq.user : {"id":"698f28d799b35470f53dd6e2","role":"PROVIDER"}[39m
[2026-02-22 19:35:46] [[32minfo[39m]: [32m[GATEWAY PROXY] PATCH /provider/profile/push-notification → http://localhost:4000/api/provider/profile/push-notification[39m
[2026-02-22 19:35:46] [[32minfo[39m]: [32mexpressReq.user : {"id":"698f28d799b35470f53dd6e2","role":"PROVIDER"}[39m
[2026-02-22 19:35:46] [[32minfo[39m]: [32m[GATEWAY PROXY] PATCH /provider/profile/push-notification → http://localhost:4000/api/provider/profile/push-notification[39m
[2026-02-22 19:35:46] [[32minfo[39m]: [32mexpressReq.user : {"id":"698f28d799b35470f53dd6e2","role":"PROVIDER"}[39m
[2026-02-22 19:35:47] [[32minfo[39m]: [32m[GATEWAY PROXY] PATCH /provider/profile/push-notification → http://localhost:4000/api/provider/profile/push-notification[39m
[2026-02-22 19:35:47] [[32minfo[39m]: [32mexpressReq.user : {"id":"698f28d799b35470f53dd6e2","role":"PROVIDER"}[39m
[2026-02-22 19:35:49] [[32minfo[39m]: [32m[GATEWAY PROXY] PATCH /provider/profile/push-notification → http://localhost:4000/api/provider/profile/push-notification[39m
[2026-02-22 19:35:49] [[32minfo[39m]: [32mexpressReq.user : {"id":"698f28d799b35470f53dd6e2","role":"PROVIDER"}[39m
[2026-02-22 19:35:51] [[32minfo[39m]: [32m[GATEWAY PROXY] PATCH /provider/profile/push-notification → http://localhost:4000/api/provider/profile/push-notification[39m
[2026-02-22 19:35:51] [[32minfo[39m]: [32mexpressReq.user : {"id":"698f28d799b35470f53dd6e2","role":"PROVIDER"}[39m
[2026-02-22 19:35:52] [[32minfo[39m]: [32m[GATEWAY PROXY] PATCH /provider/profile/push-notification → http://localhost:4000/api/provider/profile/push-notification[39m
[2026-02-22 19:35:52] [[32minfo[39m]: [32mexpressReq.user : {"id":"698f28d799b35470f53dd6e2","role":"PROVIDER"}[39m
[2026-02-22 19:35:53] [[32minfo[39m]: [32m[GATEWAY PROXY] PATCH /provider/profile/push-notification → http://localhost:4000/api/provider/profile/push-notification[39m
[2026-02-22 19:35:53] [[32minfo[39m]: [32mexpressReq.user : {"id":"698f28d799b35470f53dd6e2","role":"PROVIDER"}[39m
[2026-02-22 19:35:54] [[32minfo[39m]: [32m[GATEWAY PROXY] PATCH /provider/profile/push-notification → http://localhost:4000/api/provider/profile/push-notification[39m
[2026-02-22 19:35:54] [[32minfo[39m]: [32mexpressReq.user : {"id":"698f28d799b35470f53dd6e2","role":"PROVIDER"}[39m
[2026-02-22 19:35:54] [[32minfo[39m]: [32m[GATEWAY PROXY] PATCH /provider/profile/push-notification → http://localhost:4000/api/provider/profile/push-notification[39m
[2026-02-22 19:35:54] [[32minfo[39m]: [32mexpressReq.user : {"id":"698f28d799b35470f53dd6e2","role":"PROVIDER"}[39m
[2026-02-22 19:35:55] [[32minfo[39m]: [32m[GATEWAY PROXY] PATCH /provider/profile/push-notification → http://localhost:4000/api/provider/profile/push-notification[39m
[2026-02-22 19:35:55] [[32minfo[39m]: [32mexpressReq.user : {"id":"698f28d799b35470f53dd6e2","role":"PROVIDER"}[39m
[2026-02-22 19:35:55] [[32minfo[39m]: [32m[GATEWAY PROXY] PATCH /provider/profile/push-notification → http://localhost:4000/api/provider/profile/push-notification[39m
[2026-02-22 19:35:55] [[32minfo[39m]: [32mexpressReq.user : {"id":"698f28d799b35470f53dd6e2","role":"PROVIDER"}[39m
[2026-02-22 19:35:55] [[32minfo[39m]: [32m[GATEWAY PROXY] PATCH /provider/profile/push-notification → http://localhost:4000/api/provider/profile/push-notification[39m
[2026-02-22 19:35:55] [[32minfo[39m]: [32mexpressReq.user : {"id":"698f28d799b35470f53dd6e2","role":"PROVIDER"}[39m
[2026-02-22 19:35:56] [[32minfo[39m]: [32m[GATEWAY PROXY] PATCH /provider/profile/push-notification → http://localhost:4000/api/provider/profile/push-notification[39m
[2026-02-22 19:35:56] [[32minfo[39m]: [32mexpressReq.user : {"id":"698f28d799b35470f53dd6e2","role":"PROVIDER"}[39m
[2026-02-22 19:35:56] [[32minfo[39m]: [32m[GATEWAY PROXY] PATCH /provider/profile/push-notification → http://localhost:4000/api/provider/profile/push-notification[39m
[2026-02-22 19:35:56] [[32minfo[39m]: [32mexpressReq.user : {"id":"698f28d799b35470f53dd6e2","role":"PROVIDER"}[39m
[2026-02-22 19:35:59] [[32minfo[39m]: [32m[GATEWAY PROXY] PATCH /provider/profile/push-notification → http://localhost:4000/api/provider/profile/push-notification[39m
[2026-02-22 19:35:59] [[32minfo[39m]: [32mexpressReq.user : {"id":"698f28d799b35470f53dd6e2","role":"PROVIDER"}[39m
[2026-02-22 19:35:59] [[32minfo[39m]: [32m[GATEWAY PROXY] PATCH /provider/profile/push-notification → http://localhost:4000/api/provider/profile/push-notification[39m
[2026-02-22 19:35:59] [[32minfo[39m]: [32mexpressReq.user : {"id":"698f28d799b35470f53dd6e2","role":"PROVIDER"}[39m
[2026-02-22 19:35:59] [[32minfo[39m]: [32m[GATEWAY PROXY] PATCH /provider/profile/push-notification → http://localhost:4000/api/provider/profile/push-notification[39m
[2026-02-22 19:35:59] [[32minfo[39m]: [32mexpressReq.user : {"id":"698f28d799b35470f53dd6e2","role":"PROVIDER"}[39m
[2026-02-22 19:35:59] [[32minfo[39m]: [32m[GATEWAY PROXY] PATCH /provider/profile/push-notification → http://localhost:4000/api/provider/profile/push-notification[39m
[2026-02-22 19:35:59] [[32minfo[39m]: [32mexpressReq.user : {"id":"698f28d799b35470f53dd6e2","role":"PROVIDER"}[39m
[2026-02-22 19:40:53] [[32minfo[39m]: [32m[GATEWAY PROXY] PATCH /provider/profile/push-notification → http://localhost:4000/api/provider/profile/push-notification[39m
[2026-02-22 19:40:53] [[32minfo[39m]: [32mexpressReq.user : {"id":"698f28d799b35470f53dd6e2","role":"PROVIDER"}[39m
[2026-02-22 19:40:54] [[32minfo[39m]: [32m[GATEWAY PROXY] PATCH /provider/profile/push-notification → http://localhost:4000/api/provider/profile/push-notification[39m
[2026-02-22 19:40:54] [[32minfo[39m]: [32mexpressReq.user : {"id":"698f28d799b35470f53dd6e2","role":"PROVIDER"}[39m
[2026-02-22 19:41:11] [[32minfo[39m]: [32m[GATEWAY PROXY] PATCH /provider/profile/push-notification → http://localhost:4000/api/provider/profile/push-notification[39m
[2026-02-22 19:41:11] [[32minfo[39m]: [32mexpressReq.user : {"id":"698f28d799b35470f53dd6e2","role":"PROVIDER"}[39m
[2026-02-22 19:41:12] [[32minfo[39m]: [32m[GATEWAY PROXY] PATCH /provider/profile/push-notification → http://localhost:4000/api/provider/profile/push-notification[39m
[2026-02-22 19:41:12] [[32minfo[39m]: [32mexpressReq.user : {"id":"698f28d799b35470f53dd6e2","role":"PROVIDER"}[39m
[2026-02-22 19:45:02] [[32minfo[39m]: [32m[GATEWAY PROXY] POST /auth/signout → http://localhost:4000/api/auth/signout[39m
[2026-02-22 19:45:02] [[32minfo[39m]: [32mexpressReq.user : undefined[39m
[2026-02-22 19:45:28] [[32minfo[39m]: [32m[GATEWAY PROXY] POST /auth/signin → http://localhost:4000/api/auth/signin[39m
[2026-02-22 19:45:28] [[32minfo[39m]: [32mexpressReq.user : undefined[39m
[2026-02-22 19:45:32] [[32minfo[39m]: [32m[GATEWAY PROXY] PATCH /provider/profile/push-notification → http://localhost:4000/api/provider/profile/push-notification[39m
[2026-02-22 19:45:32] [[32minfo[39m]: [32mexpressReq.user : {"id":"698f28d799b35470f53dd6e2","role":"PROVIDER"}[39m
[2026-02-22 19:45:32] [[32minfo[39m]: [32m[GATEWAY PROXY] GET /provider/dashboard/stats → http://localhost:4000/api/provider/dashboard/stats[39m
[2026-02-22 19:45:32] [[32minfo[39m]: [32mexpressReq.user : {"id":"698f28d799b35470f53dd6e2","role":"PROVIDER"}[39m
[2026-02-22 19:45:33] [[32minfo[39m]: [32m[GATEWAY PROXY] PATCH /provider/profile/push-notification → http://localhost:4000/api/provider/profile/push-notification[39m
[2026-02-22 19:45:33] [[32minfo[39m]: [32mexpressReq.user : {"id":"698f28d799b35470f53dd6e2","role":"PROVIDER"}[39m
[2026-02-22 19:45:42] [[32minfo[39m]: [32m[GATEWAY PROXY] POST /auth/signout → http://localhost:4000/api/auth/signout[39m
[2026-02-22 19:45:42] [[32minfo[39m]: [32mexpressReq.user : undefined[39m
[2026-02-22 19:46:52] [[32minfo[39m]: [32m[GATEWAY PROXY] POST /auth/signin → http://localhost:4000/api/auth/signin[39m
[2026-02-22 19:46:52] [[32minfo[39m]: [32mexpressReq.user : undefined[39m
[2026-02-22 19:46:56] [[32minfo[39m]: [32m[GATEWAY PROXY] GET /provider/dashboard/stats → http://localhost:4000/api/provider/dashboard/stats[39m
[2026-02-22 19:46:56] [[32minfo[39m]: [32mexpressReq.user : {"id":"698f28d799b35470f53dd6e2","role":"PROVIDER"}[39m
[2026-02-22 19:46:57] [[32minfo[39m]: [32m[GATEWAY PROXY] PATCH /provider/profile/push-notification → http://localhost:4000/api/provider/profile/push-notification[39m
[2026-02-22 19:46:57] [[32minfo[39m]: [32mexpressReq.user : {"id":"698f28d799b35470f53dd6e2","role":"PROVIDER"}[39m
[2026-02-22 19:46:57] [[32minfo[39m]: [32m[GATEWAY PROXY] PATCH /provider/profile/push-notification → http://localhost:4000/api/provider/profile/push-notification[39m
[2026-02-22 19:46:57] [[32minfo[39m]: [32mexpressReq.user : {"id":"698f28d799b35470f53dd6e2","role":"PROVIDER"}[39m
[2026-02-22 19:47:44] [[32minfo[39m]: [32m[GATEWAY PROXY] POST /auth/signout → http://localhost:4000/api/auth/signout[39m
[2026-02-22 19:47:44] [[32minfo[39m]: [32mexpressReq.user : undefined[39m
[2026-02-22 19:49:33] [[32minfo[39m]: [32m[GATEWAY PROXY] POST /auth/signin → http://localhost:4000/api/auth/signin[39m
[2026-02-22 19:49:33] [[32minfo[39m]: [32mexpressReq.user : undefined[39m
[2026-02-22 19:49:37] [[32minfo[39m]: [32m[GATEWAY PROXY] GET /provider/dashboard/stats → http://localhost:4000/api/provider/dashboard/stats[39m
[2026-02-22 19:49:37] [[32minfo[39m]: [32mexpressReq.user : {"id":"698f28d799b35470f53dd6e2","role":"PROVIDER"}[39m
[2026-02-22 19:49:37] [[32minfo[39m]: [32m[GATEWAY PROXY] PATCH /provider/profile/push-notification → http://localhost:4000/api/provider/profile/push-notification[39m
[2026-02-22 19:49:37] [[32minfo[39m]: [32mexpressReq.user : {"id":"698f28d799b35470f53dd6e2","role":"PROVIDER"}[39m
[2026-02-22 19:49:38] [[32minfo[39m]: [32m[GATEWAY PROXY] PATCH /provider/profile/push-notification → http://localhost:4000/api/provider/profile/push-notification[39m
[2026-02-22 19:49:38] [[32minfo[39m]: [32mexpressReq.user : {"id":"698f28d799b35470f53dd6e2","role":"PROVIDER"}[39m
[2026-02-22 19:50:23] [[32minfo[39m]: [32m[GATEWAY PROXY] POST /auth/signout → http://localhost:4000/api/auth/signout[39m
[2026-02-22 19:50:23] [[32minfo[39m]: [32mexpressReq.user : undefined[39m
[2026-02-22 19:53:04] [[32minfo[39m]: [32m[GATEWAY PROXY] POST /auth/signin → http://localhost:4000/api/auth/signin[39m
[2026-02-22 19:53:04] [[32minfo[39m]: [32mexpressReq.user : undefined[39m
[2026-02-22 19:53:10] [[32minfo[39m]: [32m[GATEWAY PROXY] PATCH /provider/profile/push-notification → http://localhost:4000/api/provider/profile/push-notification[39m
[2026-02-22 19:53:10] [[32minfo[39m]: [32mexpressReq.user : {"id":"698f28d799b35470f53dd6e2","role":"PROVIDER"}[39m
[2026-02-22 19:53:10] [[32minfo[39m]: [32m[GATEWAY PROXY] GET /provider/dashboard/stats → http://localhost:4000/api/provider/dashboard/stats[39m
[2026-02-22 19:53:10] [[32minfo[39m]: [32mexpressReq.user : {"id":"698f28d799b35470f53dd6e2","role":"PROVIDER"}[39m
[2026-02-22 19:53:12] [[32minfo[39m]: [32m[GATEWAY PROXY] PATCH /provider/profile/push-notification → http://localhost:4000/api/provider/profile/push-notification[39m
[2026-02-22 19:53:12] [[32minfo[39m]: [32mexpressReq.user : {"id":"698f28d799b35470f53dd6e2","role":"PROVIDER"}[39m
[2026-02-22 19:53:27] [[32minfo[39m]: [32m[GATEWAY PROXY] POST /auth/signout → http://localhost:4000/api/auth/signout[39m
[2026-02-22 19:53:27] [[32minfo[39m]: [32mexpressReq.user : undefined[39m
[2026-02-22 19:58:27] [[32minfo[39m]: [32m[GATEWAY PROXY] POST /auth/signin → http://localhost:4000/api/auth/signin[39m
[2026-02-22 19:58:27] [[32minfo[39m]: [32mexpressReq.user : undefined[39m
[2026-02-22 19:58:33] [[32minfo[39m]: [32m[GATEWAY PROXY] PATCH /provider/profile/push-notification → http://localhost:4000/api/provider/profile/push-notification[39m
[2026-02-22 19:58:33] [[32minfo[39m]: [32mexpressReq.user : {"id":"698f28d799b35470f53dd6e2","role":"PROVIDER"}[39m
[2026-02-22 19:58:33] [[32minfo[39m]: [32m[GATEWAY PROXY] GET /provider/dashboard/stats → http://localhost:4000/api/provider/dashboard/stats[39m
[2026-02-22 19:58:33] [[32minfo[39m]: [32mexpressReq.user : {"id":"698f28d799b35470f53dd6e2","role":"PROVIDER"}[39m
[2026-02-22 19:58:34] [[32minfo[39m]: [32m[GATEWAY PROXY] PATCH /provider/profile/push-notification → http://localhost:4000/api/provider/profile/push-notification[39m
[2026-02-22 19:58:34] [[32minfo[39m]: [32mexpressReq.user : {"id":"698f28d799b35470f53dd6e2","role":"PROVIDER"}[39m
[2026-02-22 20:02:40] [[32minfo[39m]: [32m[GATEWAY PROXY] PATCH /provider/profile/push-notification → http://localhost:4000/api/provider/profile/push-notification[39m
[2026-02-22 20:02:40] [[32minfo[39m]: [32mexpressReq.user : {"id":"698f28d799b35470f53dd6e2","role":"PROVIDER"}[39m
[2026-02-22 20:03:41] [[32minfo[39m]: [32m[GATEWAY PROXY] POST /auth/signout → http://localhost:4000/api/auth/signout[39m
[2026-02-22 20:03:41] [[32minfo[39m]: [32mexpressReq.user : undefined[39m
[2026-02-22 20:04:01] [[32minfo[39m]: [32m[GATEWAY PROXY] POST /auth/signin → http://localhost:4000/api/auth/signin[39m
[2026-02-22 20:04:01] [[32minfo[39m]: [32mexpressReq.user : undefined[39m
[2026-02-22 20:04:06] [[32minfo[39m]: [32m[GATEWAY PROXY] PATCH /provider/profile/push-notification → http://localhost:4000/api/provider/profile/push-notification[39m
[2026-02-22 20:04:06] [[32minfo[39m]: [32mexpressReq.user : {"id":"698f28d799b35470f53dd6e2","role":"PROVIDER"}[39m
[2026-02-22 20:04:06] [[32minfo[39m]: [32m[GATEWAY PROXY] GET /provider/dashboard/stats → http://localhost:4000/api/provider/dashboard/stats[39m
[2026-02-22 20:04:06] [[32minfo[39m]: [32mexpressReq.user : {"id":"698f28d799b35470f53dd6e2","role":"PROVIDER"}[39m
[2026-02-22 20:04:06] [[32minfo[39m]: [32m[GATEWAY PROXY] PATCH /provider/profile/push-notification → http://localhost:4000/api/provider/profile/push-notification[39m
[2026-02-22 20:04:06] [[32minfo[39m]: [32mexpressReq.user : {"id":"698f28d799b35470f53dd6e2","role":"PROVIDER"}[39m
[2026-02-22 20:04:30] [[32minfo[39m]: [32m[GATEWAY PROXY] POST /auth/signout → http://localhost:4000/api/auth/signout[39m
[2026-02-22 20:04:30] [[32minfo[39m]: [32mexpressReq.user : undefined[39m
[2026-02-22 20:06:13] [[32minfo[39m]: [32m[GATEWAY PROXY] POST /auth/signin → http://localhost:4000/api/auth/signin[39m
[2026-02-22 20:06:13] [[32minfo[39m]: [32mexpressReq.user : undefined[39m
[2026-02-22 20:06:18] [[32minfo[39m]: [32m[GATEWAY PROXY] PATCH /provider/profile/push-notification → http://localhost:4000/api/provider/profile/push-notification[39m
[2026-02-22 20:06:18] [[32minfo[39m]: [32mexpressReq.user : {"id":"698f28d799b35470f53dd6e2","role":"PROVIDER"}[39m
[2026-02-22 20:06:18] [[32minfo[39m]: [32m[GATEWAY PROXY] GET /provider/dashboard/stats → http://localhost:4000/api/provider/dashboard/stats[39m
[2026-02-22 20:06:18] [[32minfo[39m]: [32mexpressReq.user : {"id":"698f28d799b35470f53dd6e2","role":"PROVIDER"}[39m
[2026-02-22 20:06:19] [[32minfo[39m]: [32m[GATEWAY PROXY] PATCH /provider/profile/push-notification → http://localhost:4000/api/provider/profile/push-notification[39m
[2026-02-22 20:06:19] [[32minfo[39m]: [32mexpressReq.user : {"id":"698f28d799b35470f53dd6e2","role":"PROVIDER"}[39m
[2026-02-22 20:06:34] [[32minfo[39m]: [32m[GATEWAY PROXY] GET /provider/subscriptions?page=1&limit=10 → http://localhost:4000/api/provider/subscriptions?page=1&limit=10[39m
[2026-02-22 20:06:34] [[32minfo[39m]: [32mexpressReq.user : {"id":"698f28d799b35470f53dd6e2","role":"PROVIDER"}[39m
[2026-02-22 20:06:36] [[32minfo[39m]: [32m[GATEWAY PROXY] GET /provider/plans → http://localhost:4000/api/provider/plans[39m
[2026-02-22 20:06:36] [[32minfo[39m]: [32mexpressReq.user : {"id":"698f28d799b35470f53dd6e2","role":"PROVIDER"}[39m
[2026-02-22 20:07:10] [[32minfo[39m]: [32m[GATEWAY PROXY] POST /provider/subscriptions/checkout/session → http://localhost:4000/api/provider/subscriptions/checkout/session[39m
[2026-02-22 20:07:10] [[32minfo[39m]: [32mexpressReq.user : {"id":"698f28d799b35470f53dd6e2","role":"PROVIDER"}[39m
[2026-02-22 20:07:27] [[32minfo[39m]: [32m[GATEWAY PROXY] PATCH /provider/profile/push-notification → http://localhost:4000/api/provider/profile/push-notification[39m
[2026-02-22 20:07:27] [[32minfo[39m]: [32mexpressReq.user : {"id":"698f28d799b35470f53dd6e2","role":"PROVIDER"}[39m
[2026-02-22 20:07:27] [[32minfo[39m]: [32m[GATEWAY PROXY] GET /provider/dashboard/stats → http://localhost:4000/api/provider/dashboard/stats[39m
[2026-02-22 20:07:27] [[32minfo[39m]: [32mexpressReq.user : {"id":"698f28d799b35470f53dd6e2","role":"PROVIDER"}[39m
[2026-02-22 20:14:11] [[32minfo[39m]: [32m[GATEWAY PROXY] PATCH /provider/profile/push-notification → http://localhost:4000/api/provider/profile/push-notification[39m
[2026-02-22 20:14:11] [[32minfo[39m]: [32mexpressReq.user : {"id":"698f28d799b35470f53dd6e2","role":"PROVIDER"}[39m
[2026-02-22 20:14:12] [[32minfo[39m]: [32m[GATEWAY PROXY] PATCH /provider/profile/push-notification → http://localhost:4000/api/provider/profile/push-notification[39m
[2026-02-22 20:14:12] [[32minfo[39m]: [32mexpressReq.user : {"id":"698f28d799b35470f53dd6e2","role":"PROVIDER"}[39m
[2026-02-22 20:14:47] [[32minfo[39m]: [32m[GATEWAY PROXY] PATCH /provider/profile/push-notification → http://localhost:4000/api/provider/profile/push-notification[39m
[2026-02-22 20:14:47] [[32minfo[39m]: [32mexpressReq.user : {"id":"698f28d799b35470f53dd6e2","role":"PROVIDER"}[39m
[2026-02-22 20:14:54] [[32minfo[39m]: [32m[GATEWAY PROXY] PATCH /provider/profile/push-notification → http://localhost:4000/api/provider/profile/push-notification[39m
[2026-02-22 20:14:54] [[32minfo[39m]: [32mexpressReq.user : {"id":"698f28d799b35470f53dd6e2","role":"PROVIDER"}[39m
[2026-02-22 20:17:27] [[32minfo[39m]: [32m[GATEWAY PROXY] PATCH /provider/profile/push-notification → http://localhost:4000/api/provider/profile/push-notification[39m
[2026-02-22 20:17:27] [[32minfo[39m]: [32mexpressReq.user : {"id":"698f28d799b35470f53dd6e2","role":"PROVIDER"}[39m
[2026-02-22 20:26:40] [[32minfo[39m]: [32m[GATEWAY PROXY] GET /provider/dashboard/stats → http://localhost:4000/api/provider/dashboard/stats[39m
[2026-02-22 20:26:40] [[32minfo[39m]: [32mexpressReq.user : {"id":"698f28d799b35470f53dd6e2","role":"PROVIDER"}[39m
[2026-02-22 20:26:40] [[32minfo[39m]: [32m[GATEWAY PROXY] PATCH /provider/profile/push-notification → http://localhost:4000/api/provider/profile/push-notification[39m
[2026-02-22 20:26:40] [[32minfo[39m]: [32mexpressReq.user : {"id":"698f28d799b35470f53dd6e2","role":"PROVIDER"}[39m
[2026-02-22 20:32:15] [[32minfo[39m]: [32m[GATEWAY PROXY] PATCH /provider/profile/push-notification → http://localhost:4000/api/provider/profile/push-notification[39m
[2026-02-22 20:32:15] [[32minfo[39m]: [32mexpressReq.user : {"id":"698f28d799b35470f53dd6e2","role":"PROVIDER"}[39m
[2026-02-22 20:35:54] [[32minfo[39m]: [32m[GATEWAY PROXY] POST /auth/signin → http://localhost:4000/api/auth/signin[39m
[2026-02-22 20:35:54] [[32minfo[39m]: [32mexpressReq.user : undefined[39m
[2026-02-22 20:35:59] [[32minfo[39m]: [32m[GATEWAY PROXY] PATCH /provider/profile/push-notification → http://localhost:4000/api/provider/profile/push-notification[39m
[2026-02-22 20:35:59] [[32minfo[39m]: [32mexpressReq.user : {"id":"698f28d799b35470f53dd6e2","role":"PROVIDER"}[39m
[2026-02-22 20:35:59] [[32minfo[39m]: [32m[GATEWAY PROXY] GET /provider/dashboard/stats → http://localhost:4000/api/provider/dashboard/stats[39m
[2026-02-22 20:35:59] [[32minfo[39m]: [32mexpressReq.user : {"id":"698f28d799b35470f53dd6e2","role":"PROVIDER"}[39m
[2026-02-22 20:36:00] [[32minfo[39m]: [32m[GATEWAY PROXY] PATCH /provider/profile/push-notification → http://localhost:4000/api/provider/profile/push-notification[39m
[2026-02-22 20:36:00] [[32minfo[39m]: [32mexpressReq.user : {"id":"698f28d799b35470f53dd6e2","role":"PROVIDER"}[39m
[2026-02-22 20:36:17] [[32minfo[39m]: [32m[GATEWAY PROXY] POST /auth/signout → http://localhost:4000/api/auth/signout[39m
[2026-02-22 20:36:17] [[32minfo[39m]: [32mexpressReq.user : undefined[39m
[2026-02-22 20:37:53] [[32minfo[39m]: [32m[GATEWAY PROXY] POST /auth/signin → http://localhost:4000/api/auth/signin[39m
[2026-02-22 20:37:53] [[32minfo[39m]: [32mexpressReq.user : undefined[39m
[2026-02-22 20:38:01] [[32minfo[39m]: [32m[GATEWAY PROXY] PATCH /provider/profile/push-notification → http://localhost:4000/api/provider/profile/push-notification[39m
[2026-02-22 20:38:01] [[32minfo[39m]: [32mexpressReq.user : {"id":"698f28d799b35470f53dd6e2","role":"PROVIDER"}[39m
[2026-02-22 20:38:01] [[32minfo[39m]: [32m[GATEWAY PROXY] GET /provider/dashboard/stats → http://localhost:4000/api/provider/dashboard/stats[39m
[2026-02-22 20:38:01] [[32minfo[39m]: [32mexpressReq.user : {"id":"698f28d799b35470f53dd6e2","role":"PROVIDER"}[39m
[2026-02-22 20:38:02] [[32minfo[39m]: [32m[GATEWAY PROXY] PATCH /provider/profile/push-notification → http://localhost:4000/api/provider/profile/push-notification[39m
[2026-02-22 20:38:02] [[32minfo[39m]: [32mexpressReq.user : {"id":"698f28d799b35470f53dd6e2","role":"PROVIDER"}[39m
[2026-02-22 20:39:00] [[32minfo[39m]: [32m[GATEWAY PROXY] GET /provider/subscriptions?page=1&limit=10 → http://localhost:4000/api/provider/subscriptions?page=1&limit=10[39m
[2026-02-22 20:39:00] [[32minfo[39m]: [32mexpressReq.user : {"id":"698f28d799b35470f53dd6e2","role":"PROVIDER"}[39m
[2026-02-22 20:39:03] [[32minfo[39m]: [32m[GATEWAY PROXY] GET /provider/plans → http://localhost:4000/api/provider/plans[39m
[2026-02-22 20:39:03] [[32minfo[39m]: [32mexpressReq.user : {"id":"698f28d799b35470f53dd6e2","role":"PROVIDER"}[39m
[2026-02-22 20:39:10] [[32minfo[39m]: [32m[GATEWAY PROXY] POST /provider/subscriptions/checkout/session → http://localhost:4000/api/provider/subscriptions/checkout/session[39m
[2026-02-22 20:39:10] [[32minfo[39m]: [32mexpressReq.user : {"id":"698f28d799b35470f53dd6e2","role":"PROVIDER"}[39m
[2026-02-22 20:43:37] [[32minfo[39m]: [32m[GATEWAY PROXY] POST /auth/signin → http://localhost:4000/api/auth/signin[39m
[2026-02-22 20:43:37] [[32minfo[39m]: [32mexpressReq.user : undefined[39m
[2026-02-22 20:43:40] [[32minfo[39m]: [32m[GATEWAY PROXY] PATCH /provider/profile/push-notification → http://localhost:4000/api/provider/profile/push-notification[39m
[2026-02-22 20:43:40] [[32minfo[39m]: [32mexpressReq.user : {"id":"698f28d799b35470f53dd6e2","role":"PROVIDER"}[39m
[2026-02-22 20:43:40] [[32minfo[39m]: [32m[GATEWAY PROXY] GET /provider/dashboard/stats → http://localhost:4000/api/provider/dashboard/stats[39m
[2026-02-22 20:43:40] [[32minfo[39m]: [32mexpressReq.user : {"id":"698f28d799b35470f53dd6e2","role":"PROVIDER"}[39m
[2026-02-22 20:43:41] [[32minfo[39m]: [32m[GATEWAY PROXY] PATCH /provider/profile/push-notification → http://localhost:4000/api/provider/profile/push-notification[39m
[2026-02-22 20:43:41] [[32minfo[39m]: [32mexpressReq.user : {"id":"698f28d799b35470f53dd6e2","role":"PROVIDER"}[39m
[2026-02-22 20:43:49] [[32minfo[39m]: [32m[GATEWAY PROXY] POST /auth/signout → http://localhost:4000/api/auth/signout[39m
[2026-02-22 20:43:49] [[32minfo[39m]: [32mexpressReq.user : undefined[39m
[2026-02-22 20:45:29] [[32minfo[39m]: [32m[GATEWAY PROXY] POST /auth/signin → http://localhost:4000/api/auth/signin[39m
[2026-02-22 20:45:29] [[32minfo[39m]: [32mexpressReq.user : undefined[39m
[2026-02-22 20:45:33] [[32minfo[39m]: [32m[GATEWAY PROXY] PATCH /provider/profile/push-notification → http://localhost:4000/api/provider/profile/push-notification[39m
[2026-02-22 20:45:33] [[32minfo[39m]: [32mexpressReq.user : {"id":"698f28d799b35470f53dd6e2","role":"PROVIDER"}[39m
[2026-02-22 20:45:33] [[32minfo[39m]: [32m[GATEWAY PROXY] GET /provider/dashboard/stats → http://localhost:4000/api/provider/dashboard/stats[39m
[2026-02-22 20:45:33] [[32minfo[39m]: [32mexpressReq.user : {"id":"698f28d799b35470f53dd6e2","role":"PROVIDER"}[39m
[2026-02-22 20:45:34] [[32minfo[39m]: [32m[GATEWAY PROXY] PATCH /provider/profile/push-notification → http://localhost:4000/api/provider/profile/push-notification[39m
[2026-02-22 20:45:34] [[32minfo[39m]: [32mexpressReq.user : {"id":"698f28d799b35470f53dd6e2","role":"PROVIDER"}[39m
[2026-02-22 20:45:37] [[32minfo[39m]: [32m[GATEWAY PROXY] GET /provider/subscriptions?page=1&limit=10 → http://localhost:4000/api/provider/subscriptions?page=1&limit=10[39m
[2026-02-22 20:45:37] [[32minfo[39m]: [32mexpressReq.user : {"id":"698f28d799b35470f53dd6e2","role":"PROVIDER"}[39m
[2026-02-22 20:45:39] [[32minfo[39m]: [32m[GATEWAY PROXY] GET /provider/plans → http://localhost:4000/api/provider/plans[39m
[2026-02-22 20:45:39] [[32minfo[39m]: [32mexpressReq.user : {"id":"698f28d799b35470f53dd6e2","role":"PROVIDER"}[39m
[2026-02-22 20:45:46] [[32minfo[39m]: [32m[GATEWAY PROXY] POST /provider/subscriptions/checkout/session → http://localhost:4000/api/provider/subscriptions/checkout/session[39m
[2026-02-22 20:45:46] [[32minfo[39m]: [32mexpressReq.user : {"id":"698f28d799b35470f53dd6e2","role":"PROVIDER"}[39m
[2026-02-22 20:46:00] [[32minfo[39m]: [32m[GATEWAY PROXY] PATCH /provider/profile/push-notification → http://localhost:4000/api/provider/profile/push-notification[39m
[2026-02-22 20:46:00] [[32minfo[39m]: [32mexpressReq.user : {"id":"698f28d799b35470f53dd6e2","role":"PROVIDER"}[39m
[2026-02-22 20:46:01] [[32minfo[39m]: [32m[GATEWAY PROXY] GET /provider/dashboard/stats → http://localhost:4000/api/provider/dashboard/stats[39m
[2026-02-22 20:46:01] [[32minfo[39m]: [32mexpressReq.user : {"id":"698f28d799b35470f53dd6e2","role":"PROVIDER"}[39m
[2026-02-22 21:30:19] [[32minfo[39m]: [32m[GATEWAY PROXY] PATCH /provider/profile/push-notification → http://localhost:4000/api/provider/profile/push-notification[39m
[2026-02-22 21:30:19] [[32minfo[39m]: [32mexpressReq.user : {"id":"698f28d799b35470f53dd6e2","role":"PROVIDER"}[39m
[2026-02-22 21:30:19] [[32minfo[39m]: [32m[GATEWAY PROXY] GET /provider/dashboard/stats → http://localhost:4000/api/provider/dashboard/stats[39m
[2026-02-22 21:30:19] [[32minfo[39m]: [32mexpressReq.user : {"id":"698f28d799b35470f53dd6e2","role":"PROVIDER"}[39m
[2026-02-22 21:36:05] [[32minfo[39m]: [32m[GATEWAY PROXY] PATCH /provider/profile/push-notification → http://localhost:4000/api/provider/profile/push-notification[39m
[2026-02-22 21:36:05] [[32minfo[39m]: [32mexpressReq.user : {"id":"698f28d799b35470f53dd6e2","role":"PROVIDER"}[39m
[2026-02-22 21:41:00] [[32minfo[39m]: [32m[GATEWAY PROXY] PATCH /provider/profile/push-notification → http://localhost:4000/api/provider/profile/push-notification[39m
[2026-02-22 21:41:00] [[32minfo[39m]: [32mexpressReq.user : {"id":"698f28d799b35470f53dd6e2","role":"PROVIDER"}[39m
[2026-02-22 21:41:00] [[32minfo[39m]: [32m[GATEWAY PROXY] GET /provider/dashboard/stats → http://localhost:4000/api/provider/dashboard/stats[39m
[2026-02-22 21:41:00] [[32minfo[39m]: [32mexpressReq.user : {"id":"698f28d799b35470f53dd6e2","role":"PROVIDER"}[39m
[2026-02-22 22:06:01] [[32minfo[39m]: [32m[GATEWAY PROXY] PATCH /provider/profile/push-notification → http://localhost:4000/api/provider/profile/push-notification[39m
[2026-02-22 22:06:01] [[32minfo[39m]: [32mexpressReq.user : {"id":"698f28d799b35470f53dd6e2","role":"PROVIDER"}[39m
[2026-02-22 22:06:01] [[32minfo[39m]: [32m[GATEWAY PROXY] GET /provider/dashboard/stats → http://localhost:4000/api/provider/dashboard/stats[39m
[2026-02-22 22:06:01] [[32minfo[39m]: [32mexpressReq.user : {"id":"698f28d799b35470f53dd6e2","role":"PROVIDER"}[39m
[2026-02-22 22:15:43] [[32minfo[39m]: [32m[GATEWAY PROXY] PATCH /provider/profile/push-notification → http://localhost:4000/api/provider/profile/push-notification[39m
[2026-02-22 22:15:43] [[32minfo[39m]: [32mexpressReq.user : {"id":"698f28d799b35470f53dd6e2","role":"PROVIDER"}[39m
[2026-02-22 22:15:44] [[32minfo[39m]: [32m[GATEWAY PROXY] GET /provider/dashboard/stats → http://localhost:4000/api/provider/dashboard/stats[39m
[2026-02-22 22:15:44] [[32minfo[39m]: [32mexpressReq.user : {"id":"698f28d799b35470f53dd6e2","role":"PROVIDER"}[39m
[2026-02-22 22:16:21] [[32minfo[39m]: [32m[GATEWAY PROXY] PATCH /provider/profile/push-notification → http://localhost:4000/api/provider/profile/push-notification[39m
[2026-02-22 22:16:21] [[32minfo[39m]: [32mexpressReq.user : {"id":"698f28d799b35470f53dd6e2","role":"PROVIDER"}[39m
[2026-02-22 22:16:21] [[32minfo[39m]: [32m[GATEWAY PROXY] GET /provider/dashboard/stats → http://localhost:4000/api/provider/dashboard/stats[39m
[2026-02-22 22:16:21] [[32minfo[39m]: [32mexpressReq.user : {"id":"698f28d799b35470f53dd6e2","role":"PROVIDER"}[39m
[2026-02-22 22:16:25] [[32minfo[39m]: [32m[GATEWAY PROXY] PATCH /provider/profile/push-notification → http://localhost:4000/api/provider/profile/push-notification[39m
[2026-02-22 22:16:25] [[32minfo[39m]: [32mexpressReq.user : {"id":"698f28d799b35470f53dd6e2","role":"PROVIDER"}[39m
[2026-02-22 22:16:42] [[32minfo[39m]: [32m[GATEWAY PROXY] PATCH /provider/profile/push-notification → http://localhost:4000/api/provider/profile/push-notification[39m
[2026-02-22 22:16:42] [[32minfo[39m]: [32mexpressReq.user : {"id":"698f28d799b35470f53dd6e2","role":"PROVIDER"}[39m
[2026-02-22 22:16:56] [[32minfo[39m]: [32m[GATEWAY PROXY] PATCH /provider/profile/push-notification → http://localhost:4000/api/provider/profile/push-notification[39m
[2026-02-22 22:16:56] [[32minfo[39m]: [32mexpressReq.user : {"id":"698f28d799b35470f53dd6e2","role":"PROVIDER"}[39m
[2026-02-22 22:16:57] [[32minfo[39m]: [32m[GATEWAY PROXY] PATCH /provider/profile/push-notification → http://localhost:4000/api/provider/profile/push-notification[39m
[2026-02-22 22:16:57] [[32minfo[39m]: [32mexpressReq.user : {"id":"698f28d799b35470f53dd6e2","role":"PROVIDER"}[39m
[2026-02-22 22:16:59] [[32minfo[39m]: [32m[GATEWAY PROXY] PATCH /provider/profile/push-notification → http://localhost:4000/api/provider/profile/push-notification[39m
[2026-02-22 22:16:59] [[32minfo[39m]: [32mexpressReq.user : {"id":"698f28d799b35470f53dd6e2","role":"PROVIDER"}[39m
[2026-02-22 22:17:06] [[32minfo[39m]: [32m[GATEWAY PROXY] PATCH /provider/profile/push-notification → http://localhost:4000/api/provider/profile/push-notification[39m
[2026-02-22 22:17:06] [[32minfo[39m]: [32mexpressReq.user : {"id":"698f28d799b35470f53dd6e2","role":"PROVIDER"}[39m
[2026-02-22 22:17:41] [[32minfo[39m]: [32m[GATEWAY PROXY] PATCH /provider/profile/push-notification → http://localhost:4000/api/provider/profile/push-notification[39m
[2026-02-22 22:17:41] [[32minfo[39m]: [32mexpressReq.user : {"id":"698f28d799b35470f53dd6e2","role":"PROVIDER"}[39m
[2026-02-22 22:25:46] [[32minfo[39m]: [32m[GATEWAY PROXY] PATCH /provider/profile/push-notification → http://localhost:4000/api/provider/profile/push-notification[39m
[2026-02-22 22:25:46] [[32minfo[39m]: [32mexpressReq.user : {"id":"698f28d799b35470f53dd6e2","role":"PROVIDER"}[39m
[2026-02-22 22:30:44] [[31merror[39m]: [31mgetBlockList failed[39m
[31mfetch failed[39m
[31mTypeError: fetch failed[39m
[31m    at node:internal/deps/undici/undici:16416:13[39m
[31m    at process.processTicksAndRejections (node:internal/process/task_queues:103:5)[39m
[31m    at async HttpClient.request (file:///C:/MY%20LOCAL%20DISC/Slotflow/slotflow-api-gateway/node_modules/.pnpm/@upstash+redis@1.36.1/node_modules/@upstash/redis/chunk-LLI2WIYN.mjs:171:15)[39m
[31m    at async Pipeline.exec (file:///C:/MY%20LOCAL%20DISC/Slotflow/slotflow-api-gateway/node_modules/.pnpm/@upstash+redis@1.36.1/node_modules/@upstash/redis/chunk-LLI2WIYN.mjs:2528:17)[39m
[31m    at async AutoPipelineExecutor.withAutoPipeline (file:///C:/MY%20LOCAL%20DISC/Slotflow/slotflow-api-gateway/node_modules/.pnpm/@upstash+redis@1.36.1/node_modules/@upstash/redis/chunk-LLI2WIYN.mjs:3443:21)[39m
[31m    at async CacheServiceImpl.getBlockList (C:\MY LOCAL DISC\Slotflow\slotflow-api-gateway\src\services\cache.service.impl.ts:14:20)[39m
[31m    at async blockCheckMiddleware (C:\MY LOCAL DISC\Slotflow\slotflow-api-gateway\src\middleware\blockCheck.middleware.ts:14:30)[39m
[2026-02-22 22:30:44] [[31merror[39m]: [31mError in blockCheckMiddleware[39m
[31mfetch failed[39m
[31mTypeError: fetch failed[39m
[31m    at node:internal/deps/undici/undici:16416:13[39m
[31m    at process.processTicksAndRejections (node:internal/process/task_queues:103:5)[39m
[31m    at async HttpClient.request (file:///C:/MY%20LOCAL%20DISC/Slotflow/slotflow-api-gateway/node_modules/.pnpm/@upstash+redis@1.36.1/node_modules/@upstash/redis/chunk-LLI2WIYN.mjs:171:15)[39m
[31m    at async Pipeline.exec (file:///C:/MY%20LOCAL%20DISC/Slotflow/slotflow-api-gateway/node_modules/.pnpm/@upstash+redis@1.36.1/node_modules/@upstash/redis/chunk-LLI2WIYN.mjs:2528:17)[39m
[31m    at async AutoPipelineExecutor.withAutoPipeline (file:///C:/MY%20LOCAL%20DISC/Slotflow/slotflow-api-gateway/node_modules/.pnpm/@upstash+redis@1.36.1/node_modules/@upstash/redis/chunk-LLI2WIYN.mjs:3443:21)[39m
[31m    at async CacheServiceImpl.getBlockList (C:\MY LOCAL DISC\Slotflow\slotflow-api-gateway\src\services\cache.service.impl.ts:14:20)[39m
[31m    at async blockCheckMiddleware (C:\MY LOCAL DISC\Slotflow\slotflow-api-gateway\src\middleware\blockCheck.middleware.ts:14:30)[39m
[2026-02-22 22:30:44] [[31merror[39m]: [31mgetBlockList failed[39m
[31mfetch failed[39m
[31mTypeError: fetch failed[39m
[31m    at node:internal/deps/undici/undici:16416:13[39m
[31m    at process.processTicksAndRejections (node:internal/process/task_queues:103:5)[39m
[31m    at async HttpClient.request (file:///C:/MY%20LOCAL%20DISC/Slotflow/slotflow-api-gateway/node_modules/.pnpm/@upstash+redis@1.36.1/node_modules/@upstash/redis/chunk-LLI2WIYN.mjs:171:15)[39m
[31m    at async Pipeline.exec (file:///C:/MY%20LOCAL%20DISC/Slotflow/slotflow-api-gateway/node_modules/.pnpm/@upstash+redis@1.36.1/node_modules/@upstash/redis/chunk-LLI2WIYN.mjs:2528:17)[39m
[31m    at async AutoPipelineExecutor.withAutoPipeline (file:///C:/MY%20LOCAL%20DISC/Slotflow/slotflow-api-gateway/node_modules/.pnpm/@upstash+redis@1.36.1/node_modules/@upstash/redis/chunk-LLI2WIYN.mjs:3443:21)[39m
[31m    at async CacheServiceImpl.getBlockList (C:\MY LOCAL DISC\Slotflow\slotflow-api-gateway\src\services\cache.service.impl.ts:14:20)[39m
[31m    at async blockCheckMiddleware (C:\MY LOCAL DISC\Slotflow\slotflow-api-gateway\src\middleware\blockCheck.middleware.ts:14:30)[39m
[2026-02-22 22:30:44] [[31merror[39m]: [31mError in blockCheckMiddleware[39m
[31mfetch failed[39m
[31mTypeError: fetch failed[39m
[31m    at node:internal/deps/undici/undici:16416:13[39m
[31m    at process.processTicksAndRejections (node:internal/process/task_queues:103:5)[39m
[31m    at async HttpClient.request (file:///C:/MY%20LOCAL%20DISC/Slotflow/slotflow-api-gateway/node_modules/.pnpm/@upstash+redis@1.36.1/node_modules/@upstash/redis/chunk-LLI2WIYN.mjs:171:15)[39m
[31m    at async Pipeline.exec (file:///C:/MY%20LOCAL%20DISC/Slotflow/slotflow-api-gateway/node_modules/.pnpm/@upstash+redis@1.36.1/node_modules/@upstash/redis/chunk-LLI2WIYN.mjs:2528:17)[39m
[31m    at async AutoPipelineExecutor.withAutoPipeline (file:///C:/MY%20LOCAL%20DISC/Slotflow/slotflow-api-gateway/node_modules/.pnpm/@upstash+redis@1.36.1/node_modules/@upstash/redis/chunk-LLI2WIYN.mjs:3443:21)[39m
[31m    at async CacheServiceImpl.getBlockList (C:\MY LOCAL DISC\Slotflow\slotflow-api-gateway\src\services\cache.service.impl.ts:14:20)[39m
[31m    at async blockCheckMiddleware (C:\MY LOCAL DISC\Slotflow\slotflow-api-gateway\src\middleware\blockCheck.middleware.ts:14:30)[39m
[2026-02-22 22:30:46] [[31merror[39m]: [31mgetBlockList failed[39m
[31mfetch failed[39m
[31mTypeError: fetch failed[39m
[31m    at node:internal/deps/undici/undici:16416:13[39m
[31m    at process.processTicksAndRejections (node:internal/process/task_queues:103:5)[39m
[31m    at async HttpClient.request (file:///C:/MY%20LOCAL%20DISC/Slotflow/slotflow-api-gateway/node_modules/.pnpm/@upstash+redis@1.36.1/node_modules/@upstash/redis/chunk-LLI2WIYN.mjs:171:15)[39m
[31m    at async Pipeline.exec (file:///C:/MY%20LOCAL%20DISC/Slotflow/slotflow-api-gateway/node_modules/.pnpm/@upstash+redis@1.36.1/node_modules/@upstash/redis/chunk-LLI2WIYN.mjs:2528:17)[39m
[31m    at async AutoPipelineExecutor.withAutoPipeline (file:///C:/MY%20LOCAL%20DISC/Slotflow/slotflow-api-gateway/node_modules/.pnpm/@upstash+redis@1.36.1/node_modules/@upstash/redis/chunk-LLI2WIYN.mjs:3443:21)[39m
[31m    at async CacheServiceImpl.getBlockList (C:\MY LOCAL DISC\Slotflow\slotflow-api-gateway\src\services\cache.service.impl.ts:14:20)[39m
[31m    at async blockCheckMiddleware (C:\MY LOCAL DISC\Slotflow\slotflow-api-gateway\src\middleware\blockCheck.middleware.ts:14:30)[39m
[2026-02-22 22:30:46] [[31merror[39m]: [31mError in blockCheckMiddleware[39m
[31mfetch failed[39m
[31mTypeError: fetch failed[39m
[31m    at node:internal/deps/undici/undici:16416:13[39m
[31m    at process.processTicksAndRejections (node:internal/process/task_queues:103:5)[39m
[31m    at async HttpClient.request (file:///C:/MY%20LOCAL%20DISC/Slotflow/slotflow-api-gateway/node_modules/.pnpm/@upstash+redis@1.36.1/node_modules/@upstash/redis/chunk-LLI2WIYN.mjs:171:15)[39m
[31m    at async Pipeline.exec (file:///C:/MY%20LOCAL%20DISC/Slotflow/slotflow-api-gateway/node_modules/.pnpm/@upstash+redis@1.36.1/node_modules/@upstash/redis/chunk-LLI2WIYN.mjs:2528:17)[39m
[31m    at async AutoPipelineExecutor.withAutoPipeline (file:///C:/MY%20LOCAL%20DISC/Slotflow/slotflow-api-gateway/node_modules/.pnpm/@upstash+redis@1.36.1/node_modules/@upstash/redis/chunk-LLI2WIYN.mjs:3443:21)[39m
[31m    at async CacheServiceImpl.getBlockList (C:\MY LOCAL DISC\Slotflow\slotflow-api-gateway\src\services\cache.service.impl.ts:14:20)[39m
[31m    at async blockCheckMiddleware (C:\MY LOCAL DISC\Slotflow\slotflow-api-gateway\src\middleware\blockCheck.middleware.ts:14:30)[39m
[2026-02-22 22:30:46] [[31merror[39m]: [31mgetBlockList failed[39m
[31mfetch failed[39m
[31mTypeError: fetch failed[39m
[31m    at node:internal/deps/undici/undici:16416:13[39m
[31m    at process.processTicksAndRejections (node:internal/process/task_queues:103:5)[39m
[31m    at async HttpClient.request (file:///C:/MY%20LOCAL%20DISC/Slotflow/slotflow-api-gateway/node_modules/.pnpm/@upstash+redis@1.36.1/node_modules/@upstash/redis/chunk-LLI2WIYN.mjs:171:15)[39m
[31m    at async Pipeline.exec (file:///C:/MY%20LOCAL%20DISC/Slotflow/slotflow-api-gateway/node_modules/.pnpm/@upstash+redis@1.36.1/node_modules/@upstash/redis/chunk-LLI2WIYN.mjs:2528:17)[39m
[31m    at async AutoPipelineExecutor.withAutoPipeline (file:///C:/MY%20LOCAL%20DISC/Slotflow/slotflow-api-gateway/node_modules/.pnpm/@upstash+redis@1.36.1/node_modules/@upstash/redis/chunk-LLI2WIYN.mjs:3443:21)[39m
[31m    at async CacheServiceImpl.getBlockList (C:\MY LOCAL DISC\Slotflow\slotflow-api-gateway\src\services\cache.service.impl.ts:14:20)[39m
[31m    at async blockCheckMiddleware (C:\MY LOCAL DISC\Slotflow\slotflow-api-gateway\src\middleware\blockCheck.middleware.ts:14:30)[39m
[2026-02-22 22:30:46] [[31merror[39m]: [31mError in blockCheckMiddleware[39m
[31mfetch failed[39m
[31mTypeError: fetch failed[39m
[31m    at node:internal/deps/undici/undici:16416:13[39m
[31m    at process.processTicksAndRejections (node:internal/process/task_queues:103:5)[39m
[31m    at async HttpClient.request (file:///C:/MY%20LOCAL%20DISC/Slotflow/slotflow-api-gateway/node_modules/.pnpm/@upstash+redis@1.36.1/node_modules/@upstash/redis/chunk-LLI2WIYN.mjs:171:15)[39m
[31m    at async Pipeline.exec (file:///C:/MY%20LOCAL%20DISC/Slotflow/slotflow-api-gateway/node_modules/.pnpm/@upstash+redis@1.36.1/node_modules/@upstash/redis/chunk-LLI2WIYN.mjs:2528:17)[39m
[31m    at async AutoPipelineExecutor.withAutoPipeline (file:///C:/MY%20LOCAL%20DISC/Slotflow/slotflow-api-gateway/node_modules/.pnpm/@upstash+redis@1.36.1/node_modules/@upstash/redis/chunk-LLI2WIYN.mjs:3443:21)[39m
[31m    at async CacheServiceImpl.getBlockList (C:\MY LOCAL DISC\Slotflow\slotflow-api-gateway\src\services\cache.service.impl.ts:14:20)[39m
[31m    at async blockCheckMiddleware (C:\MY LOCAL DISC\Slotflow\slotflow-api-gateway\src\middleware\blockCheck.middleware.ts:14:30)[39m
[2026-02-22 22:30:49] [[31merror[39m]: [31mgetBlockList failed[39m
[31mfetch failed[39m
[31mTypeError: fetch failed[39m
[31m    at node:internal/deps/undici/undici:16416:13[39m
[31m    at process.processTicksAndRejections (node:internal/process/task_queues:103:5)[39m
[31m    at async HttpClient.request (file:///C:/MY%20LOCAL%20DISC/Slotflow/slotflow-api-gateway/node_modules/.pnpm/@upstash+redis@1.36.1/node_modules/@upstash/redis/chunk-LLI2WIYN.mjs:171:15)[39m
[31m    at async Pipeline.exec (file:///C:/MY%20LOCAL%20DISC/Slotflow/slotflow-api-gateway/node_modules/.pnpm/@upstash+redis@1.36.1/node_modules/@upstash/redis/chunk-LLI2WIYN.mjs:2528:17)[39m
[31m    at async AutoPipelineExecutor.withAutoPipeline (file:///C:/MY%20LOCAL%20DISC/Slotflow/slotflow-api-gateway/node_modules/.pnpm/@upstash+redis@1.36.1/node_modules/@upstash/redis/chunk-LLI2WIYN.mjs:3443:21)[39m
[31m    at async CacheServiceImpl.getBlockList (C:\MY LOCAL DISC\Slotflow\slotflow-api-gateway\src\services\cache.service.impl.ts:14:20)[39m
[31m    at async blockCheckMiddleware (C:\MY LOCAL DISC\Slotflow\slotflow-api-gateway\src\middleware\blockCheck.middleware.ts:14:30)[39m
[2026-02-22 22:30:49] [[31merror[39m]: [31mError in blockCheckMiddleware[39m
[31mfetch failed[39m
[31mTypeError: fetch failed[39m
[31m    at node:internal/deps/undici/undici:16416:13[39m
[31m    at process.processTicksAndRejections (node:internal/process/task_queues:103:5)[39m
[31m    at async HttpClient.request (file:///C:/MY%20LOCAL%20DISC/Slotflow/slotflow-api-gateway/node_modules/.pnpm/@upstash+redis@1.36.1/node_modules/@upstash/redis/chunk-LLI2WIYN.mjs:171:15)[39m
[31m    at async Pipeline.exec (file:///C:/MY%20LOCAL%20DISC/Slotflow/slotflow-api-gateway/node_modules/.pnpm/@upstash+redis@1.36.1/node_modules/@upstash/redis/chunk-LLI2WIYN.mjs:2528:17)[39m
[31m    at async AutoPipelineExecutor.withAutoPipeline (file:///C:/MY%20LOCAL%20DISC/Slotflow/slotflow-api-gateway/node_modules/.pnpm/@upstash+redis@1.36.1/node_modules/@upstash/redis/chunk-LLI2WIYN.mjs:3443:21)[39m
[31m    at async CacheServiceImpl.getBlockList (C:\MY LOCAL DISC\Slotflow\slotflow-api-gateway\src\services\cache.service.impl.ts:14:20)[39m
[31m    at async blockCheckMiddleware (C:\MY LOCAL DISC\Slotflow\slotflow-api-gateway\src\middleware\blockCheck.middleware.ts:14:30)[39m
[2026-02-22 22:30:50] [[31merror[39m]: [31mgetBlockList failed[39m
[31mfetch failed[39m
[31mTypeError: fetch failed[39m
[31m    at node:internal/deps/undici/undici:16416:13[39m
[31m    at process.processTicksAndRejections (node:internal/process/task_queues:103:5)[39m
[31m    at async HttpClient.request (file:///C:/MY%20LOCAL%20DISC/Slotflow/slotflow-api-gateway/node_modules/.pnpm/@upstash+redis@1.36.1/node_modules/@upstash/redis/chunk-LLI2WIYN.mjs:171:15)[39m
[31m    at async Pipeline.exec (file:///C:/MY%20LOCAL%20DISC/Slotflow/slotflow-api-gateway/node_modules/.pnpm/@upstash+redis@1.36.1/node_modules/@upstash/redis/chunk-LLI2WIYN.mjs:2528:17)[39m
[31m    at async AutoPipelineExecutor.withAutoPipeline (file:///C:/MY%20LOCAL%20DISC/Slotflow/slotflow-api-gateway/node_modules/.pnpm/@upstash+redis@1.36.1/node_modules/@upstash/redis/chunk-LLI2WIYN.mjs:3443:21)[39m
[31m    at async CacheServiceImpl.getBlockList (C:\MY LOCAL DISC\Slotflow\slotflow-api-gateway\src\services\cache.service.impl.ts:14:20)[39m
[31m    at async blockCheckMiddleware (C:\MY LOCAL DISC\Slotflow\slotflow-api-gateway\src\middleware\blockCheck.middleware.ts:14:30)[39m
[2026-02-22 22:30:50] [[31merror[39m]: [31mError in blockCheckMiddleware[39m
[31mfetch failed[39m
[31mTypeError: fetch failed[39m
[31m    at node:internal/deps/undici/undici:16416:13[39m
[31m    at process.processTicksAndRejections (node:internal/process/task_queues:103:5)[39m
[31m    at async HttpClient.request (file:///C:/MY%20LOCAL%20DISC/Slotflow/slotflow-api-gateway/node_modules/.pnpm/@upstash+redis@1.36.1/node_modules/@upstash/redis/chunk-LLI2WIYN.mjs:171:15)[39m
[31m    at async Pipeline.exec (file:///C:/MY%20LOCAL%20DISC/Slotflow/slotflow-api-gateway/node_modules/.pnpm/@upstash+redis@1.36.1/node_modules/@upstash/redis/chunk-LLI2WIYN.mjs:2528:17)[39m
[31m    at async AutoPipelineExecutor.withAutoPipeline (file:///C:/MY%20LOCAL%20DISC/Slotflow/slotflow-api-gateway/node_modules/.pnpm/@upstash+redis@1.36.1/node_modules/@upstash/redis/chunk-LLI2WIYN.mjs:3443:21)[39m
[31m    at async CacheServiceImpl.getBlockList (C:\MY LOCAL DISC\Slotflow\slotflow-api-gateway\src\services\cache.service.impl.ts:14:20)[39m
[31m    at async blockCheckMiddleware (C:\MY LOCAL DISC\Slotflow\slotflow-api-gateway\src\middleware\blockCheck.middleware.ts:14:30)[39m
[2026-02-22 22:30:53] [[31merror[39m]: [31mgetBlockList failed[39m
[31mfetch failed[39m
[31mTypeError: fetch failed[39m
[31m    at node:internal/deps/undici/undici:16416:13[39m
[31m    at process.processTicksAndRejections (node:internal/process/task_queues:103:5)[39m
[31m    at async HttpClient.request (file:///C:/MY%20LOCAL%20DISC/Slotflow/slotflow-api-gateway/node_modules/.pnpm/@upstash+redis@1.36.1/node_modules/@upstash/redis/chunk-LLI2WIYN.mjs:171:15)[39m
[31m    at async Pipeline.exec (file:///C:/MY%20LOCAL%20DISC/Slotflow/slotflow-api-gateway/node_modules/.pnpm/@upstash+redis@1.36.1/node_modules/@upstash/redis/chunk-LLI2WIYN.mjs:2528:17)[39m
[31m    at async AutoPipelineExecutor.withAutoPipeline (file:///C:/MY%20LOCAL%20DISC/Slotflow/slotflow-api-gateway/node_modules/.pnpm/@upstash+redis@1.36.1/node_modules/@upstash/redis/chunk-LLI2WIYN.mjs:3443:21)[39m
[31m    at async CacheServiceImpl.getBlockList (C:\MY LOCAL DISC\Slotflow\slotflow-api-gateway\src\services\cache.service.impl.ts:14:20)[39m
[31m    at async blockCheckMiddleware (C:\MY LOCAL DISC\Slotflow\slotflow-api-gateway\src\middleware\blockCheck.middleware.ts:14:30)[39m
[2026-02-22 22:30:53] [[31merror[39m]: [31mError in blockCheckMiddleware[39m
[31mfetch failed[39m
[31mTypeError: fetch failed[39m
[31m    at node:internal/deps/undici/undici:16416:13[39m
[31m    at process.processTicksAndRejections (node:internal/process/task_queues:103:5)[39m
[31m    at async HttpClient.request (file:///C:/MY%20LOCAL%20DISC/Slotflow/slotflow-api-gateway/node_modules/.pnpm/@upstash+redis@1.36.1/node_modules/@upstash/redis/chunk-LLI2WIYN.mjs:171:15)[39m
[31m    at async Pipeline.exec (file:///C:/MY%20LOCAL%20DISC/Slotflow/slotflow-api-gateway/node_modules/.pnpm/@upstash+redis@1.36.1/node_modules/@upstash/redis/chunk-LLI2WIYN.mjs:2528:17)[39m
[31m    at async AutoPipelineExecutor.withAutoPipeline (file:///C:/MY%20LOCAL%20DISC/Slotflow/slotflow-api-gateway/node_modules/.pnpm/@upstash+redis@1.36.1/node_modules/@upstash/redis/chunk-LLI2WIYN.mjs:3443:21)[39m
[31m    at async CacheServiceImpl.getBlockList (C:\MY LOCAL DISC\Slotflow\slotflow-api-gateway\src\services\cache.service.impl.ts:14:20)[39m
[31m    at async blockCheckMiddleware (C:\MY LOCAL DISC\Slotflow\slotflow-api-gateway\src\middleware\blockCheck.middleware.ts:14:30)[39m
[2026-02-22 22:31:03] [[31merror[39m]: [31mgetBlockList failed[39m
[31mfetch failed[39m
[31mTypeError: fetch failed[39m
[31m    at node:internal/deps/undici/undici:16416:13[39m
[31m    at process.processTicksAndRejections (node:internal/process/task_queues:103:5)[39m
[31m    at async HttpClient.request (file:///C:/MY%20LOCAL%20DISC/Slotflow/slotflow-api-gateway/node_modules/.pnpm/@upstash+redis@1.36.1/node_modules/@upstash/redis/chunk-LLI2WIYN.mjs:171:15)[39m
[31m    at async Pipeline.exec (file:///C:/MY%20LOCAL%20DISC/Slotflow/slotflow-api-gateway/node_modules/.pnpm/@upstash+redis@1.36.1/node_modules/@upstash/redis/chunk-LLI2WIYN.mjs:2528:17)[39m
[31m    at async AutoPipelineExecutor.withAutoPipeline (file:///C:/MY%20LOCAL%20DISC/Slotflow/slotflow-api-gateway/node_modules/.pnpm/@upstash+redis@1.36.1/node_modules/@upstash/redis/chunk-LLI2WIYN.mjs:3443:21)[39m
[31m    at async CacheServiceImpl.getBlockList (C:\MY LOCAL DISC\Slotflow\slotflow-api-gateway\src\services\cache.service.impl.ts:14:20)[39m
[31m    at async blockCheckMiddleware (C:\MY LOCAL DISC\Slotflow\slotflow-api-gateway\src\middleware\blockCheck.middleware.ts:14:30)[39m
[2026-02-22 22:31:03] [[31merror[39m]: [31mError in blockCheckMiddleware[39m
[31mfetch failed[39m
[31mTypeError: fetch failed[39m
[31m    at node:internal/deps/undici/undici:16416:13[39m
[31m    at process.processTicksAndRejections (node:internal/process/task_queues:103:5)[39m
[31m    at async HttpClient.request (file:///C:/MY%20LOCAL%20DISC/Slotflow/slotflow-api-gateway/node_modules/.pnpm/@upstash+redis@1.36.1/node_modules/@upstash/redis/chunk-LLI2WIYN.mjs:171:15)[39m
[31m    at async Pipeline.exec (file:///C:/MY%20LOCAL%20DISC/Slotflow/slotflow-api-gateway/node_modules/.pnpm/@upstash+redis@1.36.1/node_modules/@upstash/redis/chunk-LLI2WIYN.mjs:2528:17)[39m
[31m    at async AutoPipelineExecutor.withAutoPipeline (file:///C:/MY%20LOCAL%20DISC/Slotflow/slotflow-api-gateway/node_modules/.pnpm/@upstash+redis@1.36.1/node_modules/@upstash/redis/chunk-LLI2WIYN.mjs:3443:21)[39m
[31m    at async CacheServiceImpl.getBlockList (C:\MY LOCAL DISC\Slotflow\slotflow-api-gateway\src\services\cache.service.impl.ts:14:20)[39m
[31m    at async blockCheckMiddleware (C:\MY LOCAL DISC\Slotflow\slotflow-api-gateway\src\middleware\blockCheck.middleware.ts:14:30)[39m
[2026-02-22 22:31:03] [[31merror[39m]: [31mgetBlockList failed[39m
[31mfetch failed[39m
[31mTypeError: fetch failed[39m
[31m    at node:internal/deps/undici/undici:16416:13[39m
[31m    at process.processTicksAndRejections (node:internal/process/task_queues:103:5)[39m
[31m    at async HttpClient.request (file:///C:/MY%20LOCAL%20DISC/Slotflow/slotflow-api-gateway/node_modules/.pnpm/@upstash+redis@1.36.1/node_modules/@upstash/redis/chunk-LLI2WIYN.mjs:171:15)[39m
[31m    at async Pipeline.exec (file:///C:/MY%20LOCAL%20DISC/Slotflow/slotflow-api-gateway/node_modules/.pnpm/@upstash+redis@1.36.1/node_modules/@upstash/redis/chunk-LLI2WIYN.mjs:2528:17)[39m
[31m    at async AutoPipelineExecutor.withAutoPipeline (file:///C:/MY%20LOCAL%20DISC/Slotflow/slotflow-api-gateway/node_modules/.pnpm/@upstash+redis@1.36.1/node_modules/@upstash/redis/chunk-LLI2WIYN.mjs:3443:21)[39m
[31m    at async CacheServiceImpl.getBlockList (C:\MY LOCAL DISC\Slotflow\slotflow-api-gateway\src\services\cache.service.impl.ts:14:20)[39m
[31m    at async blockCheckMiddleware (C:\MY LOCAL DISC\Slotflow\slotflow-api-gateway\src\middleware\blockCheck.middleware.ts:14:30)[39m
[2026-02-22 22:31:03] [[31merror[39m]: [31mError in blockCheckMiddleware[39m
[31mfetch failed[39m
[31mTypeError: fetch failed[39m
[31m    at node:internal/deps/undici/undici:16416:13[39m
[31m    at process.processTicksAndRejections (node:internal/process/task_queues:103:5)[39m
[31m    at async HttpClient.request (file:///C:/MY%20LOCAL%20DISC/Slotflow/slotflow-api-gateway/node_modules/.pnpm/@upstash+redis@1.36.1/node_modules/@upstash/redis/chunk-LLI2WIYN.mjs:171:15)[39m
[31m    at async Pipeline.exec (file:///C:/MY%20LOCAL%20DISC/Slotflow/slotflow-api-gateway/node_modules/.pnpm/@upstash+redis@1.36.1/node_modules/@upstash/redis/chunk-LLI2WIYN.mjs:2528:17)[39m
[31m    at async AutoPipelineExecutor.withAutoPipeline (file:///C:/MY%20LOCAL%20DISC/Slotflow/slotflow-api-gateway/node_modules/.pnpm/@upstash+redis@1.36.1/node_modules/@upstash/redis/chunk-LLI2WIYN.mjs:3443:21)[39m
[31m    at async CacheServiceImpl.getBlockList (C:\MY LOCAL DISC\Slotflow\slotflow-api-gateway\src\services\cache.service.impl.ts:14:20)[39m
[31m    at async blockCheckMiddleware (C:\MY LOCAL DISC\Slotflow\slotflow-api-gateway\src\middleware\blockCheck.middleware.ts:14:30)[39m
[2026-02-22 22:31:32] [[32minfo[39m]: [32m[GATEWAY PROXY] GET /provider/dashboard/stats → http://localhost:4000/api/provider/dashboard/stats[39m
[2026-02-22 22:31:32] [[32minfo[39m]: [32mexpressReq.user : {"id":"698f28d799b35470f53dd6e2","role":"PROVIDER"}[39m
[2026-02-22 22:31:32] [[32minfo[39m]: [32m[GATEWAY PROXY] PATCH /provider/profile/push-notification → http://localhost:4000/api/provider/profile/push-notification[39m
[2026-02-22 22:31:32] [[32minfo[39m]: [32mexpressReq.user : {"id":"698f28d799b35470f53dd6e2","role":"PROVIDER"}[39m
[2026-02-22 22:31:32] [[32minfo[39m]: [32m[GATEWAY PROXY] PATCH /provider/profile/push-notification → http://localhost:4000/api/provider/profile/push-notification[39m
[2026-02-22 22:31:32] [[32minfo[39m]: [32mexpressReq.user : {"id":"698f28d799b35470f53dd6e2","role":"PROVIDER"}[39m
[2026-02-22 22:31:32] [[32minfo[39m]: [32m[GATEWAY PROXY] GET /provider/dashboard/stats → http://localhost:4000/api/provider/dashboard/stats[39m
[2026-02-22 22:31:32] [[32minfo[39m]: [32mexpressReq.user : {"id":"698f28d799b35470f53dd6e2","role":"PROVIDER"}[39m
[2026-02-22 22:31:42] [[32minfo[39m]: [32m[GATEWAY PROXY] PATCH /provider/profile/push-notification → http://localhost:4000/api/provider/profile/push-notification[39m
[2026-02-22 22:31:42] [[32minfo[39m]: [32mexpressReq.user : {"id":"698f28d799b35470f53dd6e2","role":"PROVIDER"}[39m
[2026-02-22 22:31:42] [[32minfo[39m]: [32m[GATEWAY PROXY] GET /provider/dashboard/stats → http://localhost:4000/api/provider/dashboard/stats[39m
[2026-02-22 22:31:42] [[32minfo[39m]: [32mexpressReq.user : {"id":"698f28d799b35470f53dd6e2","role":"PROVIDER"}[39m
[2026-02-22 22:31:43] [[32minfo[39m]: [32m[GATEWAY PROXY] PATCH /provider/profile/push-notification → http://localhost:4000/api/provider/profile/push-notification[39m
[2026-02-22 22:31:43] [[32minfo[39m]: [32mexpressReq.user : {"id":"698f28d799b35470f53dd6e2","role":"PROVIDER"}[39m
[2026-02-22 22:31:44] [[32minfo[39m]: [32m[GATEWAY PROXY] PATCH /provider/profile/push-notification → http://localhost:4000/api/provider/profile/push-notification[39m
[2026-02-22 22:31:44] [[32minfo[39m]: [32mexpressReq.user : {"id":"698f28d799b35470f53dd6e2","role":"PROVIDER"}[39m
[2026-02-22 22:32:07] [[32minfo[39m]: [32m[GATEWAY PROXY] PATCH /provider/profile/push-notification → http://localhost:4000/api/provider/profile/push-notification[39m
[2026-02-22 22:32:07] [[32minfo[39m]: [32mexpressReq.user : {"id":"698f28d799b35470f53dd6e2","role":"PROVIDER"}[39m
[2026-02-22 22:32:07] [[32minfo[39m]: [32m[GATEWAY PROXY] GET /provider/dashboard/stats → http://localhost:4000/api/provider/dashboard/stats[39m
[2026-02-22 22:32:07] [[32minfo[39m]: [32mexpressReq.user : {"id":"698f28d799b35470f53dd6e2","role":"PROVIDER"}[39m
[2026-02-22 22:32:18] [[32minfo[39m]: [32m[GATEWAY PROXY] GET /provider/dashboard/stats → http://localhost:4000/api/provider/dashboard/stats[39m
[2026-02-22 22:32:18] [[32minfo[39m]: [32mexpressReq.user : {"id":"698f28d799b35470f53dd6e2","role":"PROVIDER"}[39m
[2026-02-22 22:32:18] [[32minfo[39m]: [32m[GATEWAY PROXY] PATCH /provider/profile/push-notification → http://localhost:4000/api/provider/profile/push-notification[39m
[2026-02-22 22:32:18] [[32minfo[39m]: [32mexpressReq.user : {"id":"698f28d799b35470f53dd6e2","role":"PROVIDER"}[39m
[2026-02-22 22:32:32] [[32minfo[39m]: [32m[GATEWAY PROXY] PATCH /provider/profile/push-notification → http://localhost:4000/api/provider/profile/push-notification[39m
[2026-02-22 22:32:32] [[32minfo[39m]: [32mexpressReq.user : {"id":"698f28d799b35470f53dd6e2","role":"PROVIDER"}[39m
[2026-02-22 22:32:32] [[32minfo[39m]: [32m[GATEWAY PROXY] GET /provider/dashboard/stats → http://localhost:4000/api/provider/dashboard/stats[39m
[2026-02-22 22:32:32] [[32minfo[39m]: [32mexpressReq.user : {"id":"698f28d799b35470f53dd6e2","role":"PROVIDER"}[39m
[2026-02-22 22:32:55] [[32minfo[39m]: [32m[GATEWAY PROXY] GET /provider/dashboard/stats → http://localhost:4000/api/provider/dashboard/stats[39m
[2026-02-22 22:32:55] [[32minfo[39m]: [32mexpressReq.user : {"id":"698f28d799b35470f53dd6e2","role":"PROVIDER"}[39m
[2026-02-22 22:32:55] [[32minfo[39m]: [32m[GATEWAY PROXY] PATCH /provider/profile/push-notification → http://localhost:4000/api/provider/profile/push-notification[39m
[2026-02-22 22:32:55] [[32minfo[39m]: [32mexpressReq.user : {"id":"698f28d799b35470f53dd6e2","role":"PROVIDER"}[39m
[2026-02-22 22:33:31] [[32minfo[39m]: [32m[GATEWAY PROXY] PATCH /provider/profile/push-notification → http://localhost:4000/api/provider/profile/push-notification[39m
[2026-02-22 22:33:31] [[32minfo[39m]: [32mexpressReq.user : {"id":"698f28d799b35470f53dd6e2","role":"PROVIDER"}[39m
[2026-02-22 22:33:31] [[32minfo[39m]: [32m[GATEWAY PROXY] GET /provider/dashboard/stats → http://localhost:4000/api/provider/dashboard/stats[39m
[2026-02-22 22:33:31] [[32minfo[39m]: [32mexpressReq.user : {"id":"698f28d799b35470f53dd6e2","role":"PROVIDER"}[39m
[2026-02-22 22:34:07] [[32minfo[39m]: [32m[GATEWAY PROXY] PATCH /provider/profile/push-notification → http://localhost:4000/api/provider/profile/push-notification[39m
[2026-02-22 22:34:07] [[32minfo[39m]: [32mexpressReq.user : {"id":"698f28d799b35470f53dd6e2","role":"PROVIDER"}[39m
[2026-02-22 22:34:07] [[32minfo[39m]: [32m[GATEWAY PROXY] GET /provider/dashboard/stats → http://localhost:4000/api/provider/dashboard/stats[39m
[2026-02-22 22:34:07] [[32minfo[39m]: [32mexpressReq.user : {"id":"698f28d799b35470f53dd6e2","role":"PROVIDER"}[39m
[2026-02-22 22:34:21] [[32minfo[39m]: [32m[GATEWAY PROXY] PATCH /provider/profile/push-notification → http://localhost:4000/api/provider/profile/push-notification[39m
[2026-02-22 22:34:21] [[32minfo[39m]: [32mexpressReq.user : {"id":"698f28d799b35470f53dd6e2","role":"PROVIDER"}[39m
[2026-02-22 22:34:22] [[32minfo[39m]: [32m[GATEWAY PROXY] GET /provider/dashboard/stats → http://localhost:4000/api/provider/dashboard/stats[39m
[2026-02-22 22:34:22] [[32minfo[39m]: [32mexpressReq.user : {"id":"698f28d799b35470f53dd6e2","role":"PROVIDER"}[39m
[2026-02-22 22:43:55] [[32minfo[39m]: [32m[GATEWAY PROXY] PATCH /provider/profile/push-notification → http://localhost:4000/api/provider/profile/push-notification[39m
[2026-02-22 22:43:55] [[32minfo[39m]: [32mexpressReq.user : {"id":"698f28d799b35470f53dd6e2","role":"PROVIDER"}[39m
[2026-02-22 22:43:55] [[32minfo[39m]: [32m[GATEWAY PROXY] GET /provider/subscriptions/me → http://localhost:4000/api/provider/subscriptions/me[39m
[2026-02-22 22:43:55] [[32minfo[39m]: [32mexpressReq.user : {"id":"698f28d799b35470f53dd6e2","role":"PROVIDER"}[39m
[2026-02-22 22:43:55] [[32minfo[39m]: [32m[GATEWAY PROXY] GET /provider/dashboard/stats → http://localhost:4000/api/provider/dashboard/stats[39m
[2026-02-22 22:43:55] [[32minfo[39m]: [32mexpressReq.user : {"id":"698f28d799b35470f53dd6e2","role":"PROVIDER"}[39m
[2026-02-22 22:44:29] [[32minfo[39m]: [32m[GATEWAY PROXY] PATCH /provider/profile/push-notification → http://localhost:4000/api/provider/profile/push-notification[39m
[2026-02-22 22:44:29] [[32minfo[39m]: [32mexpressReq.user : {"id":"698f28d799b35470f53dd6e2","role":"PROVIDER"}[39m
[2026-02-22 22:44:29] [[32minfo[39m]: [32m[GATEWAY PROXY] GET /provider/subscriptions/me → http://localhost:4000/api/provider/subscriptions/me[39m
[2026-02-22 22:44:29] [[32minfo[39m]: [32mexpressReq.user : {"id":"698f28d799b35470f53dd6e2","role":"PROVIDER"}[39m
[2026-02-22 22:44:30] [[32minfo[39m]: [32m[GATEWAY PROXY] GET /provider/dashboard/stats → http://localhost:4000/api/provider/dashboard/stats[39m
[2026-02-22 22:44:30] [[32minfo[39m]: [32mexpressReq.user : {"id":"698f28d799b35470f53dd6e2","role":"PROVIDER"}[39m
[2026-02-22 22:44:51] [[32minfo[39m]: [32m[GATEWAY PROXY] PATCH /provider/profile/push-notification → http://localhost:4000/api/provider/profile/push-notification[39m
[2026-02-22 22:44:51] [[32minfo[39m]: [32mexpressReq.user : {"id":"698f28d799b35470f53dd6e2","role":"PROVIDER"}[39m
[2026-02-22 22:44:51] [[32minfo[39m]: [32m[GATEWAY PROXY] GET /provider/dashboard/stats → http://localhost:4000/api/provider/dashboard/stats[39m
[2026-02-22 22:44:51] [[32minfo[39m]: [32mexpressReq.user : {"id":"698f28d799b35470f53dd6e2","role":"PROVIDER"}[39m
[2026-02-22 22:44:58] [[32minfo[39m]: [32m[GATEWAY PROXY] PATCH /provider/profile/push-notification → http://localhost:4000/api/provider/profile/push-notification[39m
[2026-02-22 22:44:58] [[32minfo[39m]: [32mexpressReq.user : {"id":"698f28d799b35470f53dd6e2","role":"PROVIDER"}[39m
[2026-02-22 22:44:58] [[32minfo[39m]: [32m[GATEWAY PROXY] GET /provider/dashboard/stats → http://localhost:4000/api/provider/dashboard/stats[39m
[2026-02-22 22:44:58] [[32minfo[39m]: [32mexpressReq.user : {"id":"698f28d799b35470f53dd6e2","role":"PROVIDER"}[39m
[2026-02-22 22:45:06] [[32minfo[39m]: [32m[GATEWAY PROXY] GET /provider/subscriptions/me → http://localhost:4000/api/provider/subscriptions/me[39m
[2026-02-22 22:45:06] [[32minfo[39m]: [32mexpressReq.user : {"id":"698f28d799b35470f53dd6e2","role":"PROVIDER"}[39m
[2026-02-22 22:45:06] [[32minfo[39m]: [32m[GATEWAY PROXY] PATCH /provider/profile/push-notification → http://localhost:4000/api/provider/profile/push-notification[39m
[2026-02-22 22:45:06] [[32minfo[39m]: [32mexpressReq.user : {"id":"698f28d799b35470f53dd6e2","role":"PROVIDER"}[39m
[2026-02-22 22:45:06] [[32minfo[39m]: [32m[GATEWAY PROXY] GET /provider/dashboard/stats → http://localhost:4000/api/provider/dashboard/stats[39m
[2026-02-22 22:45:06] [[32minfo[39m]: [32mexpressReq.user : {"id":"698f28d799b35470f53dd6e2","role":"PROVIDER"}[39m
[2026-02-22 22:45:28] [[32minfo[39m]: [32m[GATEWAY PROXY] POST /auth/signout → http://localhost:4000/api/auth/signout[39m
[2026-02-22 22:45:28] [[32minfo[39m]: [32mexpressReq.user : undefined[39m
[2026-02-22 22:47:32] [[32minfo[39m]: [32m[GATEWAY PROXY] POST /auth/signin → http://localhost:4000/api/auth/signin[39m
[2026-02-22 22:47:32] [[32minfo[39m]: [32mexpressReq.user : undefined[39m
[2026-02-22 22:47:40] [[32minfo[39m]: [32m[GATEWAY PROXY] PATCH /provider/profile/push-notification → http://localhost:4000/api/provider/profile/push-notification[39m
[2026-02-22 22:47:40] [[32minfo[39m]: [32mexpressReq.user : {"id":"698f28d799b35470f53dd6e2","role":"PROVIDER"}[39m
[2026-02-22 22:47:40] [[32minfo[39m]: [32m[GATEWAY PROXY] GET /provider/dashboard/stats → http://localhost:4000/api/provider/dashboard/stats[39m
[2026-02-22 22:47:40] [[32minfo[39m]: [32mexpressReq.user : {"id":"698f28d799b35470f53dd6e2","role":"PROVIDER"}[39m
[2026-02-22 22:47:41] [[32minfo[39m]: [32m[GATEWAY PROXY] PATCH /provider/profile/push-notification → http://localhost:4000/api/provider/profile/push-notification[39m
[2026-02-22 22:47:41] [[32minfo[39m]: [32mexpressReq.user : {"id":"698f28d799b35470f53dd6e2","role":"PROVIDER"}[39m
[2026-02-22 22:47:52] [[32minfo[39m]: [32m[GATEWAY PROXY] PATCH /provider/profile/push-notification → http://localhost:4000/api/provider/profile/push-notification[39m
[2026-02-22 22:47:52] [[32minfo[39m]: [32mexpressReq.user : {"id":"698f28d799b35470f53dd6e2","role":"PROVIDER"}[39m
[2026-02-22 22:47:52] [[32minfo[39m]: [32m[GATEWAY PROXY] GET /provider/dashboard/stats → http://localhost:4000/api/provider/dashboard/stats[39m
[2026-02-22 22:47:52] [[32minfo[39m]: [32mexpressReq.user : {"id":"698f28d799b35470f53dd6e2","role":"PROVIDER"}[39m
[2026-02-22 22:48:01] [[32minfo[39m]: [32m[GATEWAY PROXY] GET /provider/ → http://localhost:4000/api/provider/[39m
[2026-02-22 22:48:01] [[32minfo[39m]: [32mexpressReq.user : {"id":"698f28d799b35470f53dd6e2","role":"PROVIDER"}[39m
[2026-02-22 22:48:03] [[32minfo[39m]: [32m[GATEWAY PROXY] GET /provider/bookings/?page=1&limit=10 → http://localhost:4000/api/provider/bookings/?page=1&limit=10[39m
[2026-02-22 22:48:03] [[32minfo[39m]: [32mexpressReq.user : {"id":"698f28d799b35470f53dd6e2","role":"PROVIDER"}[39m
[2026-02-22 22:48:06] [[32minfo[39m]: [32m[GATEWAY PROXY] GET /provider/subscriptions?page=1&limit=10 → http://localhost:4000/api/provider/subscriptions?page=1&limit=10[39m
[2026-02-22 22:48:06] [[32minfo[39m]: [32mexpressReq.user : {"id":"698f28d799b35470f53dd6e2","role":"PROVIDER"}[39m
[2026-02-22 22:48:22] [[32minfo[39m]: [32m[GATEWAY PROXY] PATCH /provider/profile/push-notification → http://localhost:4000/api/provider/profile/push-notification[39m
[2026-02-22 22:48:22] [[32minfo[39m]: [32mexpressReq.user : {"id":"698f28d799b35470f53dd6e2","role":"PROVIDER"}[39m
[2026-02-22 22:48:22] [[32minfo[39m]: [32m[GATEWAY PROXY] GET /provider/dashboard/stats → http://localhost:4000/api/provider/dashboard/stats[39m
[2026-02-22 22:48:22] [[32minfo[39m]: [32mexpressReq.user : {"id":"698f28d799b35470f53dd6e2","role":"PROVIDER"}[39m
[2026-02-22 22:50:10] [[32minfo[39m]: [32m[GATEWAY PROXY] PATCH /provider/profile/push-notification → http://localhost:4000/api/provider/profile/push-notification[39m
[2026-02-22 22:50:10] [[32minfo[39m]: [32mexpressReq.user : {"id":"698f28d799b35470f53dd6e2","role":"PROVIDER"}[39m
[2026-02-22 22:50:10] [[32minfo[39m]: [32m[GATEWAY PROXY] GET /provider/dashboard/stats → http://localhost:4000/api/provider/dashboard/stats[39m
[2026-02-22 22:50:10] [[32minfo[39m]: [32mexpressReq.user : {"id":"698f28d799b35470f53dd6e2","role":"PROVIDER"}[39m
[2026-02-22 22:50:55] [[32minfo[39m]: [32m[GATEWAY PROXY] PATCH /provider/profile/push-notification → http://localhost:4000/api/provider/profile/push-notification[39m
[2026-02-22 22:50:55] [[32minfo[39m]: [32mexpressReq.user : {"id":"698f28d799b35470f53dd6e2","role":"PROVIDER"}[39m
[2026-02-22 22:50:56] [[32minfo[39m]: [32m[GATEWAY PROXY] GET /provider/dashboard/stats → http://localhost:4000/api/provider/dashboard/stats[39m
[2026-02-22 22:50:56] [[32minfo[39m]: [32mexpressReq.user : {"id":"698f28d799b35470f53dd6e2","role":"PROVIDER"}[39m
[2026-02-22 22:55:51] [[32minfo[39m]: [32m[GATEWAY PROXY] PATCH /provider/profile/push-notification → http://localhost:4000/api/provider/profile/push-notification[39m
[2026-02-22 22:55:51] [[32minfo[39m]: [32mexpressReq.user : {"id":"698f28d799b35470f53dd6e2","role":"PROVIDER"}[39m
[2026-02-22 22:56:01] [[32minfo[39m]: [32m[GATEWAY PROXY] GET /provider/subscriptions/me → http://localhost:4000/api/provider/subscriptions/me[39m
[2026-02-22 22:56:01] [[32minfo[39m]: [32mexpressReq.user : {"id":"698f28d799b35470f53dd6e2","role":"PROVIDER"}[39m
[2026-02-22 22:56:01] [[32minfo[39m]: [32m[GATEWAY PROXY] PATCH /provider/profile/push-notification → http://localhost:4000/api/provider/profile/push-notification[39m
[2026-02-22 22:56:01] [[32minfo[39m]: [32mexpressReq.user : {"id":"698f28d799b35470f53dd6e2","role":"PROVIDER"}[39m
[2026-02-22 22:56:33] [[32minfo[39m]: [32m[GATEWAY PROXY] GET /provider/subscriptions/me → http://localhost:4000/api/provider/subscriptions/me[39m
[2026-02-22 22:56:33] [[32minfo[39m]: [32mexpressReq.user : {"id":"698f28d799b35470f53dd6e2","role":"PROVIDER"}[39m
[2026-02-22 22:56:47] [[32minfo[39m]: [32m[GATEWAY PROXY] GET /provider/subscriptions/me → http://localhost:4000/api/provider/subscriptions/me[39m
[2026-02-22 22:56:47] [[32minfo[39m]: [32mexpressReq.user : {"id":"698f28d799b35470f53dd6e2","role":"PROVIDER"}[39m
[2026-02-22 22:56:55] [[32minfo[39m]: [32m[GATEWAY PROXY] GET /provider/subscriptions/me → http://localhost:4000/api/provider/subscriptions/me[39m
[2026-02-22 22:56:55] [[32minfo[39m]: [32mexpressReq.user : {"id":"698f28d799b35470f53dd6e2","role":"PROVIDER"}[39m
[2026-02-22 22:57:05] [[32minfo[39m]: [32m[GATEWAY PROXY] GET /provider/subscriptions/me → http://localhost:4000/api/provider/subscriptions/me[39m
[2026-02-22 22:57:05] [[32minfo[39m]: [32mexpressReq.user : {"id":"698f28d799b35470f53dd6e2","role":"PROVIDER"}[39m
[2026-02-22 22:57:16] [[32minfo[39m]: [32m[GATEWAY PROXY] GET /provider/subscriptions/me → http://localhost:4000/api/provider/subscriptions/me[39m
[2026-02-22 22:57:16] [[32minfo[39m]: [32mexpressReq.user : {"id":"698f28d799b35470f53dd6e2","role":"PROVIDER"}[39m
[2026-02-22 22:57:18] [[32minfo[39m]: [32m[GATEWAY PROXY] GET /provider/subscriptions/me → http://localhost:4000/api/provider/subscriptions/me[39m
[2026-02-22 22:57:18] [[32minfo[39m]: [32mexpressReq.user : {"id":"698f28d799b35470f53dd6e2","role":"PROVIDER"}[39m
[2026-02-22 22:57:19] [[32minfo[39m]: [32m[GATEWAY PROXY] GET /provider/subscriptions/me → http://localhost:4000/api/provider/subscriptions/me[39m
[2026-02-22 22:57:19] [[32minfo[39m]: [32mexpressReq.user : {"id":"698f28d799b35470f53dd6e2","role":"PROVIDER"}[39m
[2026-02-22 22:57:41] [[32minfo[39m]: [32m[GATEWAY PROXY] GET /provider/subscriptions/me → http://localhost:4000/api/provider/subscriptions/me[39m
[2026-02-22 22:57:41] [[32minfo[39m]: [32mexpressReq.user : {"id":"698f28d799b35470f53dd6e2","role":"PROVIDER"}[39m
[2026-02-22 22:57:46] [[32minfo[39m]: [32m[GATEWAY PROXY] GET /provider/subscriptions/me → http://localhost:4000/api/provider/subscriptions/me[39m
[2026-02-22 22:57:46] [[32minfo[39m]: [32mexpressReq.user : {"id":"698f28d799b35470f53dd6e2","role":"PROVIDER"}[39m
[2026-02-22 22:57:47] [[32minfo[39m]: [32m[GATEWAY PROXY] GET /provider/subscriptions/me → http://localhost:4000/api/provider/subscriptions/me[39m
[2026-02-22 22:57:47] [[32minfo[39m]: [32mexpressReq.user : {"id":"698f28d799b35470f53dd6e2","role":"PROVIDER"}[39m
[2026-02-22 22:57:49] [[32minfo[39m]: [32m[GATEWAY PROXY] GET /provider/subscriptions/me → http://localhost:4000/api/provider/subscriptions/me[39m
[2026-02-22 22:57:49] [[32minfo[39m]: [32mexpressReq.user : {"id":"698f28d799b35470f53dd6e2","role":"PROVIDER"}[39m
[2026-02-22 22:57:52] [[32minfo[39m]: [32m[GATEWAY PROXY] GET /provider/subscriptions/me → http://localhost:4000/api/provider/subscriptions/me[39m
[2026-02-22 22:57:52] [[32minfo[39m]: [32mexpressReq.user : {"id":"698f28d799b35470f53dd6e2","role":"PROVIDER"}[39m
[2026-02-22 22:57:53] [[32minfo[39m]: [32m[GATEWAY PROXY] GET /provider/subscriptions/me → http://localhost:4000/api/provider/subscriptions/me[39m
[2026-02-22 22:57:53] [[32minfo[39m]: [32mexpressReq.user : {"id":"698f28d799b35470f53dd6e2","role":"PROVIDER"}[39m
[2026-02-22 22:57:55] [[32minfo[39m]: [32m[GATEWAY PROXY] GET /provider/subscriptions/me → http://localhost:4000/api/provider/subscriptions/me[39m
[2026-02-22 22:57:55] [[32minfo[39m]: [32mexpressReq.user : {"id":"698f28d799b35470f53dd6e2","role":"PROVIDER"}[39m
[2026-02-22 22:59:24] [[32minfo[39m]: [32m[GATEWAY PROXY] GET /provider/dashboard/stats → http://localhost:4000/api/provider/dashboard/stats[39m
[2026-02-22 22:59:24] [[32minfo[39m]: [32mexpressReq.user : {"id":"698f28d799b35470f53dd6e2","role":"PROVIDER"}[39m
[2026-02-22 22:59:37] [[32minfo[39m]: [32m[GATEWAY PROXY] GET /provider/subscriptions/me → http://localhost:4000/api/provider/subscriptions/me[39m
[2026-02-22 22:59:37] [[32minfo[39m]: [32mexpressReq.user : {"id":"698f28d799b35470f53dd6e2","role":"PROVIDER"}[39m
[2026-02-22 22:59:37] [[32minfo[39m]: [32m[GATEWAY PROXY] PATCH /provider/profile/push-notification → http://localhost:4000/api/provider/profile/push-notification[39m
[2026-02-22 22:59:37] [[32minfo[39m]: [32mexpressReq.user : {"id":"698f28d799b35470f53dd6e2","role":"PROVIDER"}[39m
[2026-02-22 22:59:45] [[32minfo[39m]: [32m[GATEWAY PROXY] PATCH /provider/profile/push-notification → http://localhost:4000/api/provider/profile/push-notification[39m
[2026-02-22 22:59:45] [[32minfo[39m]: [32mexpressReq.user : {"id":"698f28d799b35470f53dd6e2","role":"PROVIDER"}[39m
[2026-02-22 22:59:45] [[32minfo[39m]: [32m[GATEWAY PROXY] GET /provider/dashboard/stats → http://localhost:4000/api/provider/dashboard/stats[39m
[2026-02-22 22:59:45] [[32minfo[39m]: [32mexpressReq.user : {"id":"698f28d799b35470f53dd6e2","role":"PROVIDER"}[39m
[2026-02-22 23:03:26] [[32minfo[39m]: [32m[GATEWAY PROXY] PATCH /provider/profile/push-notification → http://localhost:4000/api/provider/profile/push-notification[39m
[2026-02-22 23:03:26] [[32minfo[39m]: [32mexpressReq.user : {"id":"698f28d799b35470f53dd6e2","role":"PROVIDER"}[39m
[2026-02-22 23:04:22] [[32minfo[39m]: [32m[GATEWAY PROXY] PATCH /provider/profile/push-notification → http://localhost:4000/api/provider/profile/push-notification[39m
[2026-02-22 23:04:22] [[32minfo[39m]: [32mexpressReq.user : {"id":"698f28d799b35470f53dd6e2","role":"PROVIDER"}[39m
[2026-02-22 23:04:22] [[32minfo[39m]: [32m[GATEWAY PROXY] PATCH /provider/profile/push-notification → http://localhost:4000/api/provider/profile/push-notification[39m
[2026-02-22 23:04:22] [[32minfo[39m]: [32mexpressReq.user : {"id":"698f28d799b35470f53dd6e2","role":"PROVIDER"}[39m
[2026-02-22 23:04:39] [[32minfo[39m]: [32m[GATEWAY PROXY] PATCH /provider/profile/push-notification → http://localhost:4000/api/provider/profile/push-notification[39m
[2026-02-22 23:04:39] [[32minfo[39m]: [32mexpressReq.user : {"id":"698f28d799b35470f53dd6e2","role":"PROVIDER"}[39m
[2026-02-22 23:04:41] [[32minfo[39m]: [32m[GATEWAY PROXY] PATCH /provider/profile/push-notification → http://localhost:4000/api/provider/profile/push-notification[39m
[2026-02-22 23:04:41] [[32minfo[39m]: [32mexpressReq.user : {"id":"698f28d799b35470f53dd6e2","role":"PROVIDER"}[39m
[2026-02-22 23:11:23] [[32minfo[39m]: [32m[GATEWAY PROXY] PATCH /provider/profile/push-notification → http://localhost:4000/api/provider/profile/push-notification[39m
[2026-02-22 23:11:23] [[32minfo[39m]: [32mexpressReq.user : {"id":"698f28d799b35470f53dd6e2","role":"PROVIDER"}[39m
[2026-02-22 23:11:23] [[32minfo[39m]: [32m[GATEWAY PROXY] PATCH /provider/profile/push-notification → http://localhost:4000/api/provider/profile/push-notification[39m
[2026-02-22 23:11:23] [[32minfo[39m]: [32mexpressReq.user : {"id":"698f28d799b35470f53dd6e2","role":"PROVIDER"}[39m
[2026-02-22 23:22:04] [[32minfo[39m]: [32m[GATEWAY PROXY] PATCH /provider/profile/push-notification → http://localhost:4000/api/provider/profile/push-notification[39m
[2026-02-22 23:22:04] [[32minfo[39m]: [32mexpressReq.user : {"id":"698f28d799b35470f53dd6e2","role":"PROVIDER"}[39m
[2026-02-22 23:22:07] [[32minfo[39m]: [32m[GATEWAY PROXY] PATCH /provider/profile/push-notification → http://localhost:4000/api/provider/profile/push-notification[39m
[2026-02-22 23:22:07] [[32minfo[39m]: [32mexpressReq.user : {"id":"698f28d799b35470f53dd6e2","role":"PROVIDER"}[39m
[2026-02-22 23:22:13] [[32minfo[39m]: [32m[GATEWAY PROXY] PATCH /provider/profile/push-notification → http://localhost:4000/api/provider/profile/push-notification[39m
[2026-02-22 23:22:13] [[32minfo[39m]: [32mexpressReq.user : {"id":"698f28d799b35470f53dd6e2","role":"PROVIDER"}[39m
[2026-02-22 23:22:18] [[32minfo[39m]: [32m[GATEWAY PROXY] PATCH /provider/profile/push-notification → http://localhost:4000/api/provider/profile/push-notification[39m
[2026-02-22 23:22:18] [[32minfo[39m]: [32mexpressReq.user : {"id":"698f28d799b35470f53dd6e2","role":"PROVIDER"}[39m
[2026-02-22 23:25:54] [[32minfo[39m]: [32m[GATEWAY PROXY] GET /provider/subscriptions/me → http://localhost:4000/api/provider/subscriptions/me[39m
[2026-02-22 23:25:54] [[32minfo[39m]: [32mexpressReq.user : {"id":"698f28d799b35470f53dd6e2","role":"PROVIDER"}[39m
[2026-02-22 23:25:55] [[32minfo[39m]: [32m[GATEWAY PROXY] GET /provider/subscriptions/me → http://localhost:4000/api/provider/subscriptions/me[39m
[2026-02-22 23:25:55] [[32minfo[39m]: [32mexpressReq.user : {"id":"698f28d799b35470f53dd6e2","role":"PROVIDER"}[39m
[2026-02-22 23:27:00] [[32minfo[39m]: [32m[GATEWAY PROXY] GET /provider/subscriptions/me → http://localhost:4000/api/provider/subscriptions/me[39m
[2026-02-22 23:27:00] [[32minfo[39m]: [32mexpressReq.user : {"id":"698f28d799b35470f53dd6e2","role":"PROVIDER"}[39m
[2026-02-22 23:27:19] [[32minfo[39m]: [32m[GATEWAY PROXY] GET /provider/subscriptions/me → http://localhost:4000/api/provider/subscriptions/me[39m
[2026-02-22 23:27:19] [[32minfo[39m]: [32mexpressReq.user : {"id":"698f28d799b35470f53dd6e2","role":"PROVIDER"}[39m
[2026-02-22 23:27:41] [[32minfo[39m]: [32m[GATEWAY PROXY] GET /provider/subscriptions/me → http://localhost:4000/api/provider/subscriptions/me[39m
[2026-02-22 23:27:41] [[32minfo[39m]: [32mexpressReq.user : {"id":"698f28d799b35470f53dd6e2","role":"PROVIDER"}[39m
[2026-02-22 23:27:44] [[32minfo[39m]: [32m[GATEWAY PROXY] GET /provider/subscriptions/me → http://localhost:4000/api/provider/subscriptions/me[39m
[2026-02-22 23:27:44] [[32minfo[39m]: [32mexpressReq.user : {"id":"698f28d799b35470f53dd6e2","role":"PROVIDER"}[39m
[2026-02-22 23:27:50] [[32minfo[39m]: [32m[GATEWAY PROXY] GET /provider/subscriptions/me → http://localhost:4000/api/provider/subscriptions/me[39m
[2026-02-22 23:27:50] [[32minfo[39m]: [32mexpressReq.user : {"id":"698f28d799b35470f53dd6e2","role":"PROVIDER"}[39m
[2026-02-22 23:27:55] [[32minfo[39m]: [32m[GATEWAY PROXY] GET /provider/subscriptions/me → http://localhost:4000/api/provider/subscriptions/me[39m
[2026-02-22 23:27:55] [[32minfo[39m]: [32mexpressReq.user : {"id":"698f28d799b35470f53dd6e2","role":"PROVIDER"}[39m
[2026-02-22 23:27:57] [[32minfo[39m]: [32m[GATEWAY PROXY] GET /provider/subscriptions/me → http://localhost:4000/api/provider/subscriptions/me[39m
[2026-02-22 23:27:57] [[32minfo[39m]: [32mexpressReq.user : {"id":"698f28d799b35470f53dd6e2","role":"PROVIDER"}[39m
[2026-02-22 23:28:05] [[32minfo[39m]: [32m[GATEWAY PROXY] GET /provider/subscriptions/me → http://localhost:4000/api/provider/subscriptions/me[39m
[2026-02-22 23:28:05] [[32minfo[39m]: [32mexpressReq.user : {"id":"698f28d799b35470f53dd6e2","role":"PROVIDER"}[39m
[2026-02-22 23:28:09] [[32minfo[39m]: [32m[GATEWAY PROXY] GET /provider/subscriptions/me → http://localhost:4000/api/provider/subscriptions/me[39m
[2026-02-22 23:28:09] [[32minfo[39m]: [32mexpressReq.user : {"id":"698f28d799b35470f53dd6e2","role":"PROVIDER"}[39m
[2026-02-22 23:28:09] [[32minfo[39m]: [32m[GATEWAY PROXY] PATCH /provider/profile/push-notification → http://localhost:4000/api/provider/profile/push-notification[39m
[2026-02-22 23:28:09] [[32minfo[39m]: [32mexpressReq.user : {"id":"698f28d799b35470f53dd6e2","role":"PROVIDER"}[39m
[2026-02-22 23:28:11] [[32minfo[39m]: [32m[GATEWAY PROXY] GET /provider/subscriptions/me → http://localhost:4000/api/provider/subscriptions/me[39m
[2026-02-22 23:28:11] [[32minfo[39m]: [32mexpressReq.user : {"id":"698f28d799b35470f53dd6e2","role":"PROVIDER"}[39m
[2026-02-22 23:28:16] [[32minfo[39m]: [32m[GATEWAY PROXY] GET /provider/subscriptions/me → http://localhost:4000/api/provider/subscriptions/me[39m
[2026-02-22 23:28:16] [[32minfo[39m]: [32mexpressReq.user : {"id":"698f28d799b35470f53dd6e2","role":"PROVIDER"}[39m
[2026-02-22 23:28:25] [[32minfo[39m]: [32m[GATEWAY PROXY] GET /provider/subscriptions/me → http://localhost:4000/api/provider/subscriptions/me[39m
[2026-02-22 23:28:25] [[32minfo[39m]: [32mexpressReq.user : {"id":"698f28d799b35470f53dd6e2","role":"PROVIDER"}[39m
[2026-02-22 23:28:27] [[32minfo[39m]: [32m[GATEWAY PROXY] GET /provider/subscriptions/me → http://localhost:4000/api/provider/subscriptions/me[39m
[2026-02-22 23:28:27] [[32minfo[39m]: [32mexpressReq.user : {"id":"698f28d799b35470f53dd6e2","role":"PROVIDER"}[39m
[2026-02-22 23:30:30] [[32minfo[39m]: [32m[GATEWAY PROXY] PATCH /provider/profile/push-notification → http://localhost:4000/api/provider/profile/push-notification[39m
[2026-02-22 23:30:30] [[32minfo[39m]: [32mexpressReq.user : {"id":"698f28d799b35470f53dd6e2","role":"PROVIDER"}[39m
[2026-02-22 23:30:30] [[32minfo[39m]: [32m[GATEWAY PROXY] GET /provider/subscriptions/me → http://localhost:4000/api/provider/subscriptions/me[39m
[2026-02-22 23:30:30] [[32minfo[39m]: [32mexpressReq.user : {"id":"698f28d799b35470f53dd6e2","role":"PROVIDER"}[39m
[2026-02-22 23:33:54] [[32minfo[39m]: [32m[GATEWAY PROXY] PATCH /provider/profile/push-notification → http://localhost:4000/api/provider/profile/push-notification[39m
[2026-02-22 23:33:54] [[32minfo[39m]: [32mexpressReq.user : {"id":"698f28d799b35470f53dd6e2","role":"PROVIDER"}[39m
[2026-02-22 23:33:54] [[32minfo[39m]: [32m[GATEWAY PROXY] GET /provider/subscriptions/me → http://localhost:4000/api/provider/subscriptions/me[39m
[2026-02-22 23:33:54] [[32minfo[39m]: [32mexpressReq.user : {"id":"698f28d799b35470f53dd6e2","role":"PROVIDER"}[39m
[2026-02-22 23:34:55] [[32minfo[39m]: [32m[GATEWAY PROXY] GET /provider/subscriptions/me → http://localhost:4000/api/provider/subscriptions/me[39m
[2026-02-22 23:34:55] [[32minfo[39m]: [32mexpressReq.user : {"id":"698f28d799b35470f53dd6e2","role":"PROVIDER"}[39m
[2026-02-22 23:46:12] [[32minfo[39m]: [32m[GATEWAY PROXY] PATCH /provider/profile/push-notification → http://localhost:4000/api/provider/profile/push-notification[39m
[2026-02-22 23:46:12] [[32minfo[39m]: [32mexpressReq.user : {"id":"698f28d799b35470f53dd6e2","role":"PROVIDER"}[39m
[2026-02-23 00:01:43] [[32minfo[39m]: [32m[GATEWAY PROXY] GET /provider/subscriptions/me → http://localhost:4000/api/provider/subscriptions/me[39m
[2026-02-23 00:01:43] [[32minfo[39m]: [32mexpressReq.user : {"id":"698f28d799b35470f53dd6e2","role":"PROVIDER"}[39m
[2026-02-23 00:06:48] [[32minfo[39m]: [32m[GATEWAY PROXY] GET /provider/subscriptions/me → http://localhost:4000/api/provider/subscriptions/me[39m
[2026-02-23 00:06:48] [[32minfo[39m]: [32mexpressReq.user : {"id":"698f28d799b35470f53dd6e2","role":"PROVIDER"}[39m
[2026-02-23 00:06:51] [[32minfo[39m]: [32m[GATEWAY PROXY] GET /provider/subscriptions/me → http://localhost:4000/api/provider/subscriptions/me[39m
[2026-02-23 00:06:51] [[32minfo[39m]: [32mexpressReq.user : {"id":"698f28d799b35470f53dd6e2","role":"PROVIDER"}[39m
[2026-02-23 00:07:41] [[32minfo[39m]: [32m[GATEWAY PROXY] GET /provider/subscriptions/me → http://localhost:4000/api/provider/subscriptions/me[39m
[2026-02-23 00:07:41] [[32minfo[39m]: [32mexpressReq.user : {"id":"698f28d799b35470f53dd6e2","role":"PROVIDER"}[39m
[2026-02-23 00:07:41] [[32minfo[39m]: [32m[GATEWAY PROXY] PATCH /provider/profile/push-notification → http://localhost:4000/api/provider/profile/push-notification[39m
[2026-02-23 00:07:41] [[32minfo[39m]: [32mexpressReq.user : {"id":"698f28d799b35470f53dd6e2","role":"PROVIDER"}[39m
[2026-02-23 00:08:38] [[32minfo[39m]: [32m[GATEWAY PROXY] PATCH /provider/profile/push-notification → http://localhost:4000/api/provider/profile/push-notification[39m
[2026-02-23 00:08:38] [[32minfo[39m]: [32mexpressReq.user : {"id":"698f28d799b35470f53dd6e2","role":"PROVIDER"}[39m
[2026-02-23 00:08:38] [[32minfo[39m]: [32m[GATEWAY PROXY] GET /provider/subscriptions/me → http://localhost:4000/api/provider/subscriptions/me[39m
[2026-02-23 00:08:38] [[32minfo[39m]: [32mexpressReq.user : {"id":"698f28d799b35470f53dd6e2","role":"PROVIDER"}[39m
[2026-02-23 00:11:55] [[32minfo[39m]: [32m[GATEWAY PROXY] PATCH /provider/profile/push-notification → http://localhost:4000/api/provider/profile/push-notification[39m
[2026-02-23 00:11:55] [[32minfo[39m]: [32mexpressReq.user : {"id":"698f28d799b35470f53dd6e2","role":"PROVIDER"}[39m
[2026-02-23 00:12:03] [[32minfo[39m]: [32m[GATEWAY PROXY] PATCH /provider/profile/push-notification → http://localhost:4000/api/provider/profile/push-notification[39m
[2026-02-23 00:12:03] [[32minfo[39m]: [32mexpressReq.user : {"id":"698f28d799b35470f53dd6e2","role":"PROVIDER"}[39m
[2026-02-23 00:12:03] [[32minfo[39m]: [32m[GATEWAY PROXY] GET /provider/dashboard/stats → http://localhost:4000/api/provider/dashboard/stats[39m
[2026-02-23 00:12:03] [[32minfo[39m]: [32mexpressReq.user : {"id":"698f28d799b35470f53dd6e2","role":"PROVIDER"}[39m
[2026-02-23 00:12:07] [[32minfo[39m]: [32m[GATEWAY PROXY] PATCH /provider/profile/push-notification → http://localhost:4000/api/provider/profile/push-notification[39m
[2026-02-23 00:12:07] [[32minfo[39m]: [32mexpressReq.user : {"id":"698f28d799b35470f53dd6e2","role":"PROVIDER"}[39m
[2026-02-23 00:12:12] [[32minfo[39m]: [32m[GATEWAY PROXY] GET /provider/dashboard/stats → http://localhost:4000/api/provider/dashboard/stats[39m
[2026-02-23 00:12:12] [[32minfo[39m]: [32mexpressReq.user : {"id":"698f28d799b35470f53dd6e2","role":"PROVIDER"}[39m
[2026-02-23 00:12:13] [[32minfo[39m]: [32m[GATEWAY PROXY] PATCH /provider/profile/push-notification → http://localhost:4000/api/provider/profile/push-notification[39m
[2026-02-23 00:12:13] [[32minfo[39m]: [32mexpressReq.user : {"id":"698f28d799b35470f53dd6e2","role":"PROVIDER"}[39m
[2026-02-23 00:12:13] [[32minfo[39m]: [32m[GATEWAY PROXY] POST /auth/signout → http://localhost:4000/api/auth/signout[39m
[2026-02-23 00:12:13] [[32minfo[39m]: [32mexpressReq.user : undefined[39m
[2026-02-23 00:13:07] [[32minfo[39m]: [32m[GATEWAY PROXY] POST /auth/signin → http://localhost:4000/api/auth/signin[39m
[2026-02-23 00:13:07] [[32minfo[39m]: [32mexpressReq.user : undefined[39m
[2026-02-23 00:13:12] [[32minfo[39m]: [32m[GATEWAY PROXY] PATCH /provider/profile/push-notification → http://localhost:4000/api/provider/profile/push-notification[39m
[2026-02-23 00:13:12] [[32minfo[39m]: [32mexpressReq.user : {"id":"698f28d799b35470f53dd6e2","role":"PROVIDER"}[39m
[2026-02-23 00:13:12] [[32minfo[39m]: [32m[GATEWAY PROXY] GET /provider/dashboard/stats → http://localhost:4000/api/provider/dashboard/stats[39m
[2026-02-23 00:13:12] [[32minfo[39m]: [32mexpressReq.user : {"id":"698f28d799b35470f53dd6e2","role":"PROVIDER"}[39m
[2026-02-23 00:13:13] [[32minfo[39m]: [32m[GATEWAY PROXY] PATCH /provider/profile/push-notification → http://localhost:4000/api/provider/profile/push-notification[39m
[2026-02-23 00:13:13] [[32minfo[39m]: [32mexpressReq.user : {"id":"698f28d799b35470f53dd6e2","role":"PROVIDER"}[39m
[2026-02-23 00:21:33] [[32minfo[39m]: [32m[GATEWAY PROXY] PATCH /provider/profile/push-notification → http://localhost:4000/api/provider/profile/push-notification[39m
[2026-02-23 00:21:33] [[32minfo[39m]: [32mexpressReq.user : {"id":"698f28d799b35470f53dd6e2","role":"PROVIDER"}[39m
[2026-02-23 00:21:33] [[32minfo[39m]: [32m[GATEWAY PROXY] GET /provider/subscriptions?page=1&limit=10 → http://localhost:4000/api/provider/subscriptions?page=1&limit=10[39m
[2026-02-23 00:21:33] [[32minfo[39m]: [32mexpressReq.user : {"id":"698f28d799b35470f53dd6e2","role":"PROVIDER"}[39m
[2026-02-23 00:21:36] [[32minfo[39m]: [32m[GATEWAY PROXY] GET /provider/plans → http://localhost:4000/api/provider/plans[39m
[2026-02-23 00:21:36] [[32minfo[39m]: [32mexpressReq.user : {"id":"698f28d799b35470f53dd6e2","role":"PROVIDER"}[39m
[2026-02-23 00:21:58] [[32minfo[39m]: [32m[GATEWAY PROXY] POST /auth/signout → http://localhost:4000/api/auth/signout[39m
[2026-02-23 00:21:58] [[32minfo[39m]: [32mexpressReq.user : undefined[39m
[2026-02-23 00:23:21] [[32minfo[39m]: [32m[GATEWAY PROXY] POST /auth/signin → http://localhost:4000/api/auth/signin[39m
[2026-02-23 00:23:21] [[32minfo[39m]: [32mexpressReq.user : undefined[39m
[2026-02-23 00:23:29] [[32minfo[39m]: [32m[GATEWAY PROXY] PATCH /provider/profile/push-notification → http://localhost:4000/api/provider/profile/push-notification[39m
[2026-02-23 00:23:29] [[32minfo[39m]: [32mexpressReq.user : {"id":"698f28d799b35470f53dd6e2","role":"PROVIDER"}[39m
[2026-02-23 00:23:30] [[32minfo[39m]: [32m[GATEWAY PROXY] GET /provider/dashboard/stats → http://localhost:4000/api/provider/dashboard/stats[39m
[2026-02-23 00:23:30] [[32minfo[39m]: [32mexpressReq.user : {"id":"698f28d799b35470f53dd6e2","role":"PROVIDER"}[39m
[2026-02-23 00:23:30] [[32minfo[39m]: [32m[GATEWAY PROXY] PATCH /provider/profile/push-notification → http://localhost:4000/api/provider/profile/push-notification[39m
[2026-02-23 00:23:30] [[32minfo[39m]: [32mexpressReq.user : {"id":"698f28d799b35470f53dd6e2","role":"PROVIDER"}[39m
[2026-02-23 00:24:04] [[32minfo[39m]: [32m[GATEWAY PROXY] PATCH /provider/profile/push-notification → http://localhost:4000/api/provider/profile/push-notification[39m
[2026-02-23 00:24:04] [[32minfo[39m]: [32mexpressReq.user : {"id":"698f28d799b35470f53dd6e2","role":"PROVIDER"}[39m
[2026-02-23 00:24:09] [[32minfo[39m]: [32m[GATEWAY PROXY] POST /auth/signout → http://localhost:4000/api/auth/signout[39m
[2026-02-23 00:24:09] [[32minfo[39m]: [32mexpressReq.user : undefined[39m
[2026-02-23 00:24:39] [[32minfo[39m]: [32m[GATEWAY PROXY] POST /auth/signin → http://localhost:4000/api/auth/signin[39m
[2026-02-23 00:24:40] [[32minfo[39m]: [32mexpressReq.user : undefined[39m
[2026-02-23 00:24:45] [[32minfo[39m]: [32m[GATEWAY PROXY] GET /provider/dashboard/stats → http://localhost:4000/api/provider/dashboard/stats[39m
[2026-02-23 00:24:45] [[32minfo[39m]: [32mexpressReq.user : {"id":"698f28d799b35470f53dd6e2","role":"PROVIDER"}[39m
[2026-02-23 00:24:45] [[32minfo[39m]: [32m[GATEWAY PROXY] PATCH /provider/profile/push-notification → http://localhost:4000/api/provider/profile/push-notification[39m
[2026-02-23 00:24:45] [[32minfo[39m]: [32mexpressReq.user : {"id":"698f28d799b35470f53dd6e2","role":"PROVIDER"}[39m
[2026-02-23 00:24:47] [[32minfo[39m]: [32m[GATEWAY PROXY] PATCH /provider/profile/push-notification → http://localhost:4000/api/provider/profile/push-notification[39m
[2026-02-23 00:24:47] [[32minfo[39m]: [32mexpressReq.user : {"id":"698f28d799b35470f53dd6e2","role":"PROVIDER"}[39m
[2026-02-23 00:25:21] [[32minfo[39m]: [32m[GATEWAY PROXY] POST /auth/signout → http://localhost:4000/api/auth/signout[39m
[2026-02-23 00:25:21] [[32minfo[39m]: [32mexpressReq.user : undefined[39m
[2026-02-23 00:26:05] [[32minfo[39m]: [32m[GATEWAY PROXY] POST /auth/signin → http://localhost:4000/api/auth/signin[39m
[2026-02-23 00:26:05] [[32minfo[39m]: [32mexpressReq.user : undefined[39m
[2026-02-23 00:26:09] [[32minfo[39m]: [32m[GATEWAY PROXY] PATCH /provider/profile/push-notification → http://localhost:4000/api/provider/profile/push-notification[39m
[2026-02-23 00:26:09] [[32minfo[39m]: [32mexpressReq.user : {"id":"698f28d799b35470f53dd6e2","role":"PROVIDER"}[39m
[2026-02-23 00:26:10] [[32minfo[39m]: [32m[GATEWAY PROXY] GET /provider/dashboard/stats → http://localhost:4000/api/provider/dashboard/stats[39m
[2026-02-23 00:26:10] [[32minfo[39m]: [32mexpressReq.user : {"id":"698f28d799b35470f53dd6e2","role":"PROVIDER"}[39m
[2026-02-23 00:26:10] [[32minfo[39m]: [32m[GATEWAY PROXY] PATCH /provider/profile/push-notification → http://localhost:4000/api/provider/profile/push-notification[39m
[2026-02-23 00:26:10] [[32minfo[39m]: [32mexpressReq.user : {"id":"698f28d799b35470f53dd6e2","role":"PROVIDER"}[39m
[2026-02-23 00:26:14] [[32minfo[39m]: [32m[GATEWAY PROXY] GET /provider/subscriptions?page=1&limit=10 → http://localhost:4000/api/provider/subscriptions?page=1&limit=10[39m
[2026-02-23 00:26:14] [[32minfo[39m]: [32mexpressReq.user : {"id":"698f28d799b35470f53dd6e2","role":"PROVIDER"}[39m
[2026-02-23 00:26:20] [[32minfo[39m]: [32m[GATEWAY PROXY] GET /provider/plans → http://localhost:4000/api/provider/plans[39m
[2026-02-23 00:26:20] [[32minfo[39m]: [32mexpressReq.user : {"id":"698f28d799b35470f53dd6e2","role":"PROVIDER"}[39m
[2026-02-23 00:26:28] [[32minfo[39m]: [32m[GATEWAY PROXY] POST /provider/subscriptions/checkout/session → http://localhost:4000/api/provider/subscriptions/checkout/session[39m
[2026-02-23 00:26:28] [[32minfo[39m]: [32mexpressReq.user : {"id":"698f28d799b35470f53dd6e2","role":"PROVIDER"}[39m
[2026-02-23 00:26:42] [[32minfo[39m]: [32m[GATEWAY PROXY] PATCH /provider/profile/push-notification → http://localhost:4000/api/provider/profile/push-notification[39m
[2026-02-23 00:26:42] [[32minfo[39m]: [32mexpressReq.user : {"id":"698f28d799b35470f53dd6e2","role":"PROVIDER"}[39m
[2026-02-23 00:26:42] [[32minfo[39m]: [32m[GATEWAY PROXY] GET /provider/subscriptions/me → http://localhost:4000/api/provider/subscriptions/me[39m
[2026-02-23 00:26:42] [[32minfo[39m]: [32mexpressReq.user : {"id":"698f28d799b35470f53dd6e2","role":"PROVIDER"}[39m
[2026-02-23 11:35:54] [[32minfo[39m]: [32m[SLOTFLOW API GATEWAY] running on http://localhost:3000[39m
[2026-02-23 11:37:40] [[32minfo[39m]: [32m[GATEWAY PROXY] POST /auth/signin → http://localhost:4000/api/auth/signin[39m
[2026-02-23 11:37:40] [[32minfo[39m]: [32mexpressReq.user : undefined[39m
[2026-02-23 11:37:44] [[32minfo[39m]: [32m[GATEWAY PROXY] PATCH /provider/profile/push-notification → http://localhost:4000/api/provider/profile/push-notification[39m
[2026-02-23 11:37:44] [[32minfo[39m]: [32mexpressReq.user : {"id":"698f28d799b35470f53dd6e2","role":"PROVIDER"}[39m
[2026-02-23 11:37:44] [[32minfo[39m]: [32m[GATEWAY PROXY] PATCH /provider/profile/push-notification → http://localhost:4000/api/provider/profile/push-notification[39m
[2026-02-23 11:37:44] [[32minfo[39m]: [32mexpressReq.user : {"id":"698f28d799b35470f53dd6e2","role":"PROVIDER"}[39m
[2026-02-23 11:37:45] [[32minfo[39m]: [32m[GATEWAY PROXY] GET /provider/dashboard/stats → http://localhost:4000/api/provider/dashboard/stats[39m
[2026-02-23 11:37:45] [[32minfo[39m]: [32mexpressReq.user : {"id":"698f28d799b35470f53dd6e2","role":"PROVIDER"}[39m
[2026-02-23 11:37:56] [[32minfo[39m]: [32m[GATEWAY PROXY] GET /provider/subscriptions?page=1&limit=10 → http://localhost:4000/api/provider/subscriptions?page=1&limit=10[39m
[2026-02-23 11:37:56] [[32minfo[39m]: [32mexpressReq.user : {"id":"698f28d799b35470f53dd6e2","role":"PROVIDER"}[39m
[2026-02-23 11:37:58] [[32minfo[39m]: [32m[GATEWAY PROXY] GET /provider/plans → http://localhost:4000/api/provider/plans[39m
[2026-02-23 11:37:58] [[32minfo[39m]: [32mexpressReq.user : {"id":"698f28d799b35470f53dd6e2","role":"PROVIDER"}[39m
[2026-02-23 11:38:05] [[32minfo[39m]: [32m[GATEWAY PROXY] POST /provider/subscriptions/checkout/session → http://localhost:4000/api/provider/subscriptions/checkout/session[39m
[2026-02-23 11:38:05] [[32minfo[39m]: [32mexpressReq.user : {"id":"698f28d799b35470f53dd6e2","role":"PROVIDER"}[39m
[2026-02-23 11:38:16] [[32minfo[39m]: [32m[GATEWAY PROXY] PATCH /provider/profile/push-notification → http://localhost:4000/api/provider/profile/push-notification[39m
[2026-02-23 11:38:16] [[32minfo[39m]: [32mexpressReq.user : {"id":"698f28d799b35470f53dd6e2","role":"PROVIDER"}[39m
[2026-02-23 11:38:22] [[32minfo[39m]: [32m[GATEWAY PROXY] GET /provider/subscriptions/me → http://localhost:4000/api/provider/subscriptions/me[39m
[2026-02-23 11:38:22] [[32minfo[39m]: [32mexpressReq.user : {"id":"698f28d799b35470f53dd6e2","role":"PROVIDER"}[39m
[2026-02-23 11:44:48] [[32minfo[39m]: [32m[GATEWAY PROXY] GET /provider/dashboard/stats → http://localhost:4000/api/provider/dashboard/stats[39m
[2026-02-23 11:44:48] [[32minfo[39m]: [32mexpressReq.user : {"id":"698f28d799b35470f53dd6e2","role":"PROVIDER"}[39m
[2026-02-23 11:44:54] [[32minfo[39m]: [32m[GATEWAY PROXY] POST /auth/signout → http://localhost:4000/api/auth/signout[39m
[2026-02-23 11:44:54] [[32minfo[39m]: [32mexpressReq.user : undefined[39m
[2026-02-23 11:48:12] [[32minfo[39m]: [32m[GATEWAY PROXY] POST /auth/signin → http://localhost:4000/api/auth/signin[39m
[2026-02-23 11:48:12] [[32minfo[39m]: [32mexpressReq.user : undefined[39m
[2026-02-23 11:48:16] [[32minfo[39m]: [32m[GATEWAY PROXY] PATCH /provider/profile/push-notification → http://localhost:4000/api/provider/profile/push-notification[39m
[2026-02-23 11:48:16] [[32minfo[39m]: [32mexpressReq.user : {"id":"698f28d799b35470f53dd6e2","role":"PROVIDER"}[39m
[2026-02-23 11:48:16] [[32minfo[39m]: [32m[GATEWAY PROXY] GET /provider/dashboard/stats → http://localhost:4000/api/provider/dashboard/stats[39m
[2026-02-23 11:48:16] [[32minfo[39m]: [32mexpressReq.user : {"id":"698f28d799b35470f53dd6e2","role":"PROVIDER"}[39m
[2026-02-23 11:48:17] [[32minfo[39m]: [32m[GATEWAY PROXY] PATCH /provider/profile/push-notification → http://localhost:4000/api/provider/profile/push-notification[39m
[2026-02-23 11:48:17] [[32minfo[39m]: [32mexpressReq.user : {"id":"698f28d799b35470f53dd6e2","role":"PROVIDER"}[39m
[2026-02-23 11:48:20] [[32minfo[39m]: [32m[GATEWAY PROXY] GET /provider/subscriptions?page=1&limit=10 → http://localhost:4000/api/provider/subscriptions?page=1&limit=10[39m
[2026-02-23 11:48:20] [[32minfo[39m]: [32mexpressReq.user : {"id":"698f28d799b35470f53dd6e2","role":"PROVIDER"}[39m
[2026-02-23 11:48:21] [[32minfo[39m]: [32m[GATEWAY PROXY] GET /provider/plans → http://localhost:4000/api/provider/plans[39m
[2026-02-23 11:48:21] [[32minfo[39m]: [32mexpressReq.user : {"id":"698f28d799b35470f53dd6e2","role":"PROVIDER"}[39m
[2026-02-23 11:48:28] [[32minfo[39m]: [32m[GATEWAY PROXY] POST /provider/subscriptions/checkout/session → http://localhost:4000/api/provider/subscriptions/checkout/session[39m
[2026-02-23 11:48:28] [[32minfo[39m]: [32mexpressReq.user : {"id":"698f28d799b35470f53dd6e2","role":"PROVIDER"}[39m
[2026-02-23 11:50:03] [[32minfo[39m]: [32m[GATEWAY PROXY] PATCH /provider/profile/push-notification → http://localhost:4000/api/provider/profile/push-notification[39m
[2026-02-23 11:50:03] [[32minfo[39m]: [32mexpressReq.user : {"id":"698f28d799b35470f53dd6e2","role":"PROVIDER"}[39m
[2026-02-23 11:50:08] [[32minfo[39m]: [32m[GATEWAY PROXY] GET /provider/subscriptions/me → http://localhost:4000/api/provider/subscriptions/me[39m
[2026-02-23 11:50:08] [[32minfo[39m]: [32mexpressReq.user : {"id":"698f28d799b35470f53dd6e2","role":"PROVIDER"}[39m
[2026-02-23 11:51:36] [[32minfo[39m]: [32m[GATEWAY PROXY] GET /provider/dashboard/stats → http://localhost:4000/api/provider/dashboard/stats[39m
[2026-02-23 11:51:36] [[32minfo[39m]: [32mexpressReq.user : {"id":"698f28d799b35470f53dd6e2","role":"PROVIDER"}[39m
[2026-02-23 11:51:37] [[32minfo[39m]: [32m[GATEWAY PROXY] GET /provider/dashboard/stats → http://localhost:4000/api/provider/dashboard/stats[39m
[2026-02-23 11:51:37] [[32minfo[39m]: [32mexpressReq.user : {"id":"698f28d799b35470f53dd6e2","role":"PROVIDER"}[39m
[2026-02-23 11:51:39] [[32minfo[39m]: [32m[GATEWAY PROXY] POST /auth/signout → http://localhost:4000/api/auth/signout[39m
[2026-02-23 11:51:39] [[32minfo[39m]: [32mexpressReq.user : undefined[39m
[2026-02-23 11:51:39] [[32minfo[39m]: [32m[GATEWAY PROXY] GET /provider/dashboard/stats → http://localhost:4000/api/provider/dashboard/stats[39m
[2026-02-23 11:51:39] [[32minfo[39m]: [32mexpressReq.user : {"id":"698f28d799b35470f53dd6e2","role":"PROVIDER"}[39m
[2026-02-23 11:51:50] [[32minfo[39m]: [32m[GATEWAY PROXY] GET /provider/dashboard/stats → http://localhost:4000/api/provider/dashboard/stats[39m
[2026-02-23 11:51:50] [[32minfo[39m]: [32mexpressReq.user : {"id":"698f28d799b35470f53dd6e2","role":"PROVIDER"}[39m
[2026-02-23 11:52:06] [[32minfo[39m]: [32m[GATEWAY PROXY] POST /auth/signout → http://localhost:4000/api/auth/signout[39m
[2026-02-23 11:52:06] [[32minfo[39m]: [32mexpressReq.user : undefined[39m
[2026-02-23 11:52:48] [[32minfo[39m]: [32m[GATEWAY PROXY] POST /auth/signin → http://localhost:4000/api/auth/signin[39m
[2026-02-23 11:52:48] [[32minfo[39m]: [32mexpressReq.user : undefined[39m
[2026-02-23 11:52:51] [[32minfo[39m]: [32m[GATEWAY PROXY] PATCH /provider/profile/push-notification → http://localhost:4000/api/provider/profile/push-notification[39m
[2026-02-23 11:52:51] [[32minfo[39m]: [32mexpressReq.user : {"id":"698f28d799b35470f53dd6e2","role":"PROVIDER"}[39m
[2026-02-23 11:52:51] [[32minfo[39m]: [32m[GATEWAY PROXY] GET /provider/dashboard/stats → http://localhost:4000/api/provider/dashboard/stats[39m
[2026-02-23 11:52:51] [[32minfo[39m]: [32mexpressReq.user : {"id":"698f28d799b35470f53dd6e2","role":"PROVIDER"}[39m
[2026-02-23 11:52:51] [[32minfo[39m]: [32m[GATEWAY PROXY] PATCH /provider/profile/push-notification → http://localhost:4000/api/provider/profile/push-notification[39m
[2026-02-23 11:52:51] [[32minfo[39m]: [32mexpressReq.user : {"id":"698f28d799b35470f53dd6e2","role":"PROVIDER"}[39m
[2026-02-23 11:52:57] [[32minfo[39m]: [32m[GATEWAY PROXY] GET /provider/subscriptions?page=1&limit=10 → http://localhost:4000/api/provider/subscriptions?page=1&limit=10[39m
[2026-02-23 11:52:57] [[32minfo[39m]: [32mexpressReq.user : {"id":"698f28d799b35470f53dd6e2","role":"PROVIDER"}[39m
[2026-02-23 11:52:59] [[32minfo[39m]: [32m[GATEWAY PROXY] GET /provider/plans → http://localhost:4000/api/provider/plans[39m
[2026-02-23 11:52:59] [[32minfo[39m]: [32mexpressReq.user : {"id":"698f28d799b35470f53dd6e2","role":"PROVIDER"}[39m
[2026-02-23 11:53:06] [[32minfo[39m]: [32m[GATEWAY PROXY] POST /provider/subscriptions/checkout/session → http://localhost:4000/api/provider/subscriptions/checkout/session[39m
[2026-02-23 11:53:06] [[32minfo[39m]: [32mexpressReq.user : {"id":"698f28d799b35470f53dd6e2","role":"PROVIDER"}[39m
[2026-02-23 11:53:38] [[32minfo[39m]: [32m[GATEWAY PROXY] PATCH /provider/profile/push-notification → http://localhost:4000/api/provider/profile/push-notification[39m
[2026-02-23 11:53:38] [[32minfo[39m]: [32mexpressReq.user : {"id":"698f28d799b35470f53dd6e2","role":"PROVIDER"}[39m
[2026-02-23 11:53:43] [[32minfo[39m]: [32m[GATEWAY PROXY] GET /provider/subscriptions/me → http://localhost:4000/api/provider/subscriptions/me[39m
[2026-02-23 11:53:43] [[32minfo[39m]: [32mexpressReq.user : {"id":"698f28d799b35470f53dd6e2","role":"PROVIDER"}[39m
[2026-02-23 11:53:44] [[32minfo[39m]: [32m[GATEWAY PROXY] PATCH /provider/profile/push-notification → http://localhost:4000/api/provider/profile/push-notification[39m
[2026-02-23 11:53:44] [[32minfo[39m]: [32mexpressReq.user : {"id":"698f28d799b35470f53dd6e2","role":"PROVIDER"}[39m
[2026-02-23 11:53:49] [[32minfo[39m]: [32m[GATEWAY PROXY] GET /provider/subscriptions/me → http://localhost:4000/api/provider/subscriptions/me[39m
[2026-02-23 11:53:49] [[32minfo[39m]: [32mexpressReq.user : {"id":"698f28d799b35470f53dd6e2","role":"PROVIDER"}[39m
[2026-02-23 11:53:55] [[32minfo[39m]: [32m[GATEWAY PROXY] GET /provider/dashboard/stats → http://localhost:4000/api/provider/dashboard/stats[39m
[2026-02-23 11:53:55] [[32minfo[39m]: [32mexpressReq.user : {"id":"698f28d799b35470f53dd6e2","role":"PROVIDER"}[39m
[2026-02-23 12:00:54] [[32minfo[39m]: [32m[GATEWAY PROXY] POST /auth/signout → http://localhost:4000/api/auth/signout[39m
[2026-02-23 12:00:54] [[32minfo[39m]: [32mexpressReq.user : undefined[39m
[2026-02-23 12:01:24] [[32minfo[39m]: [32m[GATEWAY PROXY] POST /auth/signin → http://localhost:4000/api/auth/signin[39m
[2026-02-23 12:01:24] [[32minfo[39m]: [32mexpressReq.user : undefined[39m
[2026-02-23 12:01:27] [[32minfo[39m]: [32m[GATEWAY PROXY] PATCH /provider/profile/push-notification → http://localhost:4000/api/provider/profile/push-notification[39m
[2026-02-23 12:01:27] [[32minfo[39m]: [32mexpressReq.user : {"id":"698f28d799b35470f53dd6e2","role":"PROVIDER"}[39m
[2026-02-23 12:01:27] [[32minfo[39m]: [32m[GATEWAY PROXY] GET /provider/dashboard/stats → http://localhost:4000/api/provider/dashboard/stats[39m
[2026-02-23 12:01:27] [[32minfo[39m]: [32mexpressReq.user : {"id":"698f28d799b35470f53dd6e2","role":"PROVIDER"}[39m
[2026-02-23 12:01:27] [[32minfo[39m]: [32m[GATEWAY PROXY] PATCH /provider/profile/push-notification → http://localhost:4000/api/provider/profile/push-notification[39m
[2026-02-23 12:01:27] [[32minfo[39m]: [32mexpressReq.user : {"id":"698f28d799b35470f53dd6e2","role":"PROVIDER"}[39m
[2026-02-23 12:01:33] [[32minfo[39m]: [32m[GATEWAY PROXY] GET /provider/subscriptions?page=1&limit=10 → http://localhost:4000/api/provider/subscriptions?page=1&limit=10[39m
[2026-02-23 12:01:33] [[32minfo[39m]: [32mexpressReq.user : {"id":"698f28d799b35470f53dd6e2","role":"PROVIDER"}[39m
[2026-02-23 12:01:34] [[32minfo[39m]: [32m[GATEWAY PROXY] GET /provider/plans → http://localhost:4000/api/provider/plans[39m
[2026-02-23 12:01:34] [[32minfo[39m]: [32mexpressReq.user : {"id":"698f28d799b35470f53dd6e2","role":"PROVIDER"}[39m
[2026-02-23 12:01:44] [[32minfo[39m]: [32m[GATEWAY PROXY] POST /provider/subscriptions/checkout/session → http://localhost:4000/api/provider/subscriptions/checkout/session[39m
[2026-02-23 12:01:44] [[32minfo[39m]: [32mexpressReq.user : {"id":"698f28d799b35470f53dd6e2","role":"PROVIDER"}[39m
[2026-02-23 12:01:55] [[32minfo[39m]: [32m[GATEWAY PROXY] PATCH /provider/profile/push-notification → http://localhost:4000/api/provider/profile/push-notification[39m
[2026-02-23 12:01:55] [[32minfo[39m]: [32mexpressReq.user : {"id":"698f28d799b35470f53dd6e2","role":"PROVIDER"}[39m
[2026-02-23 12:02:00] [[32minfo[39m]: [32m[GATEWAY PROXY] GET /provider/subscriptions/me → http://localhost:4000/api/provider/subscriptions/me[39m
[2026-02-23 12:02:00] [[32minfo[39m]: [32mexpressReq.user : {"id":"698f28d799b35470f53dd6e2","role":"PROVIDER"}[39m
[2026-02-23 12:02:00] [[32minfo[39m]: [32m[GATEWAY PROXY] PATCH /provider/profile/push-notification → http://localhost:4000/api/provider/profile/push-notification[39m
[2026-02-23 12:02:00] [[32minfo[39m]: [32mexpressReq.user : {"id":"698f28d799b35470f53dd6e2","role":"PROVIDER"}[39m
[2026-02-23 12:02:05] [[32minfo[39m]: [32m[GATEWAY PROXY] GET /provider/dashboard/stats → http://localhost:4000/api/provider/dashboard/stats[39m
[2026-02-23 12:02:05] [[32minfo[39m]: [32mexpressReq.user : {"id":"698f28d799b35470f53dd6e2","role":"PROVIDER"}[39m
[2026-02-23 12:05:03] [[32minfo[39m]: [32m[GATEWAY PROXY] PATCH /provider/profile/push-notification → http://localhost:4000/api/provider/profile/push-notification[39m
[2026-02-23 12:05:03] [[32minfo[39m]: [32mexpressReq.user : {"id":"698f28d799b35470f53dd6e2","role":"PROVIDER"}[39m
[2026-02-23 12:05:03] [[32minfo[39m]: [32m[GATEWAY PROXY] GET /provider/dashboard/stats → http://localhost:4000/api/provider/dashboard/stats[39m
[2026-02-23 12:05:03] [[32minfo[39m]: [32mexpressReq.user : {"id":"698f28d799b35470f53dd6e2","role":"PROVIDER"}[39m
[2026-02-23 12:05:07] [[32minfo[39m]: [32m[GATEWAY PROXY] PATCH /provider/profile/push-notification → http://localhost:4000/api/provider/profile/push-notification[39m
[2026-02-23 12:05:07] [[32minfo[39m]: [32mexpressReq.user : {"id":"698f28d799b35470f53dd6e2","role":"PROVIDER"}[39m
[2026-02-23 12:05:08] [[32minfo[39m]: [32m[GATEWAY PROXY] GET /provider/dashboard/stats → http://localhost:4000/api/provider/dashboard/stats[39m
[2026-02-23 12:05:08] [[32minfo[39m]: [32mexpressReq.user : {"id":"698f28d799b35470f53dd6e2","role":"PROVIDER"}[39m
[2026-02-23 12:05:09] [[32minfo[39m]: [32m[GATEWAY PROXY] GET /provider/dashboard/stats → http://localhost:4000/api/provider/dashboard/stats[39m
[2026-02-23 12:05:09] [[32minfo[39m]: [32mexpressReq.user : {"id":"698f28d799b35470f53dd6e2","role":"PROVIDER"}[39m
[2026-02-23 12:05:09] [[32minfo[39m]: [32m[GATEWAY PROXY] PATCH /provider/profile/push-notification → http://localhost:4000/api/provider/profile/push-notification[39m
[2026-02-23 12:05:09] [[32minfo[39m]: [32mexpressReq.user : {"id":"698f28d799b35470f53dd6e2","role":"PROVIDER"}[39m
[2026-02-23 12:05:17] [[32minfo[39m]: [32m[GATEWAY PROXY] PATCH /provider/profile/push-notification → http://localhost:4000/api/provider/profile/push-notification[39m
[2026-02-23 12:05:17] [[32minfo[39m]: [32mexpressReq.user : {"id":"698f28d799b35470f53dd6e2","role":"PROVIDER"}[39m
[2026-02-23 12:05:17] [[32minfo[39m]: [32m[GATEWAY PROXY] GET /provider/dashboard/stats → http://localhost:4000/api/provider/dashboard/stats[39m
[2026-02-23 12:05:17] [[32minfo[39m]: [32mexpressReq.user : {"id":"698f28d799b35470f53dd6e2","role":"PROVIDER"}[39m
[2026-02-23 12:05:39] [[32minfo[39m]: [32m[GATEWAY PROXY] PATCH /provider/profile/push-notification → http://localhost:4000/api/provider/profile/push-notification[39m
[2026-02-23 12:05:39] [[32minfo[39m]: [32mexpressReq.user : {"id":"698f28d799b35470f53dd6e2","role":"PROVIDER"}[39m
[2026-02-23 12:05:45] [[32minfo[39m]: [32m[GATEWAY PROXY] PATCH /provider/profile/push-notification → http://localhost:4000/api/provider/profile/push-notification[39m
[2026-02-23 12:05:45] [[32minfo[39m]: [32mexpressReq.user : {"id":"698f28d799b35470f53dd6e2","role":"PROVIDER"}[39m
[2026-02-23 12:05:55] [[32minfo[39m]: [32m[GATEWAY PROXY] PATCH /provider/profile/push-notification → http://localhost:4000/api/provider/profile/push-notification[39m
[2026-02-23 12:05:55] [[32minfo[39m]: [32mexpressReq.user : {"id":"698f28d799b35470f53dd6e2","role":"PROVIDER"}[39m
[2026-02-23 12:06:00] [[32minfo[39m]: [32m[GATEWAY PROXY] PATCH /provider/profile/push-notification → http://localhost:4000/api/provider/profile/push-notification[39m
[2026-02-23 12:06:00] [[32minfo[39m]: [32mexpressReq.user : {"id":"698f28d799b35470f53dd6e2","role":"PROVIDER"}[39m
[2026-02-23 12:06:32] [[32minfo[39m]: [32m[GATEWAY PROXY] PATCH /provider/profile/push-notification → http://localhost:4000/api/provider/profile/push-notification[39m
[2026-02-23 12:06:32] [[32minfo[39m]: [32mexpressReq.user : {"id":"698f28d799b35470f53dd6e2","role":"PROVIDER"}[39m
[2026-02-23 12:06:33] [[32minfo[39m]: [32m[GATEWAY PROXY] PATCH /provider/profile/push-notification → http://localhost:4000/api/provider/profile/push-notification[39m
[2026-02-23 12:06:33] [[32minfo[39m]: [32mexpressReq.user : {"id":"698f28d799b35470f53dd6e2","role":"PROVIDER"}[39m
[2026-02-23 12:06:42] [[32minfo[39m]: [32m[GATEWAY PROXY] PATCH /provider/profile/push-notification → http://localhost:4000/api/provider/profile/push-notification[39m
[2026-02-23 12:06:42] [[32minfo[39m]: [32mexpressReq.user : {"id":"698f28d799b35470f53dd6e2","role":"PROVIDER"}[39m
[2026-02-23 12:06:49] [[32minfo[39m]: [32m[GATEWAY PROXY] PATCH /provider/profile/push-notification → http://localhost:4000/api/provider/profile/push-notification[39m
[2026-02-23 12:06:49] [[32minfo[39m]: [32mexpressReq.user : {"id":"698f28d799b35470f53dd6e2","role":"PROVIDER"}[39m
[2026-02-23 12:07:46] [[32minfo[39m]: [32m[GATEWAY PROXY] PATCH /provider/profile/push-notification → http://localhost:4000/api/provider/profile/push-notification[39m
[2026-02-23 12:07:46] [[32minfo[39m]: [32mexpressReq.user : {"id":"698f28d799b35470f53dd6e2","role":"PROVIDER"}[39m
[2026-02-23 12:07:46] [[32minfo[39m]: [32m[GATEWAY PROXY] PATCH /provider/profile/push-notification → http://localhost:4000/api/provider/profile/push-notification[39m
[2026-02-23 12:07:46] [[32minfo[39m]: [32mexpressReq.user : {"id":"698f28d799b35470f53dd6e2","role":"PROVIDER"}[39m
[2026-02-23 12:07:57] [[32minfo[39m]: [32m[GATEWAY PROXY] PATCH /provider/profile/push-notification → http://localhost:4000/api/provider/profile/push-notification[39m
[2026-02-23 12:07:57] [[32minfo[39m]: [32mexpressReq.user : {"id":"698f28d799b35470f53dd6e2","role":"PROVIDER"}[39m
[2026-02-23 12:08:00] [[32minfo[39m]: [32m[GATEWAY PROXY] POST /auth/signout → http://localhost:4000/api/auth/signout[39m
[2026-02-23 12:08:00] [[32minfo[39m]: [32mexpressReq.user : undefined[39m
[2026-02-23 12:08:31] [[32minfo[39m]: [32m[GATEWAY PROXY] POST /auth/signin → http://localhost:4000/api/auth/signin[39m
[2026-02-23 12:08:31] [[32minfo[39m]: [32mexpressReq.user : undefined[39m
[2026-02-23 12:08:35] [[32minfo[39m]: [32m[GATEWAY PROXY] PATCH /provider/profile/push-notification → http://localhost:4000/api/provider/profile/push-notification[39m
[2026-02-23 12:08:35] [[32minfo[39m]: [32mexpressReq.user : {"id":"698f28d799b35470f53dd6e2","role":"PROVIDER"}[39m
[2026-02-23 12:08:35] [[32minfo[39m]: [32m[GATEWAY PROXY] GET /provider/dashboard/stats → http://localhost:4000/api/provider/dashboard/stats[39m
[2026-02-23 12:08:35] [[32minfo[39m]: [32mexpressReq.user : {"id":"698f28d799b35470f53dd6e2","role":"PROVIDER"}[39m
[2026-02-23 12:08:36] [[32minfo[39m]: [32m[GATEWAY PROXY] PATCH /provider/profile/push-notification → http://localhost:4000/api/provider/profile/push-notification[39m
[2026-02-23 12:08:36] [[32minfo[39m]: [32mexpressReq.user : {"id":"698f28d799b35470f53dd6e2","role":"PROVIDER"}[39m
[2026-02-23 12:08:42] [[32minfo[39m]: [32m[GATEWAY PROXY] GET /provider/subscriptions?page=1&limit=10 → http://localhost:4000/api/provider/subscriptions?page=1&limit=10[39m
[2026-02-23 12:08:42] [[32minfo[39m]: [32mexpressReq.user : {"id":"698f28d799b35470f53dd6e2","role":"PROVIDER"}[39m
[2026-02-23 12:08:44] [[32minfo[39m]: [32m[GATEWAY PROXY] GET /provider/plans → http://localhost:4000/api/provider/plans[39m
[2026-02-23 12:08:44] [[32minfo[39m]: [32mexpressReq.user : {"id":"698f28d799b35470f53dd6e2","role":"PROVIDER"}[39m
[2026-02-23 12:08:51] [[32minfo[39m]: [32m[GATEWAY PROXY] POST /provider/subscriptions/checkout/session → http://localhost:4000/api/provider/subscriptions/checkout/session[39m
[2026-02-23 12:08:51] [[32minfo[39m]: [32mexpressReq.user : {"id":"698f28d799b35470f53dd6e2","role":"PROVIDER"}[39m
[2026-02-23 12:09:03] [[32minfo[39m]: [32m[GATEWAY PROXY] PATCH /provider/profile/push-notification → http://localhost:4000/api/provider/profile/push-notification[39m
[2026-02-23 12:09:03] [[32minfo[39m]: [32mexpressReq.user : {"id":"698f28d799b35470f53dd6e2","role":"PROVIDER"}[39m
[2026-02-23 12:09:08] [[32minfo[39m]: [32m[GATEWAY PROXY] GET /provider/subscriptions/me → http://localhost:4000/api/provider/subscriptions/me[39m
[2026-02-23 12:09:08] [[32minfo[39m]: [32mexpressReq.user : {"id":"698f28d799b35470f53dd6e2","role":"PROVIDER"}[39m
[2026-02-23 12:09:08] [[32minfo[39m]: [32m[GATEWAY PROXY] PATCH /provider/profile/push-notification → http://localhost:4000/api/provider/profile/push-notification[39m
[2026-02-23 12:09:08] [[32minfo[39m]: [32mexpressReq.user : {"id":"698f28d799b35470f53dd6e2","role":"PROVIDER"}[39m
[2026-02-23 12:09:13] [[32minfo[39m]: [32m[GATEWAY PROXY] GET /provider/subscriptions/me → http://localhost:4000/api/provider/subscriptions/me[39m
[2026-02-23 12:09:13] [[32minfo[39m]: [32mexpressReq.user : {"id":"698f28d799b35470f53dd6e2","role":"PROVIDER"}[39m
[2026-02-23 12:10:32] [[32minfo[39m]: [32m[GATEWAY PROXY] GET /provider/dashboard/stats → http://localhost:4000/api/provider/dashboard/stats[39m
[2026-02-23 12:10:32] [[32minfo[39m]: [32mexpressReq.user : {"id":"698f28d799b35470f53dd6e2","role":"PROVIDER"}[39m
[2026-02-23 12:11:09] [[32minfo[39m]: [32m[GATEWAY PROXY] PATCH /provider/profile/push-notification → http://localhost:4000/api/provider/profile/push-notification[39m
[2026-02-23 12:11:09] [[32minfo[39m]: [32mexpressReq.user : {"id":"698f28d799b35470f53dd6e2","role":"PROVIDER"}[39m
[2026-02-23 12:11:09] [[32minfo[39m]: [32m[GATEWAY PROXY] GET /provider/dashboard/stats → http://localhost:4000/api/provider/dashboard/stats[39m
[2026-02-23 12:11:09] [[32minfo[39m]: [32mexpressReq.user : {"id":"698f28d799b35470f53dd6e2","role":"PROVIDER"}[39m
[2026-02-23 12:17:37] [[32minfo[39m]: [32m[GATEWAY PROXY] PATCH /provider/profile/push-notification → http://localhost:4000/api/provider/profile/push-notification[39m
[2026-02-23 12:17:37] [[32minfo[39m]: [32mexpressReq.user : {"id":"698f28d799b35470f53dd6e2","role":"PROVIDER"}[39m
[2026-02-23 12:17:38] [[32minfo[39m]: [32m[GATEWAY PROXY] PATCH /provider/profile/push-notification → http://localhost:4000/api/provider/profile/push-notification[39m
[2026-02-23 12:17:38] [[32minfo[39m]: [32mexpressReq.user : {"id":"698f28d799b35470f53dd6e2","role":"PROVIDER"}[39m
[2026-02-23 12:17:47] [[32minfo[39m]: [32m[GATEWAY PROXY] PATCH /provider/profile/push-notification → http://localhost:4000/api/provider/profile/push-notification[39m
[2026-02-23 12:17:47] [[32minfo[39m]: [32mexpressReq.user : {"id":"698f28d799b35470f53dd6e2","role":"PROVIDER"}[39m
[2026-02-23 12:18:00] [[32minfo[39m]: [32m[GATEWAY PROXY] PATCH /provider/profile/push-notification → http://localhost:4000/api/provider/profile/push-notification[39m
[2026-02-23 12:18:00] [[32minfo[39m]: [32mexpressReq.user : {"id":"698f28d799b35470f53dd6e2","role":"PROVIDER"}[39m
[2026-02-23 12:18:00] [[32minfo[39m]: [32m[GATEWAY PROXY] PATCH /provider/profile/push-notification → http://localhost:4000/api/provider/profile/push-notification[39m
[2026-02-23 12:18:00] [[32minfo[39m]: [32mexpressReq.user : {"id":"698f28d799b35470f53dd6e2","role":"PROVIDER"}[39m
[2026-02-23 12:18:06] [[32minfo[39m]: [32m[GATEWAY PROXY] POST /auth/signout → http://localhost:4000/api/auth/signout[39m
[2026-02-23 12:18:06] [[32minfo[39m]: [32mexpressReq.user : undefined[39m
[2026-02-23 12:18:35] [[32minfo[39m]: [32m[GATEWAY PROXY] POST /auth/signin → http://localhost:4000/api/auth/signin[39m
[2026-02-23 12:18:35] [[32minfo[39m]: [32mexpressReq.user : undefined[39m
[2026-02-23 12:18:39] [[32minfo[39m]: [32m[GATEWAY PROXY] PATCH /provider/profile/push-notification → http://localhost:4000/api/provider/profile/push-notification[39m
[2026-02-23 12:18:39] [[32minfo[39m]: [32mexpressReq.user : {"id":"698f28d799b35470f53dd6e2","role":"PROVIDER"}[39m
[2026-02-23 12:18:39] [[32minfo[39m]: [32m[GATEWAY PROXY] GET /provider/dashboard/stats → http://localhost:4000/api/provider/dashboard/stats[39m
[2026-02-23 12:18:39] [[32minfo[39m]: [32mexpressReq.user : {"id":"698f28d799b35470f53dd6e2","role":"PROVIDER"}[39m
[2026-02-23 12:18:39] [[32minfo[39m]: [32m[GATEWAY PROXY] PATCH /provider/profile/push-notification → http://localhost:4000/api/provider/profile/push-notification[39m
[2026-02-23 12:18:39] [[32minfo[39m]: [32mexpressReq.user : {"id":"698f28d799b35470f53dd6e2","role":"PROVIDER"}[39m
[2026-02-23 12:18:43] [[32minfo[39m]: [32m[GATEWAY PROXY] GET /provider/subscriptions?page=1&limit=10 → http://localhost:4000/api/provider/subscriptions?page=1&limit=10[39m
[2026-02-23 12:18:43] [[32minfo[39m]: [32mexpressReq.user : {"id":"698f28d799b35470f53dd6e2","role":"PROVIDER"}[39m
[2026-02-23 12:18:45] [[32minfo[39m]: [32m[GATEWAY PROXY] GET /provider/plans → http://localhost:4000/api/provider/plans[39m
[2026-02-23 12:18:45] [[32minfo[39m]: [32mexpressReq.user : {"id":"698f28d799b35470f53dd6e2","role":"PROVIDER"}[39m
[2026-02-23 12:18:57] [[32minfo[39m]: [32m[GATEWAY PROXY] POST /provider/subscriptions/checkout/session → http://localhost:4000/api/provider/subscriptions/checkout/session[39m
[2026-02-23 12:18:57] [[32minfo[39m]: [32mexpressReq.user : {"id":"698f28d799b35470f53dd6e2","role":"PROVIDER"}[39m
[2026-02-23 12:19:07] [[32minfo[39m]: [32m[GATEWAY PROXY] PATCH /provider/profile/push-notification → http://localhost:4000/api/provider/profile/push-notification[39m
[2026-02-23 12:19:07] [[32minfo[39m]: [32mexpressReq.user : {"id":"698f28d799b35470f53dd6e2","role":"PROVIDER"}[39m
[2026-02-23 12:19:12] [[32minfo[39m]: [32m[GATEWAY PROXY] GET /provider/subscriptions/me → http://localhost:4000/api/provider/subscriptions/me[39m
[2026-02-23 12:19:12] [[32minfo[39m]: [32mexpressReq.user : {"id":"698f28d799b35470f53dd6e2","role":"PROVIDER"}[39m
[2026-02-23 12:19:13] [[32minfo[39m]: [32m[GATEWAY PROXY] PATCH /provider/profile/push-notification → http://localhost:4000/api/provider/profile/push-notification[39m
[2026-02-23 12:19:13] [[32minfo[39m]: [32mexpressReq.user : {"id":"698f28d799b35470f53dd6e2","role":"PROVIDER"}[39m
[2026-02-23 12:19:18] [[32minfo[39m]: [32m[GATEWAY PROXY] GET /provider/subscriptions/me → http://localhost:4000/api/provider/subscriptions/me[39m
[2026-02-23 12:19:18] [[32minfo[39m]: [32mexpressReq.user : {"id":"698f28d799b35470f53dd6e2","role":"PROVIDER"}[39m
[2026-02-23 12:19:56] [[32minfo[39m]: [32m[GATEWAY PROXY] PATCH /provider/profile/push-notification → http://localhost:4000/api/provider/profile/push-notification[39m
[2026-02-23 12:19:56] [[32minfo[39m]: [32mexpressReq.user : {"id":"698f28d799b35470f53dd6e2","role":"PROVIDER"}[39m
[2026-02-23 12:20:01] [[32minfo[39m]: [32m[GATEWAY PROXY] GET /provider/subscriptions/me → http://localhost:4000/api/provider/subscriptions/me[39m
[2026-02-23 12:20:01] [[32minfo[39m]: [32mexpressReq.user : {"id":"698f28d799b35470f53dd6e2","role":"PROVIDER"}[39m
[2026-02-23 12:20:02] [[32minfo[39m]: [32m[GATEWAY PROXY] PATCH /provider/profile/push-notification → http://localhost:4000/api/provider/profile/push-notification[39m
[2026-02-23 12:20:02] [[32minfo[39m]: [32mexpressReq.user : {"id":"698f28d799b35470f53dd6e2","role":"PROVIDER"}[39m
[2026-02-23 12:20:04] [[32minfo[39m]: [32m[GATEWAY PROXY] PATCH /provider/profile/push-notification → http://localhost:4000/api/provider/profile/push-notification[39m
[2026-02-23 12:20:04] [[32minfo[39m]: [32mexpressReq.user : {"id":"698f28d799b35470f53dd6e2","role":"PROVIDER"}[39m
[2026-02-23 12:20:07] [[32minfo[39m]: [32m[GATEWAY PROXY] PATCH /provider/profile/push-notification → http://localhost:4000/api/provider/profile/push-notification[39m
[2026-02-23 12:20:07] [[32minfo[39m]: [32mexpressReq.user : {"id":"698f28d799b35470f53dd6e2","role":"PROVIDER"}[39m
[2026-02-23 12:20:08] [[32minfo[39m]: [32m[GATEWAY PROXY] PATCH /provider/profile/push-notification → http://localhost:4000/api/provider/profile/push-notification[39m
[2026-02-23 12:20:08] [[32minfo[39m]: [32mexpressReq.user : {"id":"698f28d799b35470f53dd6e2","role":"PROVIDER"}[39m
[2026-02-23 12:20:10] [[32minfo[39m]: [32m[GATEWAY PROXY] PATCH /provider/profile/push-notification → http://localhost:4000/api/provider/profile/push-notification[39m
[2026-02-23 12:20:10] [[32minfo[39m]: [32mexpressReq.user : {"id":"698f28d799b35470f53dd6e2","role":"PROVIDER"}[39m
[2026-02-23 12:20:16] [[32minfo[39m]: [32m[GATEWAY PROXY] GET /provider/subscriptions/me → http://localhost:4000/api/provider/subscriptions/me[39m
[2026-02-23 12:20:16] [[32minfo[39m]: [32mexpressReq.user : {"id":"698f28d799b35470f53dd6e2","role":"PROVIDER"}[39m
[2026-02-23 12:20:16] [[32minfo[39m]: [32m[GATEWAY PROXY] PATCH /provider/profile/push-notification → http://localhost:4000/api/provider/profile/push-notification[39m
[2026-02-23 12:20:16] [[32minfo[39m]: [32mexpressReq.user : {"id":"698f28d799b35470f53dd6e2","role":"PROVIDER"}[39m
[2026-02-23 12:20:21] [[32minfo[39m]: [32m[GATEWAY PROXY] GET /provider/subscriptions/me → http://localhost:4000/api/provider/subscriptions/me[39m
[2026-02-23 12:20:21] [[32minfo[39m]: [32mexpressReq.user : {"id":"698f28d799b35470f53dd6e2","role":"PROVIDER"}[39m
[2026-02-23 12:20:21] [[32minfo[39m]: [32m[GATEWAY PROXY] GET /provider/dashboard/stats → http://localhost:4000/api/provider/dashboard/stats[39m
[2026-02-23 12:20:21] [[32minfo[39m]: [32mexpressReq.user : {"id":"698f28d799b35470f53dd6e2","role":"PROVIDER"}[39m
[2026-02-23 12:21:29] [[32minfo[39m]: [32m[GATEWAY PROXY] GET /provider/dashboard/stats → http://localhost:4000/api/provider/dashboard/stats[39m
[2026-02-23 12:21:29] [[32minfo[39m]: [32mexpressReq.user : {"id":"698f28d799b35470f53dd6e2","role":"PROVIDER"}[39m
[2026-02-23 12:21:29] [[32minfo[39m]: [32m[GATEWAY PROXY] PATCH /provider/profile/push-notification → http://localhost:4000/api/provider/profile/push-notification[39m
[2026-02-23 12:21:29] [[32minfo[39m]: [32mexpressReq.user : {"id":"698f28d799b35470f53dd6e2","role":"PROVIDER"}[39m
[2026-02-23 12:21:34] [[32minfo[39m]: [32m[GATEWAY PROXY] PATCH /provider/profile/push-notification → http://localhost:4000/api/provider/profile/push-notification[39m
[2026-02-23 12:21:34] [[32minfo[39m]: [32mexpressReq.user : {"id":"698f28d799b35470f53dd6e2","role":"PROVIDER"}[39m
[2026-02-23 12:21:34] [[32minfo[39m]: [32m[GATEWAY PROXY] GET /provider/dashboard/stats → http://localhost:4000/api/provider/dashboard/stats[39m
[2026-02-23 12:21:34] [[32minfo[39m]: [32mexpressReq.user : {"id":"698f28d799b35470f53dd6e2","role":"PROVIDER"}[39m
[2026-02-23 12:21:44] [[32minfo[39m]: [32m[GATEWAY PROXY] PATCH /provider/profile/push-notification → http://localhost:4000/api/provider/profile/push-notification[39m
[2026-02-23 12:21:44] [[32minfo[39m]: [32mexpressReq.user : {"id":"698f28d799b35470f53dd6e2","role":"PROVIDER"}[39m
[2026-02-23 12:21:44] [[32minfo[39m]: [32m[GATEWAY PROXY] GET /provider/dashboard/stats → http://localhost:4000/api/provider/dashboard/stats[39m
[2026-02-23 12:21:44] [[32minfo[39m]: [32mexpressReq.user : {"id":"698f28d799b35470f53dd6e2","role":"PROVIDER"}[39m
[2026-02-23 12:21:46] [[32minfo[39m]: [32m[GATEWAY PROXY] GET /provider/dashboard/stats → http://localhost:4000/api/provider/dashboard/stats[39m
[2026-02-23 12:21:46] [[32minfo[39m]: [32mexpressReq.user : {"id":"698f28d799b35470f53dd6e2","role":"PROVIDER"}[39m
[2026-02-23 12:21:46] [[32minfo[39m]: [32m[GATEWAY PROXY] PATCH /provider/profile/push-notification → http://localhost:4000/api/provider/profile/push-notification[39m
[2026-02-23 12:21:46] [[32minfo[39m]: [32mexpressReq.user : {"id":"698f28d799b35470f53dd6e2","role":"PROVIDER"}[39m
[2026-02-23 12:21:48] [[32minfo[39m]: [32m[GATEWAY PROXY] GET /provider/dashboard/stats → http://localhost:4000/api/provider/dashboard/stats[39m
[2026-02-23 12:21:48] [[32minfo[39m]: [32mexpressReq.user : {"id":"698f28d799b35470f53dd6e2","role":"PROVIDER"}[39m
[2026-02-23 12:21:48] [[32minfo[39m]: [32m[GATEWAY PROXY] PATCH /provider/profile/push-notification → http://localhost:4000/api/provider/profile/push-notification[39m
[2026-02-23 12:21:48] [[32minfo[39m]: [32mexpressReq.user : {"id":"698f28d799b35470f53dd6e2","role":"PROVIDER"}[39m
[2026-02-23 12:22:34] [[32minfo[39m]: [32m[GATEWAY PROXY] PATCH /provider/profile/push-notification → http://localhost:4000/api/provider/profile/push-notification[39m
[2026-02-23 12:22:34] [[32minfo[39m]: [32mexpressReq.user : {"id":"698f28d799b35470f53dd6e2","role":"PROVIDER"}[39m
[2026-02-23 12:22:34] [[32minfo[39m]: [32m[GATEWAY PROXY] GET /provider/dashboard/stats → http://localhost:4000/api/provider/dashboard/stats[39m
[2026-02-23 12:22:34] [[32minfo[39m]: [32mexpressReq.user : {"id":"698f28d799b35470f53dd6e2","role":"PROVIDER"}[39m
[2026-02-23 12:22:37] [[32minfo[39m]: [32m[GATEWAY PROXY] POST /auth/signout → http://localhost:4000/api/auth/signout[39m
[2026-02-23 12:22:37] [[32minfo[39m]: [32mexpressReq.user : undefined[39m
[2026-02-23 12:27:28] [[32minfo[39m]: [32m[GATEWAY PROXY] POST /auth/signin → http://localhost:4000/api/auth/signin[39m
[2026-02-23 12:27:28] [[32minfo[39m]: [32mexpressReq.user : undefined[39m
[2026-02-23 12:27:32] [[32minfo[39m]: [32m[GATEWAY PROXY] PATCH /provider/profile/push-notification → http://localhost:4000/api/provider/profile/push-notification[39m
[2026-02-23 12:27:32] [[32minfo[39m]: [32mexpressReq.user : {"id":"698f28d799b35470f53dd6e2","role":"PROVIDER"}[39m
[2026-02-23 12:27:32] [[32minfo[39m]: [32m[GATEWAY PROXY] GET /provider/dashboard/stats → http://localhost:4000/api/provider/dashboard/stats[39m
[2026-02-23 12:27:32] [[32minfo[39m]: [32mexpressReq.user : {"id":"698f28d799b35470f53dd6e2","role":"PROVIDER"}[39m
[2026-02-23 12:27:32] [[32minfo[39m]: [32m[GATEWAY PROXY] PATCH /provider/profile/push-notification → http://localhost:4000/api/provider/profile/push-notification[39m
[2026-02-23 12:27:32] [[32minfo[39m]: [32mexpressReq.user : {"id":"698f28d799b35470f53dd6e2","role":"PROVIDER"}[39m
[2026-02-23 12:27:35] [[32minfo[39m]: [32m[GATEWAY PROXY] GET /provider/subscriptions?page=1&limit=10 → http://localhost:4000/api/provider/subscriptions?page=1&limit=10[39m
[2026-02-23 12:27:35] [[32minfo[39m]: [32mexpressReq.user : {"id":"698f28d799b35470f53dd6e2","role":"PROVIDER"}[39m
[2026-02-23 12:27:36] [[32minfo[39m]: [32m[GATEWAY PROXY] GET /provider/plans → http://localhost:4000/api/provider/plans[39m
[2026-02-23 12:27:36] [[32minfo[39m]: [32mexpressReq.user : {"id":"698f28d799b35470f53dd6e2","role":"PROVIDER"}[39m
[2026-02-23 12:27:43] [[32minfo[39m]: [32m[GATEWAY PROXY] POST /provider/subscriptions/checkout/session → http://localhost:4000/api/provider/subscriptions/checkout/session[39m
[2026-02-23 12:27:43] [[32minfo[39m]: [32mexpressReq.user : {"id":"698f28d799b35470f53dd6e2","role":"PROVIDER"}[39m
[2026-02-23 12:27:53] [[32minfo[39m]: [32m[GATEWAY PROXY] PATCH /provider/profile/push-notification → http://localhost:4000/api/provider/profile/push-notification[39m
[2026-02-23 12:27:53] [[32minfo[39m]: [32mexpressReq.user : {"id":"698f28d799b35470f53dd6e2","role":"PROVIDER"}[39m
[2026-02-23 12:27:58] [[32minfo[39m]: [32m[GATEWAY PROXY] GET /provider/subscriptions/me → http://localhost:4000/api/provider/subscriptions/me[39m
[2026-02-23 12:27:58] [[32minfo[39m]: [32mexpressReq.user : {"id":"698f28d799b35470f53dd6e2","role":"PROVIDER"}[39m
[2026-02-23 12:27:58] [[32minfo[39m]: [32m[GATEWAY PROXY] PATCH /provider/profile/push-notification → http://localhost:4000/api/provider/profile/push-notification[39m
[2026-02-23 12:27:58] [[32minfo[39m]: [32mexpressReq.user : {"id":"698f28d799b35470f53dd6e2","role":"PROVIDER"}[39m
[2026-02-23 12:28:03] [[32minfo[39m]: [32m[GATEWAY PROXY] GET /provider/subscriptions/me → http://localhost:4000/api/provider/subscriptions/me[39m
[2026-02-23 12:28:03] [[32minfo[39m]: [32mexpressReq.user : {"id":"698f28d799b35470f53dd6e2","role":"PROVIDER"}[39m
[2026-02-23 12:28:08] [[32minfo[39m]: [32m[GATEWAY PROXY] GET /provider/dashboard/stats → http://localhost:4000/api/provider/dashboard/stats[39m
[2026-02-23 12:28:08] [[32minfo[39m]: [32mexpressReq.user : {"id":"698f28d799b35470f53dd6e2","role":"PROVIDER"}[39m
[2026-02-23 12:37:57] [[32minfo[39m]: [32m[GATEWAY PROXY] PATCH /provider/profile/push-notification → http://localhost:4000/api/provider/profile/push-notification[39m
[2026-02-23 12:37:57] [[32minfo[39m]: [32mexpressReq.user : {"id":"698f28d799b35470f53dd6e2","role":"PROVIDER"}[39m
[2026-02-23 12:37:57] [[32minfo[39m]: [32m[GATEWAY PROXY] GET /provider/dashboard/stats → http://localhost:4000/api/provider/dashboard/stats[39m
[2026-02-23 12:37:57] [[32minfo[39m]: [32mexpressReq.user : {"id":"698f28d799b35470f53dd6e2","role":"PROVIDER"}[39m
[2026-02-23 12:37:59] [[32minfo[39m]: [32m[GATEWAY PROXY] PATCH /provider/profile/push-notification → http://localhost:4000/api/provider/profile/push-notification[39m
[2026-02-23 12:37:59] [[32minfo[39m]: [32mexpressReq.user : {"id":"698f28d799b35470f53dd6e2","role":"PROVIDER"}[39m
[2026-02-23 12:38:00] [[32minfo[39m]: [32m[GATEWAY PROXY] GET /provider/dashboard/stats → http://localhost:4000/api/provider/dashboard/stats[39m
[2026-02-23 12:38:00] [[32minfo[39m]: [32mexpressReq.user : {"id":"698f28d799b35470f53dd6e2","role":"PROVIDER"}[39m
[2026-02-23 12:38:03] [[32minfo[39m]: [32m[GATEWAY PROXY] GET /provider/dashboard/stats → http://localhost:4000/api/provider/dashboard/stats[39m
[2026-02-23 12:38:03] [[32minfo[39m]: [32mexpressReq.user : {"id":"698f28d799b35470f53dd6e2","role":"PROVIDER"}[39m
[2026-02-23 12:38:03] [[32minfo[39m]: [32m[GATEWAY PROXY] PATCH /provider/profile/push-notification → http://localhost:4000/api/provider/profile/push-notification[39m
[2026-02-23 12:38:03] [[32minfo[39m]: [32mexpressReq.user : {"id":"698f28d799b35470f53dd6e2","role":"PROVIDER"}[39m
[2026-02-23 12:38:07] [[32minfo[39m]: [32m[GATEWAY PROXY] GET /provider/dashboard/stats → http://localhost:4000/api/provider/dashboard/stats[39m
[2026-02-23 12:38:07] [[32minfo[39m]: [32mexpressReq.user : {"id":"698f28d799b35470f53dd6e2","role":"PROVIDER"}[39m
[2026-02-23 12:38:07] [[32minfo[39m]: [32m[GATEWAY PROXY] PATCH /provider/profile/push-notification → http://localhost:4000/api/provider/profile/push-notification[39m
[2026-02-23 12:38:07] [[32minfo[39m]: [32mexpressReq.user : {"id":"698f28d799b35470f53dd6e2","role":"PROVIDER"}[39m
[2026-02-23 12:38:09] [[32minfo[39m]: [32m[GATEWAY PROXY] PATCH /provider/profile/push-notification → http://localhost:4000/api/provider/profile/push-notification[39m
[2026-02-23 12:38:09] [[32minfo[39m]: [32mexpressReq.user : {"id":"698f28d799b35470f53dd6e2","role":"PROVIDER"}[39m
[2026-02-23 12:38:10] [[32minfo[39m]: [32m[GATEWAY PROXY] GET /provider/dashboard/stats → http://localhost:4000/api/provider/dashboard/stats[39m
[2026-02-23 12:38:10] [[32minfo[39m]: [32mexpressReq.user : {"id":"698f28d799b35470f53dd6e2","role":"PROVIDER"}[39m
[2026-02-23 12:38:15] [[32minfo[39m]: [32m[GATEWAY PROXY] GET /provider/dashboard/stats → http://localhost:4000/api/provider/dashboard/stats[39m
[2026-02-23 12:38:15] [[32minfo[39m]: [32mexpressReq.user : {"id":"698f28d799b35470f53dd6e2","role":"PROVIDER"}[39m
[2026-02-23 12:38:15] [[32minfo[39m]: [32m[GATEWAY PROXY] PATCH /provider/profile/push-notification → http://localhost:4000/api/provider/profile/push-notification[39m
[2026-02-23 12:38:15] [[32minfo[39m]: [32mexpressReq.user : {"id":"698f28d799b35470f53dd6e2","role":"PROVIDER"}[39m
[2026-02-23 12:38:22] [[32minfo[39m]: [32m[GATEWAY PROXY] PATCH /provider/profile/push-notification → http://localhost:4000/api/provider/profile/push-notification[39m
[2026-02-23 12:38:22] [[32minfo[39m]: [32mexpressReq.user : {"id":"698f28d799b35470f53dd6e2","role":"PROVIDER"}[39m
[2026-02-23 12:38:23] [[32minfo[39m]: [32m[GATEWAY PROXY] PATCH /provider/profile/push-notification → http://localhost:4000/api/provider/profile/push-notification[39m
[2026-02-23 12:38:23] [[32minfo[39m]: [32mexpressReq.user : {"id":"698f28d799b35470f53dd6e2","role":"PROVIDER"}[39m
[2026-02-23 12:38:29] [[32minfo[39m]: [32m[GATEWAY PROXY] PATCH /provider/profile/push-notification → http://localhost:4000/api/provider/profile/push-notification[39m
[2026-02-23 12:38:29] [[32minfo[39m]: [32mexpressReq.user : {"id":"698f28d799b35470f53dd6e2","role":"PROVIDER"}[39m
[2026-02-23 12:38:32] [[32minfo[39m]: [32m[GATEWAY PROXY] PATCH /provider/profile/push-notification → http://localhost:4000/api/provider/profile/push-notification[39m
[2026-02-23 12:38:32] [[32minfo[39m]: [32mexpressReq.user : {"id":"698f28d799b35470f53dd6e2","role":"PROVIDER"}[39m
[2026-02-23 12:39:12] [[32minfo[39m]: [32m[GATEWAY PROXY] PATCH /provider/profile/push-notification → http://localhost:4000/api/provider/profile/push-notification[39m
[2026-02-23 12:39:12] [[32minfo[39m]: [32mexpressReq.user : {"id":"698f28d799b35470f53dd6e2","role":"PROVIDER"}[39m
[2026-02-23 12:39:13] [[32minfo[39m]: [32m[GATEWAY PROXY] PATCH /provider/profile/push-notification → http://localhost:4000/api/provider/profile/push-notification[39m
[2026-02-23 12:39:13] [[32minfo[39m]: [32mexpressReq.user : {"id":"698f28d799b35470f53dd6e2","role":"PROVIDER"}[39m
[2026-02-23 13:42:18] [[32minfo[39m]: [32m[GATEWAY PROXY] POST /auth/signout → http://localhost:4000/api/auth/signout[39m
[2026-02-23 13:42:18] [[32minfo[39m]: [32mexpressReq.user : undefined[39m
[2026-02-23 13:43:01] [[32minfo[39m]: [32m[GATEWAY PROXY] POST /auth/signin → http://localhost:4000/api/auth/signin[39m
[2026-02-23 13:43:01] [[32minfo[39m]: [32mexpressReq.user : undefined[39m
[2026-02-23 13:43:05] [[32minfo[39m]: [32m[GATEWAY PROXY] PATCH /provider/profile/push-notification → http://localhost:4000/api/provider/profile/push-notification[39m
[2026-02-23 13:43:05] [[32minfo[39m]: [32mexpressReq.user : {"id":"698f28d799b35470f53dd6e2","role":"PROVIDER"}[39m
[2026-02-23 13:43:05] [[32minfo[39m]: [32m[GATEWAY PROXY] PATCH /provider/profile/push-notification → http://localhost:4000/api/provider/profile/push-notification[39m
[2026-02-23 13:43:05] [[32minfo[39m]: [32mexpressReq.user : {"id":"698f28d799b35470f53dd6e2","role":"PROVIDER"}[39m
[2026-02-23 13:43:05] [[32minfo[39m]: [32m[GATEWAY PROXY] GET /provider/dashboard/stats → http://localhost:4000/api/provider/dashboard/stats[39m
[2026-02-23 13:43:05] [[32minfo[39m]: [32mexpressReq.user : {"id":"698f28d799b35470f53dd6e2","role":"PROVIDER"}[39m
[2026-02-23 13:43:10] [[32minfo[39m]: [32m[GATEWAY PROXY] GET /provider/subscriptions?page=1&limit=10 → http://localhost:4000/api/provider/subscriptions?page=1&limit=10[39m
[2026-02-23 13:43:10] [[32minfo[39m]: [32mexpressReq.user : {"id":"698f28d799b35470f53dd6e2","role":"PROVIDER"}[39m
[2026-02-23 13:43:12] [[32minfo[39m]: [32m[GATEWAY PROXY] GET /provider/plans → http://localhost:4000/api/provider/plans[39m
[2026-02-23 13:43:12] [[32minfo[39m]: [32mexpressReq.user : {"id":"698f28d799b35470f53dd6e2","role":"PROVIDER"}[39m
[2026-02-23 13:43:19] [[32minfo[39m]: [32m[GATEWAY PROXY] POST /provider/subscriptions/checkout/session → http://localhost:4000/api/provider/subscriptions/checkout/session[39m
[2026-02-23 13:43:19] [[32minfo[39m]: [32mexpressReq.user : {"id":"698f28d799b35470f53dd6e2","role":"PROVIDER"}[39m
[2026-02-23 13:43:30] [[32minfo[39m]: [32m[GATEWAY PROXY] PATCH /provider/profile/push-notification → http://localhost:4000/api/provider/profile/push-notification[39m
[2026-02-23 13:43:30] [[32minfo[39m]: [32mexpressReq.user : {"id":"698f28d799b35470f53dd6e2","role":"PROVIDER"}[39m
[2026-02-23 13:43:35] [[32minfo[39m]: [32m[GATEWAY PROXY] GET /provider/subscriptions/me → http://localhost:4000/api/provider/subscriptions/me[39m
[2026-02-23 13:43:35] [[32minfo[39m]: [32mexpressReq.user : {"id":"698f28d799b35470f53dd6e2","role":"PROVIDER"}[39m
[2026-02-23 13:44:09] [[32minfo[39m]: [32m[GATEWAY PROXY] GET /provider/dashboard/stats → http://localhost:4000/api/provider/dashboard/stats[39m
[2026-02-23 13:44:09] [[32minfo[39m]: [32mexpressReq.user : {"id":"698f28d799b35470f53dd6e2","role":"PROVIDER"}[39m
[2026-02-23 13:44:10] [[32minfo[39m]: [32m[GATEWAY PROXY] POST /auth/signout → http://localhost:4000/api/auth/signout[39m
[2026-02-23 13:44:10] [[32minfo[39m]: [32mexpressReq.user : undefined[39m
[2026-02-23 13:44:10] [[32minfo[39m]: [32m[GATEWAY PROXY] GET /provider/dashboard/stats → http://localhost:4000/api/provider/dashboard/stats[39m
[2026-02-23 13:44:10] [[32minfo[39m]: [32mexpressReq.user : {"id":"698f28d799b35470f53dd6e2","role":"PROVIDER"}[39m
[2026-02-23 13:44:13] [[32minfo[39m]: [32m[GATEWAY PROXY] GET /provider/dashboard/stats → http://localhost:4000/api/provider/dashboard/stats[39m
[2026-02-23 13:44:13] [[32minfo[39m]: [32mexpressReq.user : {"id":"698f28d799b35470f53dd6e2","role":"PROVIDER"}[39m
[2026-02-23 13:44:41] [[32minfo[39m]: [32m[GATEWAY PROXY] GET /provider/dashboard/stats → http://localhost:4000/api/provider/dashboard/stats[39m
[2026-02-23 13:44:41] [[32minfo[39m]: [32mexpressReq.user : {"id":"698f28d799b35470f53dd6e2","role":"PROVIDER"}[39m
[2026-02-23 13:44:42] [[32minfo[39m]: [32m[GATEWAY PROXY] POST /auth/signout → http://localhost:4000/api/auth/signout[39m
[2026-02-23 13:44:42] [[32minfo[39m]: [32mexpressReq.user : undefined[39m
[2026-02-23 13:44:53] [[32minfo[39m]: [32m[GATEWAY PROXY] POST /auth/signin → http://localhost:4000/api/auth/signin[39m
[2026-02-23 13:44:53] [[32minfo[39m]: [32mexpressReq.user : undefined[39m
[2026-02-23 13:44:56] [[32minfo[39m]: [32m[GATEWAY PROXY] PATCH /provider/profile/push-notification → http://localhost:4000/api/provider/profile/push-notification[39m
[2026-02-23 13:44:56] [[32minfo[39m]: [32mexpressReq.user : {"id":"698f28d799b35470f53dd6e2","role":"PROVIDER"}[39m
[2026-02-23 13:44:57] [[32minfo[39m]: [32m[GATEWAY PROXY] GET /provider/dashboard/stats → http://localhost:4000/api/provider/dashboard/stats[39m
[2026-02-23 13:44:57] [[32minfo[39m]: [32mexpressReq.user : {"id":"698f28d799b35470f53dd6e2","role":"PROVIDER"}[39m
[2026-02-23 13:44:57] [[32minfo[39m]: [32m[GATEWAY PROXY] PATCH /provider/profile/push-notification → http://localhost:4000/api/provider/profile/push-notification[39m
[2026-02-23 13:44:57] [[32minfo[39m]: [32mexpressReq.user : {"id":"698f28d799b35470f53dd6e2","role":"PROVIDER"}[39m
[2026-02-23 13:45:20] [[32minfo[39m]: [32m[GATEWAY PROXY] GET /provider/subscriptions?page=1&limit=10 → http://localhost:4000/api/provider/subscriptions?page=1&limit=10[39m
[2026-02-23 13:45:20] [[32minfo[39m]: [32mexpressReq.user : {"id":"698f28d799b35470f53dd6e2","role":"PROVIDER"}[39m
[2026-02-23 13:45:22] [[32minfo[39m]: [32m[GATEWAY PROXY] GET /provider/plans → http://localhost:4000/api/provider/plans[39m
[2026-02-23 13:45:22] [[32minfo[39m]: [32mexpressReq.user : {"id":"698f28d799b35470f53dd6e2","role":"PROVIDER"}[39m
[2026-02-23 13:45:29] [[32minfo[39m]: [32m[GATEWAY PROXY] POST /provider/subscriptions/checkout/session → http://localhost:4000/api/provider/subscriptions/checkout/session[39m
[2026-02-23 13:45:29] [[32minfo[39m]: [32mexpressReq.user : {"id":"698f28d799b35470f53dd6e2","role":"PROVIDER"}[39m
[2026-02-23 13:45:40] [[32minfo[39m]: [32m[GATEWAY PROXY] PATCH /provider/profile/push-notification → http://localhost:4000/api/provider/profile/push-notification[39m
[2026-02-23 13:45:40] [[32minfo[39m]: [32mexpressReq.user : {"id":"698f28d799b35470f53dd6e2","role":"PROVIDER"}[39m
[2026-02-23 13:45:45] [[32minfo[39m]: [32m[GATEWAY PROXY] GET /provider/subscriptions/me → http://localhost:4000/api/provider/subscriptions/me[39m
[2026-02-23 13:45:45] [[32minfo[39m]: [32mexpressReq.user : {"id":"698f28d799b35470f53dd6e2","role":"PROVIDER"}[39m
[2026-02-23 14:19:19] [[32minfo[39m]: [32m[GATEWAY PROXY] PATCH /provider/profile/push-notification → http://localhost:4000/api/provider/profile/push-notification[39m
[2026-02-23 14:19:19] [[32minfo[39m]: [32mexpressReq.user : {"id":"698f28d799b35470f53dd6e2","role":"PROVIDER"}[39m
[2026-02-23 14:19:24] [[32minfo[39m]: [32m[GATEWAY PROXY] GET /provider/subscriptions/me → http://localhost:4000/api/provider/subscriptions/me[39m
[2026-02-23 14:19:24] [[32minfo[39m]: [32mexpressReq.user : {"id":"698f28d799b35470f53dd6e2","role":"PROVIDER"}[39m
[2026-02-23 14:20:22] [[32minfo[39m]: [32m[GATEWAY PROXY] GET /provider/dashboard/stats → http://localhost:4000/api/provider/dashboard/stats[39m
[2026-02-23 14:20:22] [[32minfo[39m]: [32mexpressReq.user : {"id":"698f28d799b35470f53dd6e2","role":"PROVIDER"}[39m
[2026-02-23 14:20:23] [[32minfo[39m]: [32m[GATEWAY PROXY] POST /auth/signout → http://localhost:4000/api/auth/signout[39m
[2026-02-23 14:20:23] [[32minfo[39m]: [32mexpressReq.user : undefined[39m
[2026-02-23 14:20:23] [[32minfo[39m]: [32m[GATEWAY PROXY] GET /provider/dashboard/stats → http://localhost:4000/api/provider/dashboard/stats[39m
[2026-02-23 14:20:23] [[32minfo[39m]: [32mexpressReq.user : {"id":"698f28d799b35470f53dd6e2","role":"PROVIDER"}[39m
[2026-02-23 14:20:25] [[32minfo[39m]: [32m[GATEWAY PROXY] GET /provider/dashboard/stats → http://localhost:4000/api/provider/dashboard/stats[39m
[2026-02-23 14:20:25] [[32minfo[39m]: [32mexpressReq.user : {"id":"698f28d799b35470f53dd6e2","role":"PROVIDER"}[39m
[2026-02-23 14:20:30] [[32minfo[39m]: [32m[GATEWAY PROXY] GET /provider/dashboard/stats → http://localhost:4000/api/provider/dashboard/stats[39m
[2026-02-23 14:20:30] [[32minfo[39m]: [32mexpressReq.user : {"id":"698f28d799b35470f53dd6e2","role":"PROVIDER"}[39m
[2026-02-23 14:20:41] [[32minfo[39m]: [32m[GATEWAY PROXY] POST /auth/signout → http://localhost:4000/api/auth/signout[39m
[2026-02-23 14:20:41] [[32minfo[39m]: [32mexpressReq.user : undefined[39m
[2026-02-23 14:20:51] [[32minfo[39m]: [32m[GATEWAY PROXY] POST /auth/signout → http://localhost:4000/api/auth/signout[39m
[2026-02-23 14:20:51] [[32minfo[39m]: [32mexpressReq.user : undefined[39m
[2026-02-23 14:23:11] [[32minfo[39m]: [32m[GATEWAY PROXY] POST /auth/signin → http://localhost:4000/api/auth/signin[39m
[2026-02-23 14:23:11] [[32minfo[39m]: [32mexpressReq.user : undefined[39m
[2026-02-23 14:23:38] [[32minfo[39m]: [32m[GATEWAY PROXY] POST /auth/signin → http://localhost:4000/api/auth/signin[39m
[2026-02-23 14:23:38] [[32minfo[39m]: [32mexpressReq.user : undefined[39m
[2026-02-23 14:23:41] [[32minfo[39m]: [32m[GATEWAY PROXY] PATCH /provider/profile/push-notification → http://localhost:4000/api/provider/profile/push-notification[39m
[2026-02-23 14:23:41] [[32minfo[39m]: [32mexpressReq.user : {"id":"698f28d799b35470f53dd6e2","role":"PROVIDER"}[39m
[2026-02-23 14:23:41] [[32minfo[39m]: [32m[GATEWAY PROXY] GET /provider/dashboard/stats → http://localhost:4000/api/provider/dashboard/stats[39m
[2026-02-23 14:23:41] [[32minfo[39m]: [32mexpressReq.user : {"id":"698f28d799b35470f53dd6e2","role":"PROVIDER"}[39m
[2026-02-23 14:23:42] [[32minfo[39m]: [32m[GATEWAY PROXY] PATCH /provider/profile/push-notification → http://localhost:4000/api/provider/profile/push-notification[39m
[2026-02-23 14:23:42] [[32minfo[39m]: [32mexpressReq.user : {"id":"698f28d799b35470f53dd6e2","role":"PROVIDER"}[39m
[2026-02-23 14:23:44] [[32minfo[39m]: [32m[GATEWAY PROXY] GET /provider/subscriptions?page=1&limit=10 → http://localhost:4000/api/provider/subscriptions?page=1&limit=10[39m
[2026-02-23 14:23:44] [[32minfo[39m]: [32mexpressReq.user : {"id":"698f28d799b35470f53dd6e2","role":"PROVIDER"}[39m
[2026-02-23 14:23:46] [[32minfo[39m]: [32m[GATEWAY PROXY] GET /provider/plans → http://localhost:4000/api/provider/plans[39m
[2026-02-23 14:23:46] [[32minfo[39m]: [32mexpressReq.user : {"id":"698f28d799b35470f53dd6e2","role":"PROVIDER"}[39m
[2026-02-23 14:23:54] [[32minfo[39m]: [32m[GATEWAY PROXY] POST /provider/subscriptions/checkout/session → http://localhost:4000/api/provider/subscriptions/checkout/session[39m
[2026-02-23 14:23:54] [[32minfo[39m]: [32mexpressReq.user : {"id":"698f28d799b35470f53dd6e2","role":"PROVIDER"}[39m
[2026-02-23 14:24:08] [[32minfo[39m]: [32m[GATEWAY PROXY] PATCH /provider/profile/push-notification → http://localhost:4000/api/provider/profile/push-notification[39m
[2026-02-23 14:24:08] [[32minfo[39m]: [32mexpressReq.user : {"id":"698f28d799b35470f53dd6e2","role":"PROVIDER"}[39m
[2026-02-23 14:24:13] [[32minfo[39m]: [32m[GATEWAY PROXY] GET /provider/subscriptions/me → http://localhost:4000/api/provider/subscriptions/me[39m
[2026-02-23 14:24:13] [[32minfo[39m]: [32mexpressReq.user : {"id":"698f28d799b35470f53dd6e2","role":"PROVIDER"}[39m
[2026-02-23 14:26:53] [[32minfo[39m]: [32m[GATEWAY PROXY] GET /provider/dashboard/stats → http://localhost:4000/api/provider/dashboard/stats[39m
[2026-02-23 14:26:53] [[32minfo[39m]: [32mexpressReq.user : {"id":"698f28d799b35470f53dd6e2","role":"PROVIDER"}[39m
[2026-02-23 14:26:54] [[32minfo[39m]: [32m[GATEWAY PROXY] GET /provider/dashboard/stats → http://localhost:4000/api/provider/dashboard/stats[39m
[2026-02-23 14:26:54] [[32minfo[39m]: [32mexpressReq.user : {"id":"698f28d799b35470f53dd6e2","role":"PROVIDER"}[39m
[2026-02-23 14:26:56] [[32minfo[39m]: [32m[GATEWAY PROXY] GET /provider/dashboard/stats → http://localhost:4000/api/provider/dashboard/stats[39m
[2026-02-23 14:26:56] [[32minfo[39m]: [32mexpressReq.user : {"id":"698f28d799b35470f53dd6e2","role":"PROVIDER"}[39m
[2026-02-23 14:27:00] [[32minfo[39m]: [32m[GATEWAY PROXY] GET /provider/dashboard/stats → http://localhost:4000/api/provider/dashboard/stats[39m
[2026-02-23 14:27:00] [[32minfo[39m]: [32mexpressReq.user : {"id":"698f28d799b35470f53dd6e2","role":"PROVIDER"}[39m
[2026-02-23 14:29:49] [[32minfo[39m]: [32m[GATEWAY PROXY] POST /auth/signout → http://localhost:4000/api/auth/signout[39m
[2026-02-23 14:29:49] [[32minfo[39m]: [32mexpressReq.user : undefined[39m
[2026-02-23 14:30:19] [[32minfo[39m]: [32m[GATEWAY PROXY] POST /auth/signin → http://localhost:4000/api/auth/signin[39m
[2026-02-23 14:30:19] [[32minfo[39m]: [32mexpressReq.user : undefined[39m
[2026-02-23 14:30:23] [[32minfo[39m]: [32m[GATEWAY PROXY] GET /provider/dashboard/stats → http://localhost:4000/api/provider/dashboard/stats[39m
[2026-02-23 14:30:23] [[32minfo[39m]: [32mexpressReq.user : {"id":"698f28d799b35470f53dd6e2","role":"PROVIDER"}[39m
[2026-02-23 14:30:23] [[32minfo[39m]: [32m[GATEWAY PROXY] PATCH /provider/profile/push-notification → http://localhost:4000/api/provider/profile/push-notification[39m
[2026-02-23 14:30:23] [[32minfo[39m]: [32mexpressReq.user : {"id":"698f28d799b35470f53dd6e2","role":"PROVIDER"}[39m
[2026-02-23 14:30:24] [[32minfo[39m]: [32m[GATEWAY PROXY] PATCH /provider/profile/push-notification → http://localhost:4000/api/provider/profile/push-notification[39m
[2026-02-23 14:30:24] [[32minfo[39m]: [32mexpressReq.user : {"id":"698f28d799b35470f53dd6e2","role":"PROVIDER"}[39m
[2026-02-23 14:30:25] [[32minfo[39m]: [32m[GATEWAY PROXY] GET /provider/subscriptions?page=1&limit=10 → http://localhost:4000/api/provider/subscriptions?page=1&limit=10[39m
[2026-02-23 14:30:25] [[32minfo[39m]: [32mexpressReq.user : {"id":"698f28d799b35470f53dd6e2","role":"PROVIDER"}[39m
[2026-02-23 14:30:27] [[32minfo[39m]: [32m[GATEWAY PROXY] GET /provider/plans → http://localhost:4000/api/provider/plans[39m
[2026-02-23 14:30:27] [[32minfo[39m]: [32mexpressReq.user : {"id":"698f28d799b35470f53dd6e2","role":"PROVIDER"}[39m
[2026-02-23 14:30:33] [[32minfo[39m]: [32m[GATEWAY PROXY] POST /provider/subscriptions/checkout/session → http://localhost:4000/api/provider/subscriptions/checkout/session[39m
[2026-02-23 14:30:33] [[32minfo[39m]: [32mexpressReq.user : {"id":"698f28d799b35470f53dd6e2","role":"PROVIDER"}[39m
[2026-02-23 14:30:45] [[32minfo[39m]: [32m[GATEWAY PROXY] PATCH /provider/profile/push-notification → http://localhost:4000/api/provider/profile/push-notification[39m
[2026-02-23 14:30:45] [[32minfo[39m]: [32mexpressReq.user : {"id":"698f28d799b35470f53dd6e2","role":"PROVIDER"}[39m
[2026-02-23 14:30:50] [[32minfo[39m]: [32m[GATEWAY PROXY] GET /provider/subscriptions/me → http://localhost:4000/api/provider/subscriptions/me[39m
[2026-02-23 14:30:50] [[32minfo[39m]: [32mexpressReq.user : {"id":"698f28d799b35470f53dd6e2","role":"PROVIDER"}[39m
[2026-02-23 14:30:50] [[32minfo[39m]: [32m[GATEWAY PROXY] PATCH /provider/profile/push-notification → http://localhost:4000/api/provider/profile/push-notification[39m
[2026-02-23 14:30:50] [[32minfo[39m]: [32mexpressReq.user : {"id":"698f28d799b35470f53dd6e2","role":"PROVIDER"}[39m
[2026-02-23 14:30:57] [[32minfo[39m]: [32m[GATEWAY PROXY] GET /provider/dashboard/stats → http://localhost:4000/api/provider/dashboard/stats[39m
[2026-02-23 14:30:57] [[32minfo[39m]: [32mexpressReq.user : {"id":"698f28d799b35470f53dd6e2","role":"PROVIDER"}[39m
[2026-02-23 14:31:02] [[32minfo[39m]: [32m[GATEWAY PROXY] GET /provider/subscriptions?page=1&limit=10 → http://localhost:4000/api/provider/subscriptions?page=1&limit=10[39m
[2026-02-23 14:31:02] [[32minfo[39m]: [32mexpressReq.user : {"id":"698f28d799b35470f53dd6e2","role":"PROVIDER"}[39m
[2026-02-23 14:31:08] [[32minfo[39m]: [32m[GATEWAY PROXY] GET /provider/subscriptions/699c173114de931b0b6fb5bf → http://localhost:4000/api/provider/subscriptions/699c173114de931b0b6fb5bf[39m
[2026-02-23 14:31:08] [[32minfo[39m]: [32mexpressReq.user : {"id":"698f28d799b35470f53dd6e2","role":"PROVIDER"}[39m
[2026-02-23 14:35:25] [[32minfo[39m]: [32m[GATEWAY PROXY] PATCH /provider/profile/push-notification → http://localhost:4000/api/provider/profile/push-notification[39m
[2026-02-23 14:35:25] [[32minfo[39m]: [32mexpressReq.user : {"id":"698f28d799b35470f53dd6e2","role":"PROVIDER"}[39m
[2026-02-23 14:35:25] [[32minfo[39m]: [32m[GATEWAY PROXY] GET /provider/subscriptions/699c173114de931b0b6fb5bf → http://localhost:4000/api/provider/subscriptions/699c173114de931b0b6fb5bf[39m
[2026-02-23 14:35:25] [[32minfo[39m]: [32mexpressReq.user : {"id":"698f28d799b35470f53dd6e2","role":"PROVIDER"}[39m
[2026-02-23 14:35:27] [[32minfo[39m]: [32m[GATEWAY PROXY] GET /provider/subscriptions/699c173114de931b0b6fb5bf → http://localhost:4000/api/provider/subscriptions/699c173114de931b0b6fb5bf[39m
[2026-02-23 14:35:27] [[32minfo[39m]: [32mexpressReq.user : {"id":"698f28d799b35470f53dd6e2","role":"PROVIDER"}[39m
[2026-02-23 14:35:27] [[32minfo[39m]: [32m[GATEWAY PROXY] PATCH /provider/profile/push-notification → http://localhost:4000/api/provider/profile/push-notification[39m
[2026-02-23 14:35:27] [[32minfo[39m]: [32mexpressReq.user : {"id":"698f28d799b35470f53dd6e2","role":"PROVIDER"}[39m
[2026-02-23 14:36:33] [[32minfo[39m]: [32m[GATEWAY PROXY] GET /provider/dashboard/stats → http://localhost:4000/api/provider/dashboard/stats[39m
[2026-02-23 14:36:33] [[32minfo[39m]: [32mexpressReq.user : {"id":"698f28d799b35470f53dd6e2","role":"PROVIDER"}[39m
[2026-02-23 14:36:42] [[32minfo[39m]: [32m[GATEWAY PROXY] GET /provider/ → http://localhost:4000/api/provider/[39m
[2026-02-23 14:36:42] [[32minfo[39m]: [32mexpressReq.user : {"id":"698f28d799b35470f53dd6e2","role":"PROVIDER"}[39m
[2026-02-23 14:36:45] [[32minfo[39m]: [32m[GATEWAY PROXY] GET /provider/bookings/?page=1&limit=10 → http://localhost:4000/api/provider/bookings/?page=1&limit=10[39m
[2026-02-23 14:36:45] [[32minfo[39m]: [32mexpressReq.user : {"id":"698f28d799b35470f53dd6e2","role":"PROVIDER"}[39m
[2026-02-23 14:36:47] [[32minfo[39m]: [32m[GATEWAY PROXY] GET /provider/subscriptions?page=1&limit=10 → http://localhost:4000/api/provider/subscriptions?page=1&limit=10[39m
[2026-02-23 14:36:47] [[32minfo[39m]: [32mexpressReq.user : {"id":"698f28d799b35470f53dd6e2","role":"PROVIDER"}[39m
[2026-02-23 14:43:09] [[32minfo[39m]: [32m[GATEWAY PROXY] GET /provider/subscriptions?page=1&limit=10 → http://localhost:4000/api/provider/subscriptions?page=1&limit=10[39m
[2026-02-23 14:43:09] [[32minfo[39m]: [32mexpressReq.user : {"id":"698f28d799b35470f53dd6e2","role":"PROVIDER"}[39m
[2026-02-23 14:43:13] [[32minfo[39m]: [32m[GATEWAY PROXY] GET /provider/subscriptions/699c173114de931b0b6fb5bf → http://localhost:4000/api/provider/subscriptions/699c173114de931b0b6fb5bf[39m
[2026-02-23 14:43:13] [[32minfo[39m]: [32mexpressReq.user : {"id":"698f28d799b35470f53dd6e2","role":"PROVIDER"}[39m
[2026-02-23 14:46:50] [[32minfo[39m]: [32m[GATEWAY PROXY] PATCH /provider/profile/push-notification → http://localhost:4000/api/provider/profile/push-notification[39m
[2026-02-23 14:46:50] [[32minfo[39m]: [32mexpressReq.user : {"id":"698f28d799b35470f53dd6e2","role":"PROVIDER"}[39m
[2026-02-23 14:46:50] [[32minfo[39m]: [32m[GATEWAY PROXY] PATCH /provider/profile/push-notification → http://localhost:4000/api/provider/profile/push-notification[39m
[2026-02-23 14:46:50] [[32minfo[39m]: [32mexpressReq.user : {"id":"698f28d799b35470f53dd6e2","role":"PROVIDER"}[39m
[2026-02-23 14:46:51] [[32minfo[39m]: [32m[GATEWAY PROXY] PATCH /provider/profile/push-notification → http://localhost:4000/api/provider/profile/push-notification[39m
[2026-02-23 14:46:51] [[32minfo[39m]: [32mexpressReq.user : {"id":"698f28d799b35470f53dd6e2","role":"PROVIDER"}[39m
[2026-02-23 15:07:38] [[32minfo[39m]: [32m[SLOTFLOW API GATEWAY] running on http://localhost:3000[39m
[2026-02-23 15:07:41] [[32minfo[39m]: [32m[SLOTFLOW API GATEWAY] running on http://localhost:3000[39m
[2026-02-23 15:12:03] [[32minfo[39m]: [32m[GATEWAY PROXY] PATCH /provider/profile/push-notification → http://localhost:4000/api/provider/profile/push-notification[39m
[2026-02-23 15:12:03] [[32minfo[39m]: [32mexpressReq.user : {"id":"698f28d799b35470f53dd6e2","role":"PROVIDER"}[39m
[2026-02-23 15:12:14] [[32minfo[39m]: [32m[GATEWAY PROXY] PATCH /provider/profile/push-notification → http://localhost:4000/api/provider/profile/push-notification[39m
[2026-02-23 15:12:14] [[32minfo[39m]: [32mexpressReq.user : {"id":"698f28d799b35470f53dd6e2","role":"PROVIDER"}[39m
[2026-02-23 15:12:26] [[32minfo[39m]: [32m[GATEWAY PROXY] PATCH /provider/profile/push-notification → http://localhost:4000/api/provider/profile/push-notification[39m
[2026-02-23 15:12:26] [[32minfo[39m]: [32mexpressReq.user : {"id":"698f28d799b35470f53dd6e2","role":"PROVIDER"}[39m
[2026-02-23 15:12:26] [[32minfo[39m]: [32m[GATEWAY PROXY] GET /payments/?page=1&limit=10 → http://localhost:7000/api/payments/?page=1&limit=10[39m
[2026-02-23 15:12:26] [[32minfo[39m]: [32mexpressReq.user : {"id":"698f28d799b35470f53dd6e2","role":"PROVIDER"}[39m
[2026-02-23 15:12:56] [[32minfo[39m]: [32m[GATEWAY PROXY] PATCH /provider/profile/push-notification → http://localhost:4000/api/provider/profile/push-notification[39m
[2026-02-23 15:12:56] [[32minfo[39m]: [32mexpressReq.user : {"id":"698f28d799b35470f53dd6e2","role":"PROVIDER"}[39m
[2026-02-23 15:12:56] [[32minfo[39m]: [32m[GATEWAY PROXY] GET /payments/?page=1&limit=10 → http://localhost:7000/api/payments/?page=1&limit=10[39m
[2026-02-23 15:12:56] [[32minfo[39m]: [32mexpressReq.user : {"id":"698f28d799b35470f53dd6e2","role":"PROVIDER"}[39m
[2026-02-23 15:13:05] [[32minfo[39m]: [32m[GATEWAY PROXY] PATCH /provider/profile/push-notification → http://localhost:4000/api/provider/profile/push-notification[39m
[2026-02-23 15:13:05] [[32minfo[39m]: [32mexpressReq.user : {"id":"698f28d799b35470f53dd6e2","role":"PROVIDER"}[39m
[2026-02-23 15:13:05] [[32minfo[39m]: [32m[GATEWAY PROXY] GET /payments/?page=1&limit=10 → http://localhost:7000/api/payments/?page=1&limit=10[39m
[2026-02-23 15:13:05] [[32minfo[39m]: [32mexpressReq.user : {"id":"698f28d799b35470f53dd6e2","role":"PROVIDER"}[39m
[2026-02-23 15:13:06] [[32minfo[39m]: [32m[GATEWAY PROXY] GET /payments/?page=1&limit=10 → http://localhost:7000/api/payments/?page=1&limit=10[39m
[2026-02-23 15:13:06] [[32minfo[39m]: [32mexpressReq.user : {"id":"698f28d799b35470f53dd6e2","role":"PROVIDER"}[39m
[2026-02-23 15:13:06] [[32minfo[39m]: [32m[GATEWAY PROXY] PATCH /provider/profile/push-notification → http://localhost:4000/api/provider/profile/push-notification[39m
[2026-02-23 15:13:06] [[32minfo[39m]: [32mexpressReq.user : {"id":"698f28d799b35470f53dd6e2","role":"PROVIDER"}[39m
[2026-02-23 15:13:10] [[32minfo[39m]: [32m[GATEWAY PROXY] GET /payments/?page=1&limit=10 → http://localhost:7000/api/payments/?page=1&limit=10[39m
[2026-02-23 15:13:10] [[32minfo[39m]: [32mexpressReq.user : {"id":"698f28d799b35470f53dd6e2","role":"PROVIDER"}[39m
[2026-02-23 15:13:10] [[32minfo[39m]: [32m[GATEWAY PROXY] PATCH /provider/profile/push-notification → http://localhost:4000/api/provider/profile/push-notification[39m
[2026-02-23 15:13:10] [[32minfo[39m]: [32mexpressReq.user : {"id":"698f28d799b35470f53dd6e2","role":"PROVIDER"}[39m
[2026-02-23 15:13:24] [[32minfo[39m]: [32m[GATEWAY PROXY] PATCH /provider/profile/push-notification → http://localhost:4000/api/provider/profile/push-notification[39m
[2026-02-23 15:13:24] [[32minfo[39m]: [32mexpressReq.user : {"id":"698f28d799b35470f53dd6e2","role":"PROVIDER"}[39m
[2026-02-23 15:13:24] [[32minfo[39m]: [32m[GATEWAY PROXY] GET /payments/?page=1&limit=10 → http://localhost:7000/api/payments/?page=1&limit=10[39m
[2026-02-23 15:13:24] [[32minfo[39m]: [32mexpressReq.user : {"id":"698f28d799b35470f53dd6e2","role":"PROVIDER"}[39m
[2026-02-23 15:13:41] [[32minfo[39m]: [32m[GATEWAY PROXY] PATCH /provider/profile/push-notification → http://localhost:4000/api/provider/profile/push-notification[39m
[2026-02-23 15:13:41] [[32minfo[39m]: [32mexpressReq.user : {"id":"698f28d799b35470f53dd6e2","role":"PROVIDER"}[39m
[2026-02-23 15:14:53] [[32minfo[39m]: [32m[GATEWAY PROXY] PATCH /provider/profile/push-notification → http://localhost:4000/api/provider/profile/push-notification[39m
[2026-02-23 15:14:53] [[32minfo[39m]: [32mexpressReq.user : {"id":"698f28d799b35470f53dd6e2","role":"PROVIDER"}[39m
[2026-02-23 15:14:53] [[32minfo[39m]: [32m[GATEWAY PROXY] GET /payments/?page=1&limit=10 → http://localhost:7000/api/payments/?page=1&limit=10[39m
[2026-02-23 15:14:53] [[32minfo[39m]: [32mexpressReq.user : {"id":"698f28d799b35470f53dd6e2","role":"PROVIDER"}[39m
[2026-02-23 15:14:59] [[32minfo[39m]: [32m[GATEWAY PROXY] GET /payments/?page=1&limit=10 → http://localhost:7000/api/payments/?page=1&limit=10[39m
[2026-02-23 15:14:59] [[32minfo[39m]: [32mexpressReq.user : {"id":"698f28d799b35470f53dd6e2","role":"PROVIDER"}[39m
[2026-02-23 15:14:59] [[32minfo[39m]: [32m[GATEWAY PROXY] PATCH /provider/profile/push-notification → http://localhost:4000/api/provider/profile/push-notification[39m
[2026-02-23 15:14:59] [[32minfo[39m]: [32mexpressReq.user : {"id":"698f28d799b35470f53dd6e2","role":"PROVIDER"}[39m
[2026-02-23 15:15:00] [[32minfo[39m]: [32m[GATEWAY PROXY] GET /payments/?page=1&limit=10 → http://localhost:7000/api/payments/?page=1&limit=10[39m
[2026-02-23 15:15:00] [[32minfo[39m]: [32mexpressReq.user : {"id":"698f28d799b35470f53dd6e2","role":"PROVIDER"}[39m
[2026-02-23 15:15:00] [[32minfo[39m]: [32m[GATEWAY PROXY] PATCH /provider/profile/push-notification → http://localhost:4000/api/provider/profile/push-notification[39m
[2026-02-23 15:15:00] [[32minfo[39m]: [32mexpressReq.user : {"id":"698f28d799b35470f53dd6e2","role":"PROVIDER"}[39m
[2026-02-23 15:15:02] [[32minfo[39m]: [32m[GATEWAY PROXY] GET /payments/?page=1&limit=10 → http://localhost:7000/api/payments/?page=1&limit=10[39m
[2026-02-23 15:15:02] [[32minfo[39m]: [32mexpressReq.user : {"id":"698f28d799b35470f53dd6e2","role":"PROVIDER"}[39m
[2026-02-23 15:15:02] [[32minfo[39m]: [32m[GATEWAY PROXY] PATCH /provider/profile/push-notification → http://localhost:4000/api/provider/profile/push-notification[39m
[2026-02-23 15:15:02] [[32minfo[39m]: [32mexpressReq.user : {"id":"698f28d799b35470f53dd6e2","role":"PROVIDER"}[39m
[2026-02-23 15:15:35] [[32minfo[39m]: [32m[GATEWAY PROXY] PATCH /provider/profile/push-notification → http://localhost:4000/api/provider/profile/push-notification[39m
[2026-02-23 15:15:35] [[32minfo[39m]: [32mexpressReq.user : {"id":"698f28d799b35470f53dd6e2","role":"PROVIDER"}[39m
[2026-02-23 15:15:36] [[32minfo[39m]: [32m[GATEWAY PROXY] GET /payments/?page=1&limit=10 → http://localhost:7000/api/payments/?page=1&limit=10[39m
[2026-02-23 15:15:36] [[32minfo[39m]: [32mexpressReq.user : {"id":"698f28d799b35470f53dd6e2","role":"PROVIDER"}[39m
[2026-02-23 15:15:50] [[32minfo[39m]: [32m[GATEWAY PROXY] GET /payments/?page=1&limit=10 → http://localhost:7000/api/payments/?page=1&limit=10[39m
[2026-02-23 15:15:50] [[32minfo[39m]: [32mexpressReq.user : {"id":"698f28d799b35470f53dd6e2","role":"PROVIDER"}[39m
[2026-02-23 15:15:50] [[32minfo[39m]: [32m[GATEWAY PROXY] PATCH /provider/profile/push-notification → http://localhost:4000/api/provider/profile/push-notification[39m
[2026-02-23 15:15:50] [[32minfo[39m]: [32mexpressReq.user : {"id":"698f28d799b35470f53dd6e2","role":"PROVIDER"}[39m
[2026-02-23 15:15:53] [[32minfo[39m]: [32m[GATEWAY PROXY] PATCH /provider/profile/push-notification → http://localhost:4000/api/provider/profile/push-notification[39m
[2026-02-23 15:15:53] [[32minfo[39m]: [32mexpressReq.user : {"id":"698f28d799b35470f53dd6e2","role":"PROVIDER"}[39m
[2026-02-23 15:15:53] [[32minfo[39m]: [32m[GATEWAY PROXY] GET /payments/?page=1&limit=10 → http://localhost:7000/api/payments/?page=1&limit=10[39m
[2026-02-23 15:15:53] [[32minfo[39m]: [32mexpressReq.user : {"id":"698f28d799b35470f53dd6e2","role":"PROVIDER"}[39m
[2026-02-23 15:16:41] [[32minfo[39m]: [32m[GATEWAY PROXY] GET /payments/?page=1&limit=10 → http://localhost:7000/api/payments/?page=1&limit=10[39m
[2026-02-23 15:16:41] [[32minfo[39m]: [32mexpressReq.user : {"id":"698f28d799b35470f53dd6e2","role":"PROVIDER"}[39m
[2026-02-23 15:16:41] [[32minfo[39m]: [32m[GATEWAY PROXY] PATCH /provider/profile/push-notification → http://localhost:4000/api/provider/profile/push-notification[39m
[2026-02-23 15:16:41] [[32minfo[39m]: [32mexpressReq.user : {"id":"698f28d799b35470f53dd6e2","role":"PROVIDER"}[39m
[2026-02-23 15:16:51] [[32minfo[39m]: [32m[GATEWAY PROXY] GET /payments/?page=1&limit=10 → http://localhost:7000/api/payments/?page=1&limit=10[39m
[2026-02-23 15:16:51] [[32minfo[39m]: [32mexpressReq.user : {"id":"698f28d799b35470f53dd6e2","role":"PROVIDER"}[39m
[2026-02-23 15:16:51] [[32minfo[39m]: [32m[GATEWAY PROXY] PATCH /provider/profile/push-notification → http://localhost:4000/api/provider/profile/push-notification[39m
[2026-02-23 15:16:51] [[32minfo[39m]: [32mexpressReq.user : {"id":"698f28d799b35470f53dd6e2","role":"PROVIDER"}[39m
[2026-02-23 15:16:52] [[32minfo[39m]: [32m[GATEWAY PROXY] GET /payments/?page=1&limit=10 → http://localhost:7000/api/payments/?page=1&limit=10[39m
[2026-02-23 15:16:52] [[32minfo[39m]: [32mexpressReq.user : {"id":"698f28d799b35470f53dd6e2","role":"PROVIDER"}[39m
[2026-02-23 15:16:52] [[32minfo[39m]: [32m[GATEWAY PROXY] PATCH /provider/profile/push-notification → http://localhost:4000/api/provider/profile/push-notification[39m
[2026-02-23 15:16:52] [[32minfo[39m]: [32mexpressReq.user : {"id":"698f28d799b35470f53dd6e2","role":"PROVIDER"}[39m
[2026-02-23 15:16:55] [[32minfo[39m]: [32m[GATEWAY PROXY] GET /payments/?page=1&limit=10 → http://localhost:7000/api/payments/?page=1&limit=10[39m
[2026-02-23 15:16:55] [[32minfo[39m]: [32mexpressReq.user : {"id":"698f28d799b35470f53dd6e2","role":"PROVIDER"}[39m
[2026-02-23 15:16:55] [[32minfo[39m]: [32m[GATEWAY PROXY] PATCH /provider/profile/push-notification → http://localhost:4000/api/provider/profile/push-notification[39m
[2026-02-23 15:16:55] [[32minfo[39m]: [32mexpressReq.user : {"id":"698f28d799b35470f53dd6e2","role":"PROVIDER"}[39m
[2026-02-23 15:17:19] [[32minfo[39m]: [32m[GATEWAY PROXY] PATCH /provider/profile/push-notification → http://localhost:4000/api/provider/profile/push-notification[39m
[2026-02-23 15:17:19] [[32minfo[39m]: [32mexpressReq.user : {"id":"698f28d799b35470f53dd6e2","role":"PROVIDER"}[39m
[2026-02-23 15:17:20] [[32minfo[39m]: [32m[GATEWAY PROXY] GET /payments/?page=1&limit=10 → http://localhost:7000/api/payments/?page=1&limit=10[39m
[2026-02-23 15:17:20] [[32minfo[39m]: [32mexpressReq.user : {"id":"698f28d799b35470f53dd6e2","role":"PROVIDER"}[39m
[2026-02-23 15:17:21] [[32minfo[39m]: [32m[GATEWAY PROXY] GET /payments/?page=1&limit=10 → http://localhost:7000/api/payments/?page=1&limit=10[39m
[2026-02-23 15:17:21] [[32minfo[39m]: [32mexpressReq.user : {"id":"698f28d799b35470f53dd6e2","role":"PROVIDER"}[39m
[2026-02-23 15:17:21] [[32minfo[39m]: [32m[GATEWAY PROXY] PATCH /provider/profile/push-notification → http://localhost:4000/api/provider/profile/push-notification[39m
[2026-02-23 15:17:21] [[32minfo[39m]: [32mexpressReq.user : {"id":"698f28d799b35470f53dd6e2","role":"PROVIDER"}[39m
[2026-02-23 15:42:27] [[32minfo[39m]: [32m[GATEWAY PROXY] PATCH /provider/profile/push-notification → http://localhost:4000/api/provider/profile/push-notification[39m
[2026-02-23 15:42:27] [[32minfo[39m]: [32mexpressReq.user : {"id":"698f28d799b35470f53dd6e2","role":"PROVIDER"}[39m
[2026-02-23 15:42:33] [[32minfo[39m]: [32m[GATEWAY PROXY] PATCH /provider/profile/push-notification → http://localhost:4000/api/provider/profile/push-notification[39m
[2026-02-23 15:42:33] [[32minfo[39m]: [32mexpressReq.user : {"id":"698f28d799b35470f53dd6e2","role":"PROVIDER"}[39m
[2026-02-23 15:42:33] [[32minfo[39m]: [32m[GATEWAY PROXY] GET /provider/payments?page=1&limit=10 → http://localhost:4000/api/provider/payments?page=1&limit=10[39m
[2026-02-23 15:42:33] [[32minfo[39m]: [32mexpressReq.user : {"id":"698f28d799b35470f53dd6e2","role":"PROVIDER"}[39m
[2026-02-23 15:42:43] [[32minfo[39m]: [32m[GATEWAY PROXY] GET /provider/payments?page=1&limit=10 → http://localhost:4000/api/provider/payments?page=1&limit=10[39m
[2026-02-23 15:42:43] [[32minfo[39m]: [32mexpressReq.user : {"id":"698f28d799b35470f53dd6e2","role":"PROVIDER"}[39m
[2026-02-23 15:42:43] [[32minfo[39m]: [32m[GATEWAY PROXY] PATCH /provider/profile/push-notification → http://localhost:4000/api/provider/profile/push-notification[39m
[2026-02-23 15:42:43] [[32minfo[39m]: [32mexpressReq.user : {"id":"698f28d799b35470f53dd6e2","role":"PROVIDER"}[39m
[2026-02-23 15:43:12] [[32minfo[39m]: [32m[GATEWAY PROXY] PATCH /provider/profile/push-notification → http://localhost:4000/api/provider/profile/push-notification[39m
[2026-02-23 15:43:12] [[32minfo[39m]: [32mexpressReq.user : {"id":"698f28d799b35470f53dd6e2","role":"PROVIDER"}[39m
[2026-02-23 15:43:12] [[32minfo[39m]: [32m[GATEWAY PROXY] GET /provider/payments?page=1&limit=10 → http://localhost:4000/api/provider/payments?page=1&limit=10[39m
[2026-02-23 15:43:12] [[32minfo[39m]: [32mexpressReq.user : {"id":"698f28d799b35470f53dd6e2","role":"PROVIDER"}[39m
[2026-02-23 15:46:13] [[32minfo[39m]: [32m[GATEWAY PROXY] PATCH /provider/profile/push-notification → http://localhost:4000/api/provider/profile/push-notification[39m
[2026-02-23 15:46:13] [[32minfo[39m]: [32mexpressReq.user : {"id":"698f28d799b35470f53dd6e2","role":"PROVIDER"}[39m
[2026-02-23 15:46:13] [[32minfo[39m]: [32m[GATEWAY PROXY] GET /provider/payments?page=1&limit=10 → http://localhost:4000/api/provider/payments?page=1&limit=10[39m
[2026-02-23 15:46:13] [[32minfo[39m]: [32mexpressReq.user : {"id":"698f28d799b35470f53dd6e2","role":"PROVIDER"}[39m
[2026-02-23 15:46:21] [[32minfo[39m]: [32m[GATEWAY PROXY] PATCH /provider/profile/push-notification → http://localhost:4000/api/provider/profile/push-notification[39m
[2026-02-23 15:46:21] [[32minfo[39m]: [32mexpressReq.user : {"id":"698f28d799b35470f53dd6e2","role":"PROVIDER"}[39m
[2026-02-23 15:46:21] [[32minfo[39m]: [32m[GATEWAY PROXY] GET /provider/payments?page=1&limit=10 → http://localhost:4000/api/provider/payments?page=1&limit=10[39m
[2026-02-23 15:46:21] [[32minfo[39m]: [32mexpressReq.user : {"id":"698f28d799b35470f53dd6e2","role":"PROVIDER"}[39m
[2026-02-23 15:46:27] [[32minfo[39m]: [32m[GATEWAY PROXY] PATCH /provider/profile/push-notification → http://localhost:4000/api/provider/profile/push-notification[39m
[2026-02-23 15:46:27] [[32minfo[39m]: [32mexpressReq.user : {"id":"698f28d799b35470f53dd6e2","role":"PROVIDER"}[39m
[2026-02-23 15:46:27] [[32minfo[39m]: [32m[GATEWAY PROXY] GET /provider/payments?page=1&limit=10 → http://localhost:4000/api/provider/payments?page=1&limit=10[39m
[2026-02-23 15:46:27] [[32minfo[39m]: [32mexpressReq.user : {"id":"698f28d799b35470f53dd6e2","role":"PROVIDER"}[39m
[2026-02-23 15:46:30] [[32minfo[39m]: [32m[GATEWAY PROXY] GET /provider/payments?page=1&limit=10 → http://localhost:4000/api/provider/payments?page=1&limit=10[39m
[2026-02-23 15:46:30] [[32minfo[39m]: [32mexpressReq.user : {"id":"698f28d799b35470f53dd6e2","role":"PROVIDER"}[39m
[2026-02-23 15:46:30] [[32minfo[39m]: [32m[GATEWAY PROXY] PATCH /provider/profile/push-notification → http://localhost:4000/api/provider/profile/push-notification[39m
[2026-02-23 15:46:30] [[32minfo[39m]: [32mexpressReq.user : {"id":"698f28d799b35470f53dd6e2","role":"PROVIDER"}[39m
[2026-02-23 15:46:37] [[32minfo[39m]: [32m[GATEWAY PROXY] PATCH /provider/profile/push-notification → http://localhost:4000/api/provider/profile/push-notification[39m
[2026-02-23 15:46:37] [[32minfo[39m]: [32mexpressReq.user : {"id":"698f28d799b35470f53dd6e2","role":"PROVIDER"}[39m
[2026-02-23 15:46:37] [[32minfo[39m]: [32m[GATEWAY PROXY] GET /provider/payments?page=1&limit=10 → http://localhost:4000/api/provider/payments?page=1&limit=10[39m
[2026-02-23 15:46:37] [[32minfo[39m]: [32mexpressReq.user : {"id":"698f28d799b35470f53dd6e2","role":"PROVIDER"}[39m
[2026-02-23 15:46:44] [[32minfo[39m]: [32m[GATEWAY PROXY] GET /provider/payments?page=1&limit=10 → http://localhost:4000/api/provider/payments?page=1&limit=10[39m
[2026-02-23 15:46:44] [[32minfo[39m]: [32mexpressReq.user : {"id":"698f28d799b35470f53dd6e2","role":"PROVIDER"}[39m
[2026-02-23 15:46:44] [[32minfo[39m]: [32m[GATEWAY PROXY] PATCH /provider/profile/push-notification → http://localhost:4000/api/provider/profile/push-notification[39m
[2026-02-23 15:46:44] [[32minfo[39m]: [32mexpressReq.user : {"id":"698f28d799b35470f53dd6e2","role":"PROVIDER"}[39m
[2026-02-23 15:48:33] [[32minfo[39m]: [32m[GATEWAY PROXY] GET /provider/payments?page=1&limit=10 → http://localhost:4000/api/provider/payments?page=1&limit=10[39m
[2026-02-23 15:48:33] [[32minfo[39m]: [32mexpressReq.user : {"id":"698f28d799b35470f53dd6e2","role":"PROVIDER"}[39m
[2026-02-23 15:48:33] [[32minfo[39m]: [32m[GATEWAY PROXY] PATCH /provider/profile/push-notification → http://localhost:4000/api/provider/profile/push-notification[39m
[2026-02-23 15:48:33] [[32minfo[39m]: [32mexpressReq.user : {"id":"698f28d799b35470f53dd6e2","role":"PROVIDER"}[39m
[2026-02-23 15:48:35] [[32minfo[39m]: [32m[GATEWAY PROXY] GET /provider/payments?page=1&limit=10 → http://localhost:4000/api/provider/payments?page=1&limit=10[39m
[2026-02-23 15:48:35] [[32minfo[39m]: [32mexpressReq.user : {"id":"698f28d799b35470f53dd6e2","role":"PROVIDER"}[39m
[2026-02-23 15:48:35] [[32minfo[39m]: [32m[GATEWAY PROXY] PATCH /provider/profile/push-notification → http://localhost:4000/api/provider/profile/push-notification[39m
[2026-02-23 15:48:35] [[32minfo[39m]: [32mexpressReq.user : {"id":"698f28d799b35470f53dd6e2","role":"PROVIDER"}[39m
[2026-02-23 15:48:39] [[32minfo[39m]: [32m[GATEWAY PROXY] PATCH /provider/profile/push-notification → http://localhost:4000/api/provider/profile/push-notification[39m
[2026-02-23 15:48:39] [[32minfo[39m]: [32mexpressReq.user : {"id":"698f28d799b35470f53dd6e2","role":"PROVIDER"}[39m
[2026-02-23 15:48:39] [[32minfo[39m]: [32m[GATEWAY PROXY] GET /provider/payments?page=1&limit=10 → http://localhost:4000/api/provider/payments?page=1&limit=10[39m
[2026-02-23 15:48:39] [[32minfo[39m]: [32mexpressReq.user : {"id":"698f28d799b35470f53dd6e2","role":"PROVIDER"}[39m
[2026-02-23 15:50:37] [[32minfo[39m]: [32m[GATEWAY PROXY] PATCH /provider/profile/push-notification → http://localhost:4000/api/provider/profile/push-notification[39m
[2026-02-23 15:50:37] [[32minfo[39m]: [32mexpressReq.user : {"id":"698f28d799b35470f53dd6e2","role":"PROVIDER"}[39m
[2026-02-23 15:50:37] [[32minfo[39m]: [32m[GATEWAY PROXY] GET /provider/payments?page=1&limit=10 → http://localhost:4000/api/provider/payments?page=1&limit=10[39m
[2026-02-23 15:50:37] [[32minfo[39m]: [32mexpressReq.user : {"id":"698f28d799b35470f53dd6e2","role":"PROVIDER"}[39m
[2026-02-23 15:51:56] [[32minfo[39m]: [32m[GATEWAY PROXY] PATCH /provider/profile/push-notification → http://localhost:4000/api/provider/profile/push-notification[39m
[2026-02-23 15:51:56] [[32minfo[39m]: [32mexpressReq.user : {"id":"698f28d799b35470f53dd6e2","role":"PROVIDER"}[39m
[2026-02-23 15:51:58] [[32minfo[39m]: [32m[GATEWAY PROXY] GET /provider/payments?page=1&limit=10 → http://localhost:4000/api/provider/payments?page=1&limit=10[39m
[2026-02-23 15:51:58] [[32minfo[39m]: [32mexpressReq.user : {"id":"698f28d799b35470f53dd6e2","role":"PROVIDER"}[39m
[2026-02-23 15:51:58] [[32minfo[39m]: [32m[GATEWAY PROXY] PATCH /provider/profile/push-notification → http://localhost:4000/api/provider/profile/push-notification[39m
[2026-02-23 15:51:58] [[32minfo[39m]: [32mexpressReq.user : {"id":"698f28d799b35470f53dd6e2","role":"PROVIDER"}[39m
[2026-02-23 15:52:34] [[32minfo[39m]: [32m[GATEWAY PROXY] PATCH /provider/profile/push-notification → http://localhost:4000/api/provider/profile/push-notification[39m
[2026-02-23 15:52:34] [[32minfo[39m]: [32mexpressReq.user : {"id":"698f28d799b35470f53dd6e2","role":"PROVIDER"}[39m
[2026-02-23 15:52:34] [[32minfo[39m]: [32m[GATEWAY PROXY] GET /provider/payments?page=1&limit=10 → http://localhost:4000/api/provider/payments?page=1&limit=10[39m
[2026-02-23 15:52:34] [[32minfo[39m]: [32mexpressReq.user : {"id":"698f28d799b35470f53dd6e2","role":"PROVIDER"}[39m
[2026-02-23 15:52:38] [[32minfo[39m]: [32m[GATEWAY PROXY] GET /provider/payments?page=1&limit=10 → http://localhost:4000/api/provider/payments?page=1&limit=10[39m
[2026-02-23 15:52:38] [[32minfo[39m]: [32mexpressReq.user : {"id":"698f28d799b35470f53dd6e2","role":"PROVIDER"}[39m
[2026-02-23 15:52:38] [[32minfo[39m]: [32m[GATEWAY PROXY] PATCH /provider/profile/push-notification → http://localhost:4000/api/provider/profile/push-notification[39m
[2026-02-23 15:52:38] [[32minfo[39m]: [32mexpressReq.user : {"id":"698f28d799b35470f53dd6e2","role":"PROVIDER"}[39m
[2026-02-23 15:53:03] [[32minfo[39m]: [32m[GATEWAY PROXY] GET /provider/payments?page=1&limit=10 → http://localhost:4000/api/provider/payments?page=1&limit=10[39m
[2026-02-23 15:53:03] [[32minfo[39m]: [32mexpressReq.user : {"id":"698f28d799b35470f53dd6e2","role":"PROVIDER"}[39m
[2026-02-23 15:53:03] [[32minfo[39m]: [32m[GATEWAY PROXY] PATCH /provider/profile/push-notification → http://localhost:4000/api/provider/profile/push-notification[39m
[2026-02-23 15:53:03] [[32minfo[39m]: [32mexpressReq.user : {"id":"698f28d799b35470f53dd6e2","role":"PROVIDER"}[39m
[2026-02-23 15:53:34] [[32minfo[39m]: [32m[GATEWAY PROXY] PATCH /provider/profile/push-notification → http://localhost:4000/api/provider/profile/push-notification[39m
[2026-02-23 15:53:34] [[32minfo[39m]: [32mexpressReq.user : {"id":"698f28d799b35470f53dd6e2","role":"PROVIDER"}[39m
[2026-02-23 16:06:06] [[32minfo[39m]: [32m[GATEWAY PROXY] PATCH /provider/profile/push-notification → http://localhost:4000/api/provider/profile/push-notification[39m
[2026-02-23 16:06:06] [[32minfo[39m]: [32mexpressReq.user : {"id":"698f28d799b35470f53dd6e2","role":"PROVIDER"}[39m
[2026-02-23 16:06:07] [[32minfo[39m]: [32m[GATEWAY PROXY] PATCH /provider/profile/push-notification → http://localhost:4000/api/provider/profile/push-notification[39m
[2026-02-23 16:06:07] [[32minfo[39m]: [32mexpressReq.user : {"id":"698f28d799b35470f53dd6e2","role":"PROVIDER"}[39m
[2026-02-23 16:06:29] [[32minfo[39m]: [32m[GATEWAY PROXY] PATCH /provider/profile/push-notification → http://localhost:4000/api/provider/profile/push-notification[39m
[2026-02-23 16:06:29] [[32minfo[39m]: [32mexpressReq.user : {"id":"698f28d799b35470f53dd6e2","role":"PROVIDER"}[39m
[2026-02-23 16:06:32] [[32minfo[39m]: [32m[GATEWAY PROXY] PATCH /provider/profile/push-notification → http://localhost:4000/api/provider/profile/push-notification[39m
[2026-02-23 16:06:32] [[32minfo[39m]: [32mexpressReq.user : {"id":"698f28d799b35470f53dd6e2","role":"PROVIDER"}[39m
[2026-02-23 16:06:36] [[32minfo[39m]: [32m[GATEWAY PROXY] PATCH /provider/profile/push-notification → http://localhost:4000/api/provider/profile/push-notification[39m
[2026-02-23 16:06:36] [[32minfo[39m]: [32mexpressReq.user : {"id":"698f28d799b35470f53dd6e2","role":"PROVIDER"}[39m
[2026-02-23 16:11:06] [[32minfo[39m]: [32m[GATEWAY PROXY] PATCH /provider/profile/push-notification → http://localhost:4000/api/provider/profile/push-notification[39m
[2026-02-23 16:11:06] [[32minfo[39m]: [32mexpressReq.user : {"id":"698f28d799b35470f53dd6e2","role":"PROVIDER"}[39m
[2026-02-23 16:11:18] [[32minfo[39m]: [32m[GATEWAY PROXY] PATCH /provider/profile/push-notification → http://localhost:4000/api/provider/profile/push-notification[39m
[2026-02-23 16:11:18] [[32minfo[39m]: [32mexpressReq.user : {"id":"698f28d799b35470f53dd6e2","role":"PROVIDER"}[39m
[2026-02-23 16:11:24] [[32minfo[39m]: [32m[GATEWAY PROXY] PATCH /provider/profile/push-notification → http://localhost:4000/api/provider/profile/push-notification[39m
[2026-02-23 16:11:24] [[32minfo[39m]: [32mexpressReq.user : {"id":"698f28d799b35470f53dd6e2","role":"PROVIDER"}[39m
[2026-02-23 16:11:30] [[32minfo[39m]: [32m[GATEWAY PROXY] PATCH /provider/profile/push-notification → http://localhost:4000/api/provider/profile/push-notification[39m
[2026-02-23 16:11:30] [[32minfo[39m]: [32mexpressReq.user : {"id":"698f28d799b35470f53dd6e2","role":"PROVIDER"}[39m
[2026-02-23 16:11:43] [[32minfo[39m]: [32m[GATEWAY PROXY] PATCH /provider/profile/push-notification → http://localhost:4000/api/provider/profile/push-notification[39m
[2026-02-23 16:11:43] [[32minfo[39m]: [32mexpressReq.user : {"id":"698f28d799b35470f53dd6e2","role":"PROVIDER"}[39m
[2026-02-23 16:11:44] [[32minfo[39m]: [32m[GATEWAY PROXY] PATCH /provider/profile/push-notification → http://localhost:4000/api/provider/profile/push-notification[39m
[2026-02-23 16:11:44] [[32minfo[39m]: [32mexpressReq.user : {"id":"698f28d799b35470f53dd6e2","role":"PROVIDER"}[39m
[2026-02-23 16:13:24] [[32minfo[39m]: [32m[GATEWAY PROXY] PATCH /provider/profile/push-notification → http://localhost:4000/api/provider/profile/push-notification[39m
[2026-02-23 16:13:24] [[32minfo[39m]: [32mexpressReq.user : {"id":"698f28d799b35470f53dd6e2","role":"PROVIDER"}[39m
[2026-02-23 16:13:24] [[32minfo[39m]: [32m[GATEWAY PROXY] PATCH /provider/profile/push-notification → http://localhost:4000/api/provider/profile/push-notification[39m
[2026-02-23 16:13:24] [[32minfo[39m]: [32mexpressReq.user : {"id":"698f28d799b35470f53dd6e2","role":"PROVIDER"}[39m
[2026-02-23 16:13:28] [[32minfo[39m]: [32m[GATEWAY PROXY] PATCH /provider/profile/push-notification → http://localhost:4000/api/provider/profile/push-notification[39m
[2026-02-23 16:13:28] [[32minfo[39m]: [32mexpressReq.user : {"id":"698f28d799b35470f53dd6e2","role":"PROVIDER"}[39m
[2026-02-23 16:15:22] [[32minfo[39m]: [32m[GATEWAY PROXY] PATCH /provider/profile/push-notification → http://localhost:4000/api/provider/profile/push-notification[39m
[2026-02-23 16:15:22] [[32minfo[39m]: [32mexpressReq.user : {"id":"698f28d799b35470f53dd6e2","role":"PROVIDER"}[39m
[2026-02-23 16:15:31] [[32minfo[39m]: [32m[GATEWAY PROXY] PATCH /provider/profile/push-notification → http://localhost:4000/api/provider/profile/push-notification[39m
[2026-02-23 16:15:31] [[32minfo[39m]: [32mexpressReq.user : {"id":"698f28d799b35470f53dd6e2","role":"PROVIDER"}[39m
[2026-02-23 16:15:32] [[32minfo[39m]: [32m[GATEWAY PROXY] PATCH /provider/profile/push-notification → http://localhost:4000/api/provider/profile/push-notification[39m
[2026-02-23 16:15:32] [[32minfo[39m]: [32mexpressReq.user : {"id":"698f28d799b35470f53dd6e2","role":"PROVIDER"}[39m
[2026-02-23 16:17:36] [[32minfo[39m]: [32m[GATEWAY PROXY] GET /payments/?page=1&limit=10 → http://localhost:7000/api/payments/?page=1&limit=10[39m
[2026-02-23 16:17:36] [[32minfo[39m]: [32mexpressReq.user : {"id":"698f28d799b35470f53dd6e2","role":"PROVIDER"}[39m
[2026-02-23 16:17:39] [[32minfo[39m]: [32m[GATEWAY PROXY] GET /payments/?page=1&limit=10 → http://localhost:7000/api/payments/?page=1&limit=10[39m
[2026-02-23 16:17:39] [[32minfo[39m]: [32mexpressReq.user : {"id":"698f28d799b35470f53dd6e2","role":"PROVIDER"}[39m
[2026-02-23 16:17:49] [[32minfo[39m]: [32m[GATEWAY PROXY] GET /payments/?page=1&limit=10 → http://localhost:7000/api/payments/?page=1&limit=10[39m
[2026-02-23 16:17:49] [[32minfo[39m]: [32mexpressReq.user : {"id":"698f28d799b35470f53dd6e2","role":"PROVIDER"}[39m
[2026-02-23 16:17:52] [[32minfo[39m]: [32m[GATEWAY PROXY] GET /provider/bookings/?page=1&limit=10 → http://localhost:4000/api/provider/bookings/?page=1&limit=10[39m
[2026-02-23 16:17:52] [[32minfo[39m]: [32mexpressReq.user : {"id":"698f28d799b35470f53dd6e2","role":"PROVIDER"}[39m
[2026-02-23 16:18:11] [[32minfo[39m]: [32m[GATEWAY PROXY] PATCH /provider/profile/push-notification → http://localhost:4000/api/provider/profile/push-notification[39m
[2026-02-23 16:18:11] [[32minfo[39m]: [32mexpressReq.user : {"id":"698f28d799b35470f53dd6e2","role":"PROVIDER"}[39m
[2026-02-23 16:18:11] [[32minfo[39m]: [32m[GATEWAY PROXY] GET /provider/bookings/?page=1&limit=10 → http://localhost:4000/api/provider/bookings/?page=1&limit=10[39m
[2026-02-23 16:18:11] [[32minfo[39m]: [32mexpressReq.user : {"id":"698f28d799b35470f53dd6e2","role":"PROVIDER"}[39m
[2026-02-23 16:19:25] [[32minfo[39m]: [32m[SLOTFLOW API GATEWAY] running on http://localhost:3000[39m
[2026-02-23 16:23:19] [[32minfo[39m]: [32m[GATEWAY PROXY] PATCH /provider/profile/push-notification → http://localhost:4000/api/provider/profile/push-notification[39m
[2026-02-23 16:23:19] [[32minfo[39m]: [32mexpressReq.user : {"id":"698f28d799b35470f53dd6e2","role":"PROVIDER"}[39m
[2026-02-23 16:23:19] [[32minfo[39m]: [32m[GATEWAY PROXY] PATCH /provider/profile/push-notification → http://localhost:4000/api/provider/profile/push-notification[39m
[2026-02-23 16:23:19] [[32minfo[39m]: [32mexpressReq.user : {"id":"698f28d799b35470f53dd6e2","role":"PROVIDER"}[39m
[2026-02-23 16:23:19] [[32minfo[39m]: [32m[GATEWAY PROXY] GET /provider/bookings/?page=1&limit=10 → http://localhost:4000/api/provider/bookings/?page=1&limit=10[39m
[2026-02-23 16:23:19] [[32minfo[39m]: [32mexpressReq.user : {"id":"698f28d799b35470f53dd6e2","role":"PROVIDER"}[39m
[2026-02-23 16:23:19] [[32minfo[39m]: [32m[GATEWAY PROXY] PATCH /provider/profile/push-notification → http://localhost:4000/api/provider/profile/push-notification[39m
[2026-02-23 16:23:19] [[32minfo[39m]: [32mexpressReq.user : {"id":"698f28d799b35470f53dd6e2","role":"PROVIDER"}[39m
[2026-02-23 16:23:29] [[32minfo[39m]: [32m[GATEWAY PROXY] PATCH /provider/profile/push-notification → http://localhost:4000/api/provider/profile/push-notification[39m
[2026-02-23 16:23:29] [[32minfo[39m]: [32mexpressReq.user : {"id":"698f28d799b35470f53dd6e2","role":"PROVIDER"}[39m
[2026-02-23 16:23:39] [[32minfo[39m]: [32m[GATEWAY PROXY] PATCH /provider/profile/push-notification → http://localhost:4000/api/provider/profile/push-notification[39m
[2026-02-23 16:23:39] [[32minfo[39m]: [32mexpressReq.user : {"id":"698f28d799b35470f53dd6e2","role":"PROVIDER"}[39m
[2026-02-23 16:23:41] [[32minfo[39m]: [32m[GATEWAY PROXY] PATCH /provider/profile/push-notification → http://localhost:4000/api/provider/profile/push-notification[39m
[2026-02-23 16:23:41] [[32minfo[39m]: [32mexpressReq.user : {"id":"698f28d799b35470f53dd6e2","role":"PROVIDER"}[39m
[2026-02-23 16:24:01] [[32minfo[39m]: [32m[GATEWAY PROXY] PATCH /provider/profile/push-notification → http://localhost:4000/api/provider/profile/push-notification[39m
[2026-02-23 16:24:01] [[32minfo[39m]: [32mexpressReq.user : {"id":"698f28d799b35470f53dd6e2","role":"PROVIDER"}[39m
[2026-02-23 16:24:07] [[32minfo[39m]: [32m[GATEWAY PROXY] PATCH /provider/profile/push-notification → http://localhost:4000/api/provider/profile/push-notification[39m
[2026-02-23 16:24:07] [[32minfo[39m]: [32mexpressReq.user : {"id":"698f28d799b35470f53dd6e2","role":"PROVIDER"}[39m
[2026-02-23 16:24:21] [[32minfo[39m]: [32m[GATEWAY PROXY] PATCH /provider/profile/push-notification → http://localhost:4000/api/provider/profile/push-notification[39m
[2026-02-23 16:24:21] [[32minfo[39m]: [32mexpressReq.user : {"id":"698f28d799b35470f53dd6e2","role":"PROVIDER"}[39m
[2026-02-23 16:24:35] [[32minfo[39m]: [32m[GATEWAY PROXY] PATCH /provider/profile/push-notification → http://localhost:4000/api/provider/profile/push-notification[39m
[2026-02-23 16:24:35] [[32minfo[39m]: [32mexpressReq.user : {"id":"698f28d799b35470f53dd6e2","role":"PROVIDER"}[39m
[2026-02-23 16:27:11] [[32minfo[39m]: [32m[GATEWAY PROXY] PATCH /provider/profile/push-notification → http://localhost:4000/api/provider/profile/push-notification[39m
[2026-02-23 16:27:11] [[32minfo[39m]: [32mexpressReq.user : {"id":"698f28d799b35470f53dd6e2","role":"PROVIDER"}[39m
[2026-02-23 16:27:11] [[32minfo[39m]: [32m[GATEWAY PROXY] GET /provider/bookings/?page=1&limit=10&online=false → http://localhost:4000/api/provider/bookings/?page=1&limit=10&online=false[39m
[2026-02-23 16:27:11] [[32minfo[39m]: [32mexpressReq.user : {"id":"698f28d799b35470f53dd6e2","role":"PROVIDER"}[39m
[2026-02-23 16:27:37] [[32minfo[39m]: [32m[GATEWAY PROXY] PATCH /provider/profile/push-notification → http://localhost:4000/api/provider/profile/push-notification[39m
[2026-02-23 16:27:37] [[32minfo[39m]: [32mexpressReq.user : {"id":"698f28d799b35470f53dd6e2","role":"PROVIDER"}[39m
[2026-02-23 16:27:48] [[32minfo[39m]: [32m[GATEWAY PROXY] PATCH /provider/profile/push-notification → http://localhost:4000/api/provider/profile/push-notification[39m
[2026-02-23 16:27:48] [[32minfo[39m]: [32mexpressReq.user : {"id":"698f28d799b35470f53dd6e2","role":"PROVIDER"}[39m
[2026-02-23 16:27:50] [[32minfo[39m]: [32m[GATEWAY PROXY] PATCH /provider/profile/push-notification → http://localhost:4000/api/provider/profile/push-notification[39m
[2026-02-23 16:27:50] [[32minfo[39m]: [32mexpressReq.user : {"id":"698f28d799b35470f53dd6e2","role":"PROVIDER"}[39m
[2026-02-23 16:29:58] [[32minfo[39m]: [32m[GATEWAY PROXY] PATCH /provider/profile/push-notification → http://localhost:4000/api/provider/profile/push-notification[39m
[2026-02-23 16:29:58] [[32minfo[39m]: [32mexpressReq.user : {"id":"698f28d799b35470f53dd6e2","role":"PROVIDER"}[39m
[2026-02-23 16:31:57] [[32minfo[39m]: [32m[GATEWAY PROXY] PATCH /provider/profile/push-notification → http://localhost:4000/api/provider/profile/push-notification[39m
[2026-02-23 16:31:57] [[32minfo[39m]: [32mexpressReq.user : {"id":"698f28d799b35470f53dd6e2","role":"PROVIDER"}[39m
[2026-02-23 16:31:58] [[32minfo[39m]: [32m[GATEWAY PROXY] GET /provider/bookings/?page=1&limit=10&online=false → http://localhost:4000/api/provider/bookings/?page=1&limit=10&online=false[39m
[2026-02-23 16:31:58] [[32minfo[39m]: [32mexpressReq.user : {"id":"698f28d799b35470f53dd6e2","role":"PROVIDER"}[39m
[2026-02-23 16:32:02] [[32minfo[39m]: [32m[GATEWAY PROXY] PATCH /provider/profile/push-notification → http://localhost:4000/api/provider/profile/push-notification[39m
[2026-02-23 16:32:02] [[32minfo[39m]: [32mexpressReq.user : {"id":"698f28d799b35470f53dd6e2","role":"PROVIDER"}[39m
[2026-02-23 16:32:03] [[32minfo[39m]: [32m[GATEWAY PROXY] GET /provider/bookings/?page=1&limit=10&online=false → http://localhost:4000/api/provider/bookings/?page=1&limit=10&online=false[39m
[2026-02-23 16:32:03] [[32minfo[39m]: [32mexpressReq.user : {"id":"698f28d799b35470f53dd6e2","role":"PROVIDER"}[39m
[2026-02-23 16:33:43] [[32minfo[39m]: [32m[GATEWAY PROXY] PATCH /provider/profile/push-notification → http://localhost:4000/api/provider/profile/push-notification[39m
[2026-02-23 16:33:43] [[32minfo[39m]: [32mexpressReq.user : {"id":"698f28d799b35470f53dd6e2","role":"PROVIDER"}[39m
[2026-02-23 16:33:43] [[32minfo[39m]: [32m[GATEWAY PROXY] GET /provider/bookings/?page=1&limit=10&online=false → http://localhost:4000/api/provider/bookings/?page=1&limit=10&online=false[39m
[2026-02-23 16:33:43] [[32minfo[39m]: [32mexpressReq.user : {"id":"698f28d799b35470f53dd6e2","role":"PROVIDER"}[39m
[2026-02-23 16:34:24] [[32minfo[39m]: [32m[GATEWAY PROXY] PATCH /provider/profile/push-notification → http://localhost:4000/api/provider/profile/push-notification[39m
[2026-02-23 16:34:24] [[32minfo[39m]: [32mexpressReq.user : {"id":"698f28d799b35470f53dd6e2","role":"PROVIDER"}[39m
[2026-02-23 16:34:24] [[32minfo[39m]: [32m[GATEWAY PROXY] GET /provider/bookings/?page=1&limit=10&online=false → http://localhost:4000/api/provider/bookings/?page=1&limit=10&online=false[39m
[2026-02-23 16:34:24] [[32minfo[39m]: [32mexpressReq.user : {"id":"698f28d799b35470f53dd6e2","role":"PROVIDER"}[39m
[2026-02-23 16:34:26] [[32minfo[39m]: [32m[GATEWAY PROXY] PATCH /provider/profile/push-notification → http://localhost:4000/api/provider/profile/push-notification[39m
[2026-02-23 16:34:26] [[32minfo[39m]: [32mexpressReq.user : {"id":"698f28d799b35470f53dd6e2","role":"PROVIDER"}[39m
[2026-02-23 16:34:26] [[32minfo[39m]: [32m[GATEWAY PROXY] GET /provider/bookings/?page=1&limit=10&online=false → http://localhost:4000/api/provider/bookings/?page=1&limit=10&online=false[39m
[2026-02-23 16:34:26] [[32minfo[39m]: [32mexpressReq.user : {"id":"698f28d799b35470f53dd6e2","role":"PROVIDER"}[39m
[2026-02-23 16:34:28] [[32minfo[39m]: [32m[GATEWAY PROXY] PATCH /provider/profile/push-notification → http://localhost:4000/api/provider/profile/push-notification[39m
[2026-02-23 16:34:28] [[32minfo[39m]: [32mexpressReq.user : {"id":"698f28d799b35470f53dd6e2","role":"PROVIDER"}[39m
[2026-02-23 16:34:30] [[32minfo[39m]: [32m[GATEWAY PROXY] GET /provider/bookings/?page=1&limit=10&online=false → http://localhost:4000/api/provider/bookings/?page=1&limit=10&online=false[39m
[2026-02-23 16:34:30] [[32minfo[39m]: [32mexpressReq.user : {"id":"698f28d799b35470f53dd6e2","role":"PROVIDER"}[39m
[2026-02-23 16:34:41] [[32minfo[39m]: [32m[GATEWAY PROXY] PATCH /provider/profile/push-notification → http://localhost:4000/api/provider/profile/push-notification[39m
[2026-02-23 16:34:41] [[32minfo[39m]: [32mexpressReq.user : {"id":"698f28d799b35470f53dd6e2","role":"PROVIDER"}[39m
[2026-02-23 16:34:42] [[32minfo[39m]: [32m[GATEWAY PROXY] GET /provider/bookings/?page=1&limit=10&online=false → http://localhost:4000/api/provider/bookings/?page=1&limit=10&online=false[39m
[2026-02-23 16:34:42] [[32minfo[39m]: [32mexpressReq.user : {"id":"698f28d799b35470f53dd6e2","role":"PROVIDER"}[39m
[2026-02-23 16:34:49] [[32minfo[39m]: [32m[GATEWAY PROXY] PATCH /provider/profile/push-notification → http://localhost:4000/api/provider/profile/push-notification[39m
[2026-02-23 16:34:49] [[32minfo[39m]: [32mexpressReq.user : {"id":"698f28d799b35470f53dd6e2","role":"PROVIDER"}[39m
[2026-02-23 16:34:49] [[32minfo[39m]: [32m[GATEWAY PROXY] GET /provider/bookings/?page=1&limit=10&online=false → http://localhost:4000/api/provider/bookings/?page=1&limit=10&online=false[39m
[2026-02-23 16:34:49] [[32minfo[39m]: [32mexpressReq.user : {"id":"698f28d799b35470f53dd6e2","role":"PROVIDER"}[39m
[2026-02-23 16:35:06] [[32minfo[39m]: [32m[GATEWAY PROXY] PATCH /provider/profile/push-notification → http://localhost:4000/api/provider/profile/push-notification[39m
[2026-02-23 16:35:06] [[32minfo[39m]: [32mexpressReq.user : {"id":"698f28d799b35470f53dd6e2","role":"PROVIDER"}[39m
[2026-02-23 16:35:06] [[32minfo[39m]: [32m[GATEWAY PROXY] GET /provider/bookings/?page=1&limit=10&online=false → http://localhost:4000/api/provider/bookings/?page=1&limit=10&online=false[39m
[2026-02-23 16:35:06] [[32minfo[39m]: [32mexpressReq.user : {"id":"698f28d799b35470f53dd6e2","role":"PROVIDER"}[39m
[2026-02-23 16:35:18] [[32minfo[39m]: [32m[GATEWAY PROXY] PATCH /provider/profile/push-notification → http://localhost:4000/api/provider/profile/push-notification[39m
[2026-02-23 16:35:18] [[32minfo[39m]: [32mexpressReq.user : {"id":"698f28d799b35470f53dd6e2","role":"PROVIDER"}[39m
[2026-02-23 16:35:18] [[32minfo[39m]: [32m[GATEWAY PROXY] GET /provider/bookings/?page=1&limit=10&online=false → http://localhost:4000/api/provider/bookings/?page=1&limit=10&online=false[39m
[2026-02-23 16:35:18] [[32minfo[39m]: [32mexpressReq.user : {"id":"698f28d799b35470f53dd6e2","role":"PROVIDER"}[39m
[2026-02-23 16:35:24] [[32minfo[39m]: [32m[GATEWAY PROXY] PATCH /provider/profile/push-notification → http://localhost:4000/api/provider/profile/push-notification[39m
[2026-02-23 16:35:24] [[32minfo[39m]: [32mexpressReq.user : {"id":"698f28d799b35470f53dd6e2","role":"PROVIDER"}[39m
[2026-02-23 16:35:24] [[32minfo[39m]: [32m[GATEWAY PROXY] GET /provider/bookings/?page=1&limit=10&online=false → http://localhost:4000/api/provider/bookings/?page=1&limit=10&online=false[39m
[2026-02-23 16:35:24] [[32minfo[39m]: [32mexpressReq.user : {"id":"698f28d799b35470f53dd6e2","role":"PROVIDER"}[39m
[2026-02-23 16:35:53] [[32minfo[39m]: [32m[GATEWAY PROXY] PATCH /provider/profile/push-notification → http://localhost:4000/api/provider/profile/push-notification[39m
[2026-02-23 16:35:53] [[32minfo[39m]: [32mexpressReq.user : {"id":"698f28d799b35470f53dd6e2","role":"PROVIDER"}[39m
[2026-02-23 16:35:53] [[32minfo[39m]: [32m[GATEWAY PROXY] GET /provider/bookings/?page=1&limit=10&online=false → http://localhost:4000/api/provider/bookings/?page=1&limit=10&online=false[39m
[2026-02-23 16:35:53] [[32minfo[39m]: [32mexpressReq.user : {"id":"698f28d799b35470f53dd6e2","role":"PROVIDER"}[39m
[2026-02-23 16:36:01] [[32minfo[39m]: [32m[GATEWAY PROXY] PATCH /provider/profile/push-notification → http://localhost:4000/api/provider/profile/push-notification[39m
[2026-02-23 16:36:01] [[32minfo[39m]: [32mexpressReq.user : {"id":"698f28d799b35470f53dd6e2","role":"PROVIDER"}[39m
[2026-02-23 16:36:01] [[32minfo[39m]: [32m[GATEWAY PROXY] GET /provider/bookings/?page=1&limit=10&online=false → http://localhost:4000/api/provider/bookings/?page=1&limit=10&online=false[39m
[2026-02-23 16:36:01] [[32minfo[39m]: [32mexpressReq.user : {"id":"698f28d799b35470f53dd6e2","role":"PROVIDER"}[39m
[2026-02-23 16:36:07] [[32minfo[39m]: [32m[GATEWAY PROXY] GET /provider/bookings/?page=1&limit=10&online=false → http://localhost:4000/api/provider/bookings/?page=1&limit=10&online=false[39m
[2026-02-23 16:36:07] [[32minfo[39m]: [32mexpressReq.user : {"id":"698f28d799b35470f53dd6e2","role":"PROVIDER"}[39m
[2026-02-23 16:36:07] [[32minfo[39m]: [32m[GATEWAY PROXY] PATCH /provider/profile/push-notification → http://localhost:4000/api/provider/profile/push-notification[39m
[2026-02-23 16:36:07] [[32minfo[39m]: [32mexpressReq.user : {"id":"698f28d799b35470f53dd6e2","role":"PROVIDER"}[39m
[2026-02-23 16:36:22] [[32minfo[39m]: [32m[GATEWAY PROXY] PATCH /provider/profile/push-notification → http://localhost:4000/api/provider/profile/push-notification[39m
[2026-02-23 16:36:22] [[32minfo[39m]: [32mexpressReq.user : {"id":"698f28d799b35470f53dd6e2","role":"PROVIDER"}[39m
[2026-02-23 16:36:22] [[32minfo[39m]: [32m[GATEWAY PROXY] GET /provider/bookings/?page=1&limit=10&online=false → http://localhost:4000/api/provider/bookings/?page=1&limit=10&online=false[39m
[2026-02-23 16:36:22] [[32minfo[39m]: [32mexpressReq.user : {"id":"698f28d799b35470f53dd6e2","role":"PROVIDER"}[39m
[2026-02-23 16:36:24] [[32minfo[39m]: [32m[GATEWAY PROXY] GET /provider/bookings/?page=1&limit=10&online=false → http://localhost:4000/api/provider/bookings/?page=1&limit=10&online=false[39m
[2026-02-23 16:36:24] [[32minfo[39m]: [32mexpressReq.user : {"id":"698f28d799b35470f53dd6e2","role":"PROVIDER"}[39m
[2026-02-23 16:36:24] [[32minfo[39m]: [32m[GATEWAY PROXY] PATCH /provider/profile/push-notification → http://localhost:4000/api/provider/profile/push-notification[39m
[2026-02-23 16:36:24] [[32minfo[39m]: [32mexpressReq.user : {"id":"698f28d799b35470f53dd6e2","role":"PROVIDER"}[39m
[2026-02-23 16:36:58] [[32minfo[39m]: [32m[GATEWAY PROXY] PATCH /provider/profile/push-notification → http://localhost:4000/api/provider/profile/push-notification[39m
[2026-02-23 16:36:58] [[32minfo[39m]: [32mexpressReq.user : {"id":"698f28d799b35470f53dd6e2","role":"PROVIDER"}[39m
[2026-02-23 16:36:58] [[32minfo[39m]: [32m[GATEWAY PROXY] GET /provider/bookings/?page=1&limit=10&online=false → http://localhost:4000/api/provider/bookings/?page=1&limit=10&online=false[39m
[2026-02-23 16:36:58] [[32minfo[39m]: [32mexpressReq.user : {"id":"698f28d799b35470f53dd6e2","role":"PROVIDER"}[39m
[2026-02-23 16:37:26] [[32minfo[39m]: [32m[GATEWAY PROXY] PATCH /provider/profile/push-notification → http://localhost:4000/api/provider/profile/push-notification[39m
[2026-02-23 16:37:26] [[32minfo[39m]: [32mexpressReq.user : {"id":"698f28d799b35470f53dd6e2","role":"PROVIDER"}[39m
[2026-02-23 16:37:40] [[32minfo[39m]: [32m[GATEWAY PROXY] PATCH /provider/profile/push-notification → http://localhost:4000/api/provider/profile/push-notification[39m
[2026-02-23 16:37:40] [[32minfo[39m]: [32mexpressReq.user : {"id":"698f28d799b35470f53dd6e2","role":"PROVIDER"}[39m
[2026-02-23 16:37:43] [[32minfo[39m]: [32m[GATEWAY PROXY] PATCH /provider/profile/push-notification → http://localhost:4000/api/provider/profile/push-notification[39m
[2026-02-23 16:37:43] [[32minfo[39m]: [32mexpressReq.user : {"id":"698f28d799b35470f53dd6e2","role":"PROVIDER"}[39m
[2026-02-23 16:37:45] [[32minfo[39m]: [32m[GATEWAY PROXY] PATCH /provider/profile/push-notification → http://localhost:4000/api/provider/profile/push-notification[39m
[2026-02-23 16:37:45] [[32minfo[39m]: [32mexpressReq.user : {"id":"698f28d799b35470f53dd6e2","role":"PROVIDER"}[39m
[2026-02-23 16:37:49] [[32minfo[39m]: [32m[GATEWAY PROXY] PATCH /provider/profile/push-notification → http://localhost:4000/api/provider/profile/push-notification[39m
[2026-02-23 16:37:49] [[32minfo[39m]: [32mexpressReq.user : {"id":"698f28d799b35470f53dd6e2","role":"PROVIDER"}[39m
[2026-02-23 16:37:58] [[32minfo[39m]: [32m[GATEWAY PROXY] PATCH /provider/profile/push-notification → http://localhost:4000/api/provider/profile/push-notification[39m
[2026-02-23 16:37:58] [[32minfo[39m]: [32mexpressReq.user : {"id":"698f28d799b35470f53dd6e2","role":"PROVIDER"}[39m
[2026-02-23 16:38:08] [[32minfo[39m]: [32m[GATEWAY PROXY] PATCH /provider/profile/push-notification → http://localhost:4000/api/provider/profile/push-notification[39m
[2026-02-23 16:38:08] [[32minfo[39m]: [32mexpressReq.user : {"id":"698f28d799b35470f53dd6e2","role":"PROVIDER"}[39m
[2026-02-23 16:38:44] [[32minfo[39m]: [32m[GATEWAY PROXY] PATCH /provider/profile/push-notification → http://localhost:4000/api/provider/profile/push-notification[39m
[2026-02-23 16:38:44] [[32minfo[39m]: [32mexpressReq.user : {"id":"698f28d799b35470f53dd6e2","role":"PROVIDER"}[39m
[2026-02-23 16:38:47] [[32minfo[39m]: [32m[GATEWAY PROXY] PATCH /provider/profile/push-notification → http://localhost:4000/api/provider/profile/push-notification[39m
[2026-02-23 16:38:47] [[32minfo[39m]: [32mexpressReq.user : {"id":"698f28d799b35470f53dd6e2","role":"PROVIDER"}[39m
[2026-02-23 16:38:49] [[32minfo[39m]: [32m[GATEWAY PROXY] PATCH /provider/profile/push-notification → http://localhost:4000/api/provider/profile/push-notification[39m
[2026-02-23 16:38:49] [[32minfo[39m]: [32mexpressReq.user : {"id":"698f28d799b35470f53dd6e2","role":"PROVIDER"}[39m
[2026-02-23 16:38:57] [[32minfo[39m]: [32m[GATEWAY PROXY] PATCH /provider/profile/push-notification → http://localhost:4000/api/provider/profile/push-notification[39m
[2026-02-23 16:38:57] [[32minfo[39m]: [32mexpressReq.user : {"id":"698f28d799b35470f53dd6e2","role":"PROVIDER"}[39m
[2026-02-23 16:39:47] [[32minfo[39m]: [32m[GATEWAY PROXY] PATCH /provider/profile/push-notification → http://localhost:4000/api/provider/profile/push-notification[39m
[2026-02-23 16:39:47] [[32minfo[39m]: [32mexpressReq.user : {"id":"698f28d799b35470f53dd6e2","role":"PROVIDER"}[39m
[2026-02-23 16:39:47] [[32minfo[39m]: [32m[GATEWAY PROXY] GET /provider/bookings/?page=1&limit=10&online=false → http://localhost:4000/api/provider/bookings/?page=1&limit=10&online=false[39m
[2026-02-23 16:39:47] [[32minfo[39m]: [32mexpressReq.user : {"id":"698f28d799b35470f53dd6e2","role":"PROVIDER"}[39m
[2026-02-23 16:40:16] [[32minfo[39m]: [32m[GATEWAY PROXY] PATCH /provider/profile/push-notification → http://localhost:4000/api/provider/profile/push-notification[39m
[2026-02-23 16:40:16] [[32minfo[39m]: [32mexpressReq.user : {"id":"698f28d799b35470f53dd6e2","role":"PROVIDER"}[39m
[2026-02-23 16:40:16] [[32minfo[39m]: [32m[GATEWAY PROXY] GET /provider/bookings/?page=1&limit=10&online=false → http://localhost:4000/api/provider/bookings/?page=1&limit=10&online=false[39m
[2026-02-23 16:40:16] [[32minfo[39m]: [32mexpressReq.user : {"id":"698f28d799b35470f53dd6e2","role":"PROVIDER"}[39m
[2026-02-23 16:40:20] [[32minfo[39m]: [32m[GATEWAY PROXY] GET /provider/bookings/?page=1&limit=10&online=false → http://localhost:4000/api/provider/bookings/?page=1&limit=10&online=false[39m
[2026-02-23 16:40:20] [[32minfo[39m]: [32mexpressReq.user : {"id":"698f28d799b35470f53dd6e2","role":"PROVIDER"}[39m
[2026-02-23 16:40:20] [[32minfo[39m]: [32m[GATEWAY PROXY] PATCH /provider/profile/push-notification → http://localhost:4000/api/provider/profile/push-notification[39m
[2026-02-23 16:40:20] [[32minfo[39m]: [32mexpressReq.user : {"id":"698f28d799b35470f53dd6e2","role":"PROVIDER"}[39m
[2026-02-23 16:40:26] [[32minfo[39m]: [32m[GATEWAY PROXY] PATCH /provider/profile/push-notification → http://localhost:4000/api/provider/profile/push-notification[39m
[2026-02-23 16:40:26] [[32minfo[39m]: [32mexpressReq.user : {"id":"698f28d799b35470f53dd6e2","role":"PROVIDER"}[39m
[2026-02-23 16:40:26] [[32minfo[39m]: [32m[GATEWAY PROXY] GET /provider/bookings/?page=1&limit=10&online=false → http://localhost:4000/api/provider/bookings/?page=1&limit=10&online=false[39m
[2026-02-23 16:40:26] [[32minfo[39m]: [32mexpressReq.user : {"id":"698f28d799b35470f53dd6e2","role":"PROVIDER"}[39m
[2026-02-23 16:40:47] [[32minfo[39m]: [32m[GATEWAY PROXY] PATCH /provider/profile/push-notification → http://localhost:4000/api/provider/profile/push-notification[39m
[2026-02-23 16:40:47] [[32minfo[39m]: [32mexpressReq.user : {"id":"698f28d799b35470f53dd6e2","role":"PROVIDER"}[39m
[2026-02-23 16:40:47] [[32minfo[39m]: [32m[GATEWAY PROXY] GET /provider/bookings/?page=1&limit=10&online=false → http://localhost:4000/api/provider/bookings/?page=1&limit=10&online=false[39m
[2026-02-23 16:40:47] [[32minfo[39m]: [32mexpressReq.user : {"id":"698f28d799b35470f53dd6e2","role":"PROVIDER"}[39m
[2026-02-23 17:07:19] [[32minfo[39m]: [32m[GATEWAY PROXY] PATCH /provider/profile/push-notification → http://localhost:4000/api/provider/profile/push-notification[39m
[2026-02-23 17:07:19] [[32minfo[39m]: [32mexpressReq.user : {"id":"698f28d799b35470f53dd6e2","role":"PROVIDER"}[39m
[2026-02-23 17:07:19] [[32minfo[39m]: [32m[GATEWAY PROXY] GET /provider/bookings/?page=1&limit=10&online=false → http://localhost:4000/api/provider/bookings/?page=1&limit=10&online=false[39m
[2026-02-23 17:07:19] [[32minfo[39m]: [32mexpressReq.user : {"id":"698f28d799b35470f53dd6e2","role":"PROVIDER"}[39m
[2026-02-23 17:07:25] [[32minfo[39m]: [32m[GATEWAY PROXY] PATCH /provider/profile/push-notification → http://localhost:4000/api/provider/profile/push-notification[39m
[2026-02-23 17:07:25] [[32minfo[39m]: [32mexpressReq.user : {"id":"698f28d799b35470f53dd6e2","role":"PROVIDER"}[39m
[2026-02-23 17:07:25] [[32minfo[39m]: [32m[GATEWAY PROXY] GET /provider/bookings/?page=1&limit=10&online=false → http://localhost:4000/api/provider/bookings/?page=1&limit=10&online=false[39m
[2026-02-23 17:07:25] [[32minfo[39m]: [32mexpressReq.user : {"id":"698f28d799b35470f53dd6e2","role":"PROVIDER"}[39m
[2026-02-23 17:07:35] [[32minfo[39m]: [32m[GATEWAY PROXY] PATCH /provider/profile/push-notification → http://localhost:4000/api/provider/profile/push-notification[39m
[2026-02-23 17:07:35] [[32minfo[39m]: [32mexpressReq.user : {"id":"698f28d799b35470f53dd6e2","role":"PROVIDER"}[39m
[2026-02-23 17:07:35] [[32minfo[39m]: [32m[GATEWAY PROXY] GET /provider/bookings/?page=1&limit=10&online=false → http://localhost:4000/api/provider/bookings/?page=1&limit=10&online=false[39m
[2026-02-23 17:07:35] [[32minfo[39m]: [32mexpressReq.user : {"id":"698f28d799b35470f53dd6e2","role":"PROVIDER"}[39m
[2026-02-23 17:08:03] [[32minfo[39m]: [32m[GATEWAY PROXY] PATCH /provider/profile/push-notification → http://localhost:4000/api/provider/profile/push-notification[39m
[2026-02-23 17:08:03] [[32minfo[39m]: [32mexpressReq.user : {"id":"698f28d799b35470f53dd6e2","role":"PROVIDER"}[39m
[2026-02-23 17:08:03] [[32minfo[39m]: [32m[GATEWAY PROXY] GET /provider/bookings/?page=1&limit=10&online=false → http://localhost:4000/api/provider/bookings/?page=1&limit=10&online=false[39m
[2026-02-23 17:08:03] [[32minfo[39m]: [32mexpressReq.user : {"id":"698f28d799b35470f53dd6e2","role":"PROVIDER"}[39m
[2026-02-23 17:10:50] [[32minfo[39m]: [32m[GATEWAY PROXY] PATCH /provider/profile/push-notification → http://localhost:4000/api/provider/profile/push-notification[39m
[2026-02-23 17:10:50] [[32minfo[39m]: [32mexpressReq.user : {"id":"698f28d799b35470f53dd6e2","role":"PROVIDER"}[39m
[2026-02-23 17:10:50] [[32minfo[39m]: [32m[GATEWAY PROXY] GET /provider/bookings/?page=1&limit=10&online=false → http://localhost:4000/api/provider/bookings/?page=1&limit=10&online=false[39m
[2026-02-23 17:10:50] [[32minfo[39m]: [32mexpressReq.user : {"id":"698f28d799b35470f53dd6e2","role":"PROVIDER"}[39m
[2026-02-23 18:43:46] [[32minfo[39m]: [32m[GATEWAY PROXY] GET /payments/?page=1&limit=10 → http://localhost:7000/api/payments/?page=1&limit=10[39m
[2026-02-23 18:43:46] [[32minfo[39m]: [32mexpressReq.user : {"id":"698f28d799b35470f53dd6e2","role":"PROVIDER"}[39m
[2026-02-23 18:43:48] [[32minfo[39m]: [32m[GATEWAY PROXY] GET /payments/?page=1&limit=10 → http://localhost:7000/api/payments/?page=1&limit=10[39m
[2026-02-23 18:43:48] [[32minfo[39m]: [32mexpressReq.user : {"id":"698f28d799b35470f53dd6e2","role":"PROVIDER"}[39m
[2026-02-23 18:43:50] [[32minfo[39m]: [32m[GATEWAY PROXY] GET /payments/?page=1&limit=10 → http://localhost:7000/api/payments/?page=1&limit=10[39m
[2026-02-23 18:43:50] [[32minfo[39m]: [32mexpressReq.user : {"id":"698f28d799b35470f53dd6e2","role":"PROVIDER"}[39m
[2026-02-23 18:43:54] [[32minfo[39m]: [32m[GATEWAY PROXY] GET /payments/?page=1&limit=10 → http://localhost:7000/api/payments/?page=1&limit=10[39m
[2026-02-23 18:43:54] [[32minfo[39m]: [32mexpressReq.user : {"id":"698f28d799b35470f53dd6e2","role":"PROVIDER"}[39m
[2026-02-23 18:45:36] [[32minfo[39m]: [32m[GATEWAY PROXY] PATCH /provider/profile/push-notification → http://localhost:4000/api/provider/profile/push-notification[39m
[2026-02-23 18:45:36] [[32minfo[39m]: [32mexpressReq.user : {"id":"698f28d799b35470f53dd6e2","role":"PROVIDER"}[39m
[2026-02-23 18:45:36] [[32minfo[39m]: [32m[GATEWAY PROXY] GET /payments/?page=1&limit=10 → http://localhost:7000/api/payments/?page=1&limit=10[39m
[2026-02-23 18:45:36] [[32minfo[39m]: [32mexpressReq.user : {"id":"698f28d799b35470f53dd6e2","role":"PROVIDER"}[39m
[2026-02-23 18:45:38] [[32minfo[39m]: [32m[GATEWAY PROXY] GET /payments/?page=1&limit=10 → http://localhost:7000/api/payments/?page=1&limit=10[39m
[2026-02-23 18:45:38] [[32minfo[39m]: [32mexpressReq.user : {"id":"698f28d799b35470f53dd6e2","role":"PROVIDER"}[39m
[2026-02-23 18:46:25] [[32minfo[39m]: [32m[GATEWAY PROXY] GET /payments/?page=1&limit=10 → http://localhost:7000/api/payments/?page=1&limit=10[39m
[2026-02-23 18:46:25] [[32minfo[39m]: [32mexpressReq.user : {"id":"698f28d799b35470f53dd6e2","role":"PROVIDER"}[39m
[2026-02-23 18:58:02] [[32minfo[39m]: [32m[GATEWAY PROXY] GET /payments/?page=1&limit=10 → http://localhost:7000/api/payments/?page=1&limit=10[39m
[2026-02-23 18:58:02] [[32minfo[39m]: [32mexpressReq.user : {"id":"698f28d799b35470f53dd6e2","role":"PROVIDER"}[39m
[2026-02-23 19:01:52] [[32minfo[39m]: [32m[GATEWAY PROXY] PATCH /provider/profile/push-notification → http://localhost:4000/api/provider/profile/push-notification[39m
[2026-02-23 19:01:52] [[32minfo[39m]: [32mexpressReq.user : {"id":"698f28d799b35470f53dd6e2","role":"PROVIDER"}[39m
[2026-02-23 19:01:52] [[32minfo[39m]: [32m[GATEWAY PROXY] GET /payments/?page=1&limit=10 → http://localhost:7000/api/payments/?page=1&limit=10[39m
[2026-02-23 19:01:52] [[32minfo[39m]: [32mexpressReq.user : {"id":"698f28d799b35470f53dd6e2","role":"PROVIDER"}[39m
[2026-02-23 19:25:56] [[32minfo[39m]: [32m[GATEWAY PROXY] GET /payments/?page=1&limit=10 → http://localhost:7000/api/payments/?page=1&limit=10[39m
[2026-02-23 19:25:56] [[32minfo[39m]: [32mexpressReq.user : {"id":"698f28d799b35470f53dd6e2","role":"PROVIDER"}[39m
[2026-02-23 19:25:56] [[32minfo[39m]: [32m[GATEWAY PROXY] PATCH /provider/profile/push-notification → http://localhost:4000/api/provider/profile/push-notification[39m
[2026-02-23 19:25:56] [[32minfo[39m]: [32mexpressReq.user : {"id":"698f28d799b35470f53dd6e2","role":"PROVIDER"}[39m
[2026-02-23 19:30:37] [[32minfo[39m]: [32m[GATEWAY PROXY] PATCH /provider/profile/push-notification → http://localhost:4000/api/provider/profile/push-notification[39m
[2026-02-23 19:30:37] [[32minfo[39m]: [32mexpressReq.user : {"id":"698f28d799b35470f53dd6e2","role":"PROVIDER"}[39m
[2026-02-23 19:30:37] [[32minfo[39m]: [32m[GATEWAY PROXY] GET /payments/?page=1&limit=10 → http://localhost:7000/api/payments/?page=1&limit=10[39m
[2026-02-23 19:30:37] [[32minfo[39m]: [32mexpressReq.user : {"id":"698f28d799b35470f53dd6e2","role":"PROVIDER"}[39m
[2026-02-23 19:30:43] [[32minfo[39m]: [32m[GATEWAY PROXY] PATCH /provider/profile/push-notification → http://localhost:4000/api/provider/profile/push-notification[39m
[2026-02-23 19:30:43] [[32minfo[39m]: [32mexpressReq.user : {"id":"698f28d799b35470f53dd6e2","role":"PROVIDER"}[39m
[2026-02-23 19:30:43] [[32minfo[39m]: [32m[GATEWAY PROXY] GET /payments/?page=1&limit=10 → http://localhost:7000/api/payments/?page=1&limit=10[39m
[2026-02-23 19:30:43] [[32minfo[39m]: [32mexpressReq.user : {"id":"698f28d799b35470f53dd6e2","role":"PROVIDER"}[39m
[2026-02-23 19:33:24] [[32minfo[39m]: [32m[GATEWAY PROXY] GET /payments/?page=1&limit=10 → http://localhost:7000/api/payments/?page=1&limit=10[39m
[2026-02-23 19:33:24] [[32minfo[39m]: [32mexpressReq.user : {"id":"698f28d799b35470f53dd6e2","role":"PROVIDER"}[39m
[2026-02-23 19:33:24] [[32minfo[39m]: [32m[GATEWAY PROXY] PATCH /provider/profile/push-notification → http://localhost:4000/api/provider/profile/push-notification[39m
[2026-02-23 19:33:24] [[32minfo[39m]: [32mexpressReq.user : {"id":"698f28d799b35470f53dd6e2","role":"PROVIDER"}[39m
[2026-02-23 19:34:01] [[32minfo[39m]: [32m[GATEWAY PROXY] PATCH /provider/profile/push-notification → http://localhost:4000/api/provider/profile/push-notification[39m
[2026-02-23 19:34:01] [[32minfo[39m]: [32mexpressReq.user : {"id":"698f28d799b35470f53dd6e2","role":"PROVIDER"}[39m
[2026-02-23 19:34:01] [[32minfo[39m]: [32m[GATEWAY PROXY] GET /payments/?page=1&limit=10 → http://localhost:7000/api/payments/?page=1&limit=10[39m
[2026-02-23 19:34:01] [[32minfo[39m]: [32mexpressReq.user : {"id":"698f28d799b35470f53dd6e2","role":"PROVIDER"}[39m
[2026-02-23 19:34:18] [[32minfo[39m]: [32m[GATEWAY PROXY] PATCH /provider/profile/push-notification → http://localhost:4000/api/provider/profile/push-notification[39m
[2026-02-23 19:34:18] [[32minfo[39m]: [32mexpressReq.user : {"id":"698f28d799b35470f53dd6e2","role":"PROVIDER"}[39m
[2026-02-23 19:34:18] [[32minfo[39m]: [32m[GATEWAY PROXY] GET /payments/?page=1&limit=10 → http://localhost:7000/api/payments/?page=1&limit=10[39m
[2026-02-23 19:34:18] [[32minfo[39m]: [32mexpressReq.user : {"id":"698f28d799b35470f53dd6e2","role":"PROVIDER"}[39m
[2026-02-23 19:34:26] [[32minfo[39m]: [32m[GATEWAY PROXY] PATCH /provider/profile/push-notification → http://localhost:4000/api/provider/profile/push-notification[39m
[2026-02-23 19:34:26] [[32minfo[39m]: [32mexpressReq.user : {"id":"698f28d799b35470f53dd6e2","role":"PROVIDER"}[39m
[2026-02-23 19:34:26] [[32minfo[39m]: [32m[GATEWAY PROXY] GET /payments/?page=1&limit=10 → http://localhost:7000/api/payments/?page=1&limit=10[39m
[2026-02-23 19:34:26] [[32minfo[39m]: [32mexpressReq.user : {"id":"698f28d799b35470f53dd6e2","role":"PROVIDER"}[39m
[2026-02-23 19:34:40] [[32minfo[39m]: [32m[GATEWAY PROXY] POST /auth/signout → http://localhost:4000/api/auth/signout[39m
[2026-02-23 19:34:40] [[32minfo[39m]: [32mexpressReq.user : undefined[39m
[2026-02-23 20:16:14] [[32minfo[39m]: [32m[GATEWAY PROXY] POST /auth/signin → http://localhost:4000/api/auth/signin[39m
[2026-02-23 20:16:14] [[32minfo[39m]: [32mexpressReq.user : undefined[39m
[2026-02-23 20:16:22] [[32minfo[39m]: [32m[GATEWAY PROXY] PATCH /provider/profile/push-notification → http://localhost:4000/api/provider/profile/push-notification[39m
[2026-02-23 20:16:22] [[32minfo[39m]: [32mexpressReq.user : {"id":"698f28d799b35470f53dd6e2","role":"PROVIDER"}[39m
[2026-02-23 20:16:22] [[32minfo[39m]: [32m[GATEWAY PROXY] GET /provider/dashboard/stats → http://localhost:4000/api/provider/dashboard/stats[39m
[2026-02-23 20:16:22] [[32minfo[39m]: [32mexpressReq.user : {"id":"698f28d799b35470f53dd6e2","role":"PROVIDER"}[39m
[2026-02-23 20:16:23] [[32minfo[39m]: [32m[GATEWAY PROXY] PATCH /provider/profile/push-notification → http://localhost:4000/api/provider/profile/push-notification[39m
[2026-02-23 20:16:23] [[32minfo[39m]: [32mexpressReq.user : {"id":"698f28d799b35470f53dd6e2","role":"PROVIDER"}[39m
[2026-02-23 20:16:25] [[32minfo[39m]: [32m[GATEWAY PROXY] GET /payments/?page=1&limit=10 → http://localhost:7000/api/payments/?page=1&limit=10[39m
[2026-02-23 20:16:25] [[32minfo[39m]: [32mexpressReq.user : {"id":"698f28d799b35470f53dd6e2","role":"PROVIDER"}[39m
[2026-02-23 20:17:46] [[32minfo[39m]: [32m[GATEWAY PROXY] GET /payments/?page=1&limit=10 → http://localhost:7000/api/payments/?page=1&limit=10[39m
[2026-02-23 20:17:46] [[32minfo[39m]: [32mexpressReq.user : {"id":"698f28d799b35470f53dd6e2","role":"PROVIDER"}[39m
[2026-02-23 20:17:46] [[32minfo[39m]: [32m[GATEWAY PROXY] PATCH /provider/profile/push-notification → http://localhost:4000/api/provider/profile/push-notification[39m
[2026-02-23 20:17:46] [[32minfo[39m]: [32mexpressReq.user : {"id":"698f28d799b35470f53dd6e2","role":"PROVIDER"}[39m
[2026-02-23 20:18:35] [[32minfo[39m]: [32m[GATEWAY PROXY] GET /payments/699c173bbef4b6f75a1a7327 → http://localhost:7000/api/payments/699c173bbef4b6f75a1a7327[39m
[2026-02-23 20:18:35] [[32minfo[39m]: [32mexpressReq.user : {"id":"698f28d799b35470f53dd6e2","role":"PROVIDER"}[39m
[2026-02-23 20:18:58] [[32minfo[39m]: [32m[GATEWAY PROXY] GET /payments/699c173bbef4b6f75a1a7327 → http://localhost:7000/api/payments/699c173bbef4b6f75a1a7327[39m
[2026-02-23 20:18:58] [[32minfo[39m]: [32mexpressReq.user : {"id":"698f28d799b35470f53dd6e2","role":"PROVIDER"}[39m
[2026-02-23 20:19:00] [[32minfo[39m]: [32m[GATEWAY PROXY] GET /payments/699c173bbef4b6f75a1a7327 → http://localhost:7000/api/payments/699c173bbef4b6f75a1a7327[39m
[2026-02-23 20:19:00] [[32minfo[39m]: [32mexpressReq.user : {"id":"698f28d799b35470f53dd6e2","role":"PROVIDER"}[39m
[2026-02-23 20:19:04] [[32minfo[39m]: [32m[GATEWAY PROXY] GET /payments/699c173bbef4b6f75a1a7327 → http://localhost:7000/api/payments/699c173bbef4b6f75a1a7327[39m
[2026-02-23 20:19:04] [[32minfo[39m]: [32mexpressReq.user : {"id":"698f28d799b35470f53dd6e2","role":"PROVIDER"}[39m
[2026-02-23 20:21:26] [[32minfo[39m]: [32m[GATEWAY PROXY] GET /payments/699c173bbef4b6f75a1a7327 → http://localhost:7000/api/payments/699c173bbef4b6f75a1a7327[39m
[2026-02-23 20:21:26] [[32minfo[39m]: [32mexpressReq.user : {"id":"698f28d799b35470f53dd6e2","role":"PROVIDER"}[39m
[2026-02-23 20:21:26] [[32minfo[39m]: [32m[GATEWAY PROXY] PATCH /provider/profile/push-notification → http://localhost:4000/api/provider/profile/push-notification[39m
[2026-02-23 20:21:26] [[32minfo[39m]: [32mexpressReq.user : {"id":"698f28d799b35470f53dd6e2","role":"PROVIDER"}[39m
[2026-02-23 20:31:38] [[32minfo[39m]: [32m[GATEWAY PROXY] GET /payments/699c173bbef4b6f75a1a7327 → http://localhost:7000/api/payments/699c173bbef4b6f75a1a7327[39m
[2026-02-23 20:31:38] [[32minfo[39m]: [32mexpressReq.user : {"id":"698f28d799b35470f53dd6e2","role":"PROVIDER"}[39m
[2026-02-23 20:31:38] [[32minfo[39m]: [32m[GATEWAY PROXY] PATCH /provider/profile/push-notification → http://localhost:4000/api/provider/profile/push-notification[39m
[2026-02-23 20:31:38] [[32minfo[39m]: [32mexpressReq.user : {"id":"698f28d799b35470f53dd6e2","role":"PROVIDER"}[39m
[2026-02-23 20:32:29] [[32minfo[39m]: [32m[GATEWAY PROXY] GET /payments/699c173bbef4b6f75a1a7327 → http://localhost:7000/api/payments/699c173bbef4b6f75a1a7327[39m
[2026-02-23 20:32:29] [[32minfo[39m]: [32mexpressReq.user : {"id":"698f28d799b35470f53dd6e2","role":"PROVIDER"}[39m
[2026-02-23 20:32:29] [[32minfo[39m]: [32m[GATEWAY PROXY] PATCH /provider/profile/push-notification → http://localhost:4000/api/provider/profile/push-notification[39m
[2026-02-23 20:32:29] [[32minfo[39m]: [32mexpressReq.user : {"id":"698f28d799b35470f53dd6e2","role":"PROVIDER"}[39m
[2026-02-23 20:32:33] [[32minfo[39m]: [32m[GATEWAY PROXY] GET /payments/699c173bbef4b6f75a1a7327 → http://localhost:7000/api/payments/699c173bbef4b6f75a1a7327[39m
[2026-02-23 20:32:33] [[32minfo[39m]: [32mexpressReq.user : {"id":"698f28d799b35470f53dd6e2","role":"PROVIDER"}[39m
[2026-02-23 20:32:33] [[32minfo[39m]: [32m[GATEWAY PROXY] PATCH /provider/profile/push-notification → http://localhost:4000/api/provider/profile/push-notification[39m
[2026-02-23 20:32:33] [[32minfo[39m]: [32mexpressReq.user : {"id":"698f28d799b35470f53dd6e2","role":"PROVIDER"}[39m
[2026-02-23 20:35:48] [[32minfo[39m]: [32m[GATEWAY PROXY] PATCH /provider/profile/push-notification → http://localhost:4000/api/provider/profile/push-notification[39m
[2026-02-23 20:35:48] [[32minfo[39m]: [32mexpressReq.user : {"id":"698f28d799b35470f53dd6e2","role":"PROVIDER"}[39m
[2026-02-23 20:35:54] [[32minfo[39m]: [32m[GATEWAY PROXY] PATCH /provider/profile/push-notification → http://localhost:4000/api/provider/profile/push-notification[39m
[2026-02-23 20:35:54] [[32minfo[39m]: [32mexpressReq.user : {"id":"698f28d799b35470f53dd6e2","role":"PROVIDER"}[39m
[2026-02-23 20:35:57] [[32minfo[39m]: [32m[GATEWAY PROXY] PATCH /provider/profile/push-notification → http://localhost:4000/api/provider/profile/push-notification[39m
[2026-02-23 20:35:57] [[32minfo[39m]: [32mexpressReq.user : {"id":"698f28d799b35470f53dd6e2","role":"PROVIDER"}[39m
[2026-02-23 20:37:04] [[32minfo[39m]: [32m[GATEWAY PROXY] PATCH /provider/profile/push-notification → http://localhost:4000/api/provider/profile/push-notification[39m
[2026-02-23 20:37:04] [[32minfo[39m]: [32mexpressReq.user : {"id":"698f28d799b35470f53dd6e2","role":"PROVIDER"}[39m
[2026-02-23 20:50:33] [[32minfo[39m]: [32m[SLOTFLOW API GATEWAY] running on http://localhost:3000[39m
[2026-02-23 20:50:37] [[32minfo[39m]: [32m[SLOTFLOW API GATEWAY] running on http://localhost:3000[39m
[2026-02-23 20:50:42] [[32minfo[39m]: [32m[SLOTFLOW API GATEWAY] running on http://localhost:3000[39m
[2026-02-23 20:50:56] [[32minfo[39m]: [32m[GATEWAY PROXY] GET /provider/subscriptions?page=1&limit=10 → http://localhost:4000/api/provider/subscriptions?page=1&limit=10[39m
[2026-02-23 20:50:56] [[32minfo[39m]: [32mexpressReq.user : {"id":"698f28d799b35470f53dd6e2","role":"PROVIDER"}[39m
[2026-02-23 20:51:31] [[32minfo[39m]: [32m[GATEWAY PROXY] PATCH /provider/profile/push-notification → http://localhost:4000/api/provider/profile/push-notification[39m
[2026-02-23 20:51:31] [[32minfo[39m]: [32mexpressReq.user : {"id":"698f28d799b35470f53dd6e2","role":"PROVIDER"}[39m
[2026-02-23 20:52:01] [[32minfo[39m]: [32m[GATEWAY PROXY] GET /subscriptions/699c173114de931b0b6fb5bf → http://localhost:4000/api/subscriptions/699c173114de931b0b6fb5bf[39m
[2026-02-23 20:52:01] [[32minfo[39m]: [32mexpressReq.user : {"id":"698f28d799b35470f53dd6e2","role":"PROVIDER"}[39m
[2026-02-23 20:52:01] [[32minfo[39m]: [32m[GATEWAY PROXY] PATCH /provider/profile/push-notification → http://localhost:4000/api/provider/profile/push-notification[39m
[2026-02-23 20:52:01] [[32minfo[39m]: [32mexpressReq.user : {"id":"698f28d799b35470f53dd6e2","role":"PROVIDER"}[39m
[2026-02-23 20:52:53] [[32minfo[39m]: [32m[GATEWAY PROXY] GET /subscriptions/699c173114de931b0b6fb5bf → http://localhost:4000/api/subscriptions/699c173114de931b0b6fb5bf[39m
[2026-02-23 20:52:53] [[32minfo[39m]: [32mexpressReq.user : {"id":"698f28d799b35470f53dd6e2","role":"PROVIDER"}[39m
[2026-02-23 20:55:52] [[32minfo[39m]: [32m[GATEWAY PROXY] GET /subscriptions/699c173114de931b0b6fb5bf → http://localhost:4000/api/subscriptions/699c173114de931b0b6fb5bf[39m
[2026-02-23 20:55:52] [[32minfo[39m]: [32mexpressReq.user : {"id":"698f28d799b35470f53dd6e2","role":"PROVIDER"}[39m
[2026-02-23 20:55:52] [[32minfo[39m]: [32m[GATEWAY PROXY] PATCH /provider/profile/push-notification → http://localhost:4000/api/provider/profile/push-notification[39m
[2026-02-23 20:55:52] [[32minfo[39m]: [32mexpressReq.user : {"id":"698f28d799b35470f53dd6e2","role":"PROVIDER"}[39m
[2026-02-23 20:56:12] [[32minfo[39m]: [32m[GATEWAY PROXY] GET /subscriptions/699c173114de931b0b6fb5bf → http://localhost:4000/api/subscriptions/699c173114de931b0b6fb5bf[39m
[2026-02-23 20:56:12] [[32minfo[39m]: [32mexpressReq.user : {"id":"698f28d799b35470f53dd6e2","role":"PROVIDER"}[39m
[2026-02-23 20:56:36] [[32minfo[39m]: [32m[GATEWAY PROXY] GET /subscriptions/699c173114de931b0b6fb5bf → http://localhost:4000/api/subscriptions/699c173114de931b0b6fb5bf[39m
[2026-02-23 20:56:36] [[32minfo[39m]: [32mexpressReq.user : {"id":"698f28d799b35470f53dd6e2","role":"PROVIDER"}[39m
[2026-02-23 20:56:58] [[32minfo[39m]: [32m[GATEWAY PROXY] PATCH /provider/profile/push-notification → http://localhost:4000/api/provider/profile/push-notification[39m
[2026-02-23 20:56:58] [[32minfo[39m]: [32mexpressReq.user : {"id":"698f28d799b35470f53dd6e2","role":"PROVIDER"}[39m
[2026-02-23 20:57:02] [[32minfo[39m]: [32m[GATEWAY PROXY] PATCH /provider/profile/push-notification → http://localhost:4000/api/provider/profile/push-notification[39m
[2026-02-23 20:57:02] [[32minfo[39m]: [32mexpressReq.user : {"id":"698f28d799b35470f53dd6e2","role":"PROVIDER"}[39m
[2026-02-23 20:57:02] [[32minfo[39m]: [32m[GATEWAY PROXY] GET /provider/subscriptions?page=1&limit=10 → http://localhost:4000/api/provider/subscriptions?page=1&limit=10[39m
[2026-02-23 20:57:02] [[32minfo[39m]: [32mexpressReq.user : {"id":"698f28d799b35470f53dd6e2","role":"PROVIDER"}[39m
[2026-02-23 20:57:24] [[32minfo[39m]: [32m[GATEWAY PROXY] PATCH /provider/profile/push-notification → http://localhost:4000/api/provider/profile/push-notification[39m
[2026-02-23 20:57:24] [[32minfo[39m]: [32mexpressReq.user : {"id":"698f28d799b35470f53dd6e2","role":"PROVIDER"}[39m
[2026-02-23 20:58:45] [[32minfo[39m]: [32m[GATEWAY PROXY] GET /subscriptions/699c173114de931b0b6fb5bf → http://localhost:4000/api/subscriptions/699c173114de931b0b6fb5bf[39m
[2026-02-23 20:58:45] [[32minfo[39m]: [32mexpressReq.user : {"id":"698f28d799b35470f53dd6e2","role":"PROVIDER"}[39m
[2026-02-23 20:58:45] [[32minfo[39m]: [32m[GATEWAY PROXY] PATCH /provider/profile/push-notification → http://localhost:4000/api/provider/profile/push-notification[39m
[2026-02-23 20:58:45] [[32minfo[39m]: [32mexpressReq.user : {"id":"698f28d799b35470f53dd6e2","role":"PROVIDER"}[39m
[2026-02-23 20:58:51] [[32minfo[39m]: [32m[GATEWAY PROXY] GET /provider/subscriptions?page=1&limit=10 → http://localhost:4000/api/provider/subscriptions?page=1&limit=10[39m
[2026-02-23 20:58:51] [[32minfo[39m]: [32mexpressReq.user : {"id":"698f28d799b35470f53dd6e2","role":"PROVIDER"}[39m
[2026-02-23 21:32:03] [[32minfo[39m]: [32m[GATEWAY PROXY] PATCH /provider/profile/push-notification → http://localhost:4000/api/provider/profile/push-notification[39m
[2026-02-23 21:32:03] [[32minfo[39m]: [32mexpressReq.user : {"id":"698f28d799b35470f53dd6e2","role":"PROVIDER"}[39m
[2026-02-23 21:32:03] [[32minfo[39m]: [32m[GATEWAY PROXY] GET /provider/subscriptions?page=1&limit=10 → http://localhost:4000/api/provider/subscriptions?page=1&limit=10[39m
[2026-02-23 21:32:03] [[32minfo[39m]: [32mexpressReq.user : {"id":"698f28d799b35470f53dd6e2","role":"PROVIDER"}[39m
[2026-02-23 22:22:45] [[32minfo[39m]: [32m[GATEWAY PROXY] PATCH /provider/profile/push-notification → http://localhost:4000/api/provider/profile/push-notification[39m
[2026-02-23 22:22:45] [[32minfo[39m]: [32mexpressReq.user : {"id":"698f28d799b35470f53dd6e2","role":"PROVIDER"}[39m
[2026-02-23 22:22:45] [[32minfo[39m]: [32m[GATEWAY PROXY] GET /provider/subscriptions?page=1&limit=10 → http://localhost:4000/api/provider/subscriptions?page=1&limit=10[39m
[2026-02-23 22:22:45] [[32minfo[39m]: [32mexpressReq.user : {"id":"698f28d799b35470f53dd6e2","role":"PROVIDER"}[39m
[2026-02-23 22:23:27] [[32minfo[39m]: [32m[GATEWAY PROXY] PATCH /provider/profile/push-notification → http://localhost:4000/api/provider/profile/push-notification[39m
[2026-02-23 22:23:27] [[32minfo[39m]: [32mexpressReq.user : {"id":"698f28d799b35470f53dd6e2","role":"PROVIDER"}[39m
[2026-02-23 22:23:27] [[32minfo[39m]: [32m[GATEWAY PROXY] GET /provider/subscriptions?page=1&limit=10 → http://localhost:4000/api/provider/subscriptions?page=1&limit=10[39m
[2026-02-23 22:23:27] [[32minfo[39m]: [32mexpressReq.user : {"id":"698f28d799b35470f53dd6e2","role":"PROVIDER"}[39m
[2026-02-23 22:24:08] [[32minfo[39m]: [32m[GATEWAY PROXY] GET /provider/subscriptions?page=1&limit=10 → http://localhost:4000/api/provider/subscriptions?page=1&limit=10[39m
[2026-02-23 22:24:08] [[32minfo[39m]: [32mexpressReq.user : {"id":"698f28d799b35470f53dd6e2","role":"PROVIDER"}[39m
[2026-02-23 22:24:09] [[32minfo[39m]: [32m[GATEWAY PROXY] PATCH /provider/profile/push-notification → http://localhost:4000/api/provider/profile/push-notification[39m
[2026-02-23 22:24:09] [[32minfo[39m]: [32mexpressReq.user : {"id":"698f28d799b35470f53dd6e2","role":"PROVIDER"}[39m
[2026-02-23 22:24:17] [[32minfo[39m]: [32m[GATEWAY PROXY] GET /provider/subscriptions?page=1&limit=10 → http://localhost:4000/api/provider/subscriptions?page=1&limit=10[39m
[2026-02-23 22:24:17] [[32minfo[39m]: [32mexpressReq.user : {"id":"698f28d799b35470f53dd6e2","role":"PROVIDER"}[39m
[2026-02-23 22:24:20] [[32minfo[39m]: [32m[GATEWAY PROXY] PATCH /provider/profile/push-notification → http://localhost:4000/api/provider/profile/push-notification[39m
[2026-02-23 22:24:20] [[32minfo[39m]: [32mexpressReq.user : {"id":"698f28d799b35470f53dd6e2","role":"PROVIDER"}[39m
[2026-02-23 22:24:53] [[32minfo[39m]: [32m[GATEWAY PROXY] PATCH /provider/profile/push-notification → http://localhost:4000/api/provider/profile/push-notification[39m
[2026-02-23 22:24:53] [[32minfo[39m]: [32mexpressReq.user : {"id":"698f28d799b35470f53dd6e2","role":"PROVIDER"}[39m
[2026-02-23 22:24:54] [[32minfo[39m]: [32m[GATEWAY PROXY] GET /provider/subscriptions?page=1&limit=10 → http://localhost:4000/api/provider/subscriptions?page=1&limit=10[39m
[2026-02-23 22:24:54] [[32minfo[39m]: [32mexpressReq.user : {"id":"698f28d799b35470f53dd6e2","role":"PROVIDER"}[39m
[2026-02-23 22:25:03] [[32minfo[39m]: [32m[GATEWAY PROXY] PATCH /provider/profile/push-notification → http://localhost:4000/api/provider/profile/push-notification[39m
[2026-02-23 22:25:03] [[32minfo[39m]: [32mexpressReq.user : {"id":"698f28d799b35470f53dd6e2","role":"PROVIDER"}[39m
[2026-02-23 22:25:04] [[32minfo[39m]: [32m[GATEWAY PROXY] GET /provider/subscriptions?page=1&limit=10 → http://localhost:4000/api/provider/subscriptions?page=1&limit=10[39m
[2026-02-23 22:25:04] [[32minfo[39m]: [32mexpressReq.user : {"id":"698f28d799b35470f53dd6e2","role":"PROVIDER"}[39m
[2026-02-23 22:25:06] [[32minfo[39m]: [32m[GATEWAY PROXY] GET /provider/subscriptions?page=1&limit=10 → http://localhost:4000/api/provider/subscriptions?page=1&limit=10[39m
[2026-02-23 22:25:06] [[32minfo[39m]: [32mexpressReq.user : {"id":"698f28d799b35470f53dd6e2","role":"PROVIDER"}[39m
[2026-02-23 22:25:06] [[32minfo[39m]: [32m[GATEWAY PROXY] PATCH /provider/profile/push-notification → http://localhost:4000/api/provider/profile/push-notification[39m
[2026-02-23 22:25:06] [[32minfo[39m]: [32mexpressReq.user : {"id":"698f28d799b35470f53dd6e2","role":"PROVIDER"}[39m
[2026-02-23 22:25:42] [[32minfo[39m]: [32m[GATEWAY PROXY] GET /provider/subscriptions?page=1&limit=10 → http://localhost:4000/api/provider/subscriptions?page=1&limit=10[39m
[2026-02-23 22:25:42] [[32minfo[39m]: [32mexpressReq.user : {"id":"698f28d799b35470f53dd6e2","role":"PROVIDER"}[39m
[2026-02-23 22:25:43] [[32minfo[39m]: [32m[GATEWAY PROXY] PATCH /provider/profile/push-notification → http://localhost:4000/api/provider/profile/push-notification[39m
[2026-02-23 22:25:43] [[32minfo[39m]: [32mexpressReq.user : {"id":"698f28d799b35470f53dd6e2","role":"PROVIDER"}[39m
[2026-02-23 22:29:34] [[32minfo[39m]: [32m[GATEWAY PROXY] PATCH /provider/profile/push-notification → http://localhost:4000/api/provider/profile/push-notification[39m
[2026-02-23 22:29:34] [[32minfo[39m]: [32mexpressReq.user : {"id":"698f28d799b35470f53dd6e2","role":"PROVIDER"}[39m
[2026-02-23 22:29:35] [[32minfo[39m]: [32m[GATEWAY PROXY] GET /provider/subscriptions?page=1&limit=10 → http://localhost:4000/api/provider/subscriptions?page=1&limit=10[39m
[2026-02-23 22:29:35] [[32minfo[39m]: [32mexpressReq.user : {"id":"698f28d799b35470f53dd6e2","role":"PROVIDER"}[39m
[2026-02-23 22:29:38] [[32minfo[39m]: [32m[GATEWAY PROXY] GET /provider/subscriptions?page=1&limit=10 → http://localhost:4000/api/provider/subscriptions?page=1&limit=10[39m
[2026-02-23 22:29:38] [[32minfo[39m]: [32mexpressReq.user : {"id":"698f28d799b35470f53dd6e2","role":"PROVIDER"}[39m
[2026-02-23 22:29:38] [[32minfo[39m]: [32m[GATEWAY PROXY] PATCH /provider/profile/push-notification → http://localhost:4000/api/provider/profile/push-notification[39m
[2026-02-23 22:29:38] [[32minfo[39m]: [32mexpressReq.user : {"id":"698f28d799b35470f53dd6e2","role":"PROVIDER"}[39m
[2026-02-23 22:29:41] [[32minfo[39m]: [32m[GATEWAY PROXY] PATCH /provider/profile/push-notification → http://localhost:4000/api/provider/profile/push-notification[39m
[2026-02-23 22:29:41] [[32minfo[39m]: [32mexpressReq.user : {"id":"698f28d799b35470f53dd6e2","role":"PROVIDER"}[39m
[2026-02-23 22:29:41] [[32minfo[39m]: [32m[GATEWAY PROXY] GET /provider/subscriptions?page=1&limit=10 → http://localhost:4000/api/provider/subscriptions?page=1&limit=10[39m
[2026-02-23 22:29:41] [[32minfo[39m]: [32mexpressReq.user : {"id":"698f28d799b35470f53dd6e2","role":"PROVIDER"}[39m
[2026-02-23 22:29:56] [[32minfo[39m]: [32m[GATEWAY PROXY] PATCH /provider/profile/push-notification → http://localhost:4000/api/provider/profile/push-notification[39m
[2026-02-23 22:29:56] [[32minfo[39m]: [32mexpressReq.user : {"id":"698f28d799b35470f53dd6e2","role":"PROVIDER"}[39m
[2026-02-23 22:29:57] [[32minfo[39m]: [32m[GATEWAY PROXY] GET /provider/subscriptions?page=1&limit=10 → http://localhost:4000/api/provider/subscriptions?page=1&limit=10[39m
[2026-02-23 22:29:57] [[32minfo[39m]: [32mexpressReq.user : {"id":"698f28d799b35470f53dd6e2","role":"PROVIDER"}[39m
[2026-02-23 22:29:59] [[32minfo[39m]: [32m[GATEWAY PROXY] GET /provider/subscriptions?page=1&limit=10 → http://localhost:4000/api/provider/subscriptions?page=1&limit=10[39m
[2026-02-23 22:29:59] [[32minfo[39m]: [32mexpressReq.user : {"id":"698f28d799b35470f53dd6e2","role":"PROVIDER"}[39m
[2026-02-23 22:29:59] [[32minfo[39m]: [32m[GATEWAY PROXY] PATCH /provider/profile/push-notification → http://localhost:4000/api/provider/profile/push-notification[39m
[2026-02-23 22:29:59] [[32minfo[39m]: [32mexpressReq.user : {"id":"698f28d799b35470f53dd6e2","role":"PROVIDER"}[39m
[2026-02-23 22:30:01] [[32minfo[39m]: [32m[GATEWAY PROXY] PATCH /provider/profile/push-notification → http://localhost:4000/api/provider/profile/push-notification[39m
[2026-02-23 22:30:01] [[32minfo[39m]: [32mexpressReq.user : {"id":"698f28d799b35470f53dd6e2","role":"PROVIDER"}[39m
[2026-02-23 22:30:02] [[32minfo[39m]: [32m[GATEWAY PROXY] GET /provider/subscriptions?page=1&limit=10 → http://localhost:4000/api/provider/subscriptions?page=1&limit=10[39m
[2026-02-23 22:30:02] [[32minfo[39m]: [32mexpressReq.user : {"id":"698f28d799b35470f53dd6e2","role":"PROVIDER"}[39m
[2026-02-23 22:30:16] [[32minfo[39m]: [32m[GATEWAY PROXY] GET /provider/subscriptions?page=1&limit=10 → http://localhost:4000/api/provider/subscriptions?page=1&limit=10[39m
[2026-02-23 22:30:16] [[32minfo[39m]: [32mexpressReq.user : {"id":"698f28d799b35470f53dd6e2","role":"PROVIDER"}[39m
[2026-02-23 22:30:18] [[32minfo[39m]: [32m[GATEWAY PROXY] GET /provider/subscriptions?page=1&limit=10 → http://localhost:4000/api/provider/subscriptions?page=1&limit=10[39m
[2026-02-23 22:30:18] [[32minfo[39m]: [32mexpressReq.user : {"id":"698f28d799b35470f53dd6e2","role":"PROVIDER"}[39m
[2026-02-23 22:30:19] [[32minfo[39m]: [32m[GATEWAY PROXY] GET /provider/bookings/?page=1&limit=10&online=false → http://localhost:4000/api/provider/bookings/?page=1&limit=10&online=false[39m
[2026-02-23 22:30:19] [[32minfo[39m]: [32mexpressReq.user : {"id":"698f28d799b35470f53dd6e2","role":"PROVIDER"}[39m
[2026-02-23 22:30:20] [[32minfo[39m]: [32m[GATEWAY PROXY] GET /provider/bookings/?page=1&limit=10&online=false → http://localhost:4000/api/provider/bookings/?page=1&limit=10&online=false[39m
[2026-02-23 22:30:20] [[32minfo[39m]: [32mexpressReq.user : {"id":"698f28d799b35470f53dd6e2","role":"PROVIDER"}[39m
[2026-02-23 22:30:23] [[32minfo[39m]: [32m[GATEWAY PROXY] GET /provider/bookings/?page=1&limit=10&online=false → http://localhost:4000/api/provider/bookings/?page=1&limit=10&online=false[39m
[2026-02-23 22:30:23] [[32minfo[39m]: [32mexpressReq.user : {"id":"698f28d799b35470f53dd6e2","role":"PROVIDER"}[39m
[2026-02-23 22:30:23] [[32minfo[39m]: [32m[GATEWAY PROXY] GET /provider/ → http://localhost:4000/api/provider/[39m
[2026-02-23 22:30:23] [[32minfo[39m]: [32mexpressReq.user : {"id":"698f28d799b35470f53dd6e2","role":"PROVIDER"}[39m
[2026-02-23 22:30:24] [[32minfo[39m]: [32m[GATEWAY PROXY] GET /provider/ → http://localhost:4000/api/provider/[39m
[2026-02-23 22:30:24] [[32minfo[39m]: [32mexpressReq.user : {"id":"698f28d799b35470f53dd6e2","role":"PROVIDER"}[39m
[2026-02-23 22:30:26] [[32minfo[39m]: [32m[GATEWAY PROXY] GET /provider/ → http://localhost:4000/api/provider/[39m
[2026-02-23 22:30:26] [[32minfo[39m]: [32mexpressReq.user : {"id":"698f28d799b35470f53dd6e2","role":"PROVIDER"}[39m
[2026-02-23 22:33:11] [[32minfo[39m]: [32m[GATEWAY PROXY] PATCH /provider/profile/push-notification → http://localhost:4000/api/provider/profile/push-notification[39m
[2026-02-23 22:33:11] [[32minfo[39m]: [32mexpressReq.user : {"id":"698f28d799b35470f53dd6e2","role":"PROVIDER"}[39m
[2026-02-23 22:33:13] [[32minfo[39m]: [32m[GATEWAY PROXY] GET /provider/ → http://localhost:4000/api/provider/[39m
[2026-02-23 22:33:13] [[32minfo[39m]: [32mexpressReq.user : {"id":"698f28d799b35470f53dd6e2","role":"PROVIDER"}[39m
[2026-02-23 22:33:16] [[32minfo[39m]: [32m[GATEWAY PROXY] GET /provider/subscriptions?page=1&limit=10 → http://localhost:4000/api/provider/subscriptions?page=1&limit=10[39m
[2026-02-23 22:33:16] [[32minfo[39m]: [32mexpressReq.user : {"id":"698f28d799b35470f53dd6e2","role":"PROVIDER"}[39m
[2026-02-23 22:33:17] [[32minfo[39m]: [32m[GATEWAY PROXY] GET /provider/subscriptions?page=1&limit=10 → http://localhost:4000/api/provider/subscriptions?page=1&limit=10[39m
[2026-02-23 22:33:17] [[32minfo[39m]: [32mexpressReq.user : {"id":"698f28d799b35470f53dd6e2","role":"PROVIDER"}[39m
[2026-02-23 22:33:19] [[32minfo[39m]: [32m[GATEWAY PROXY] GET /provider/subscriptions?page=1&limit=10 → http://localhost:4000/api/provider/subscriptions?page=1&limit=10[39m
[2026-02-23 22:33:19] [[32minfo[39m]: [32mexpressReq.user : {"id":"698f28d799b35470f53dd6e2","role":"PROVIDER"}[39m
[2026-02-23 22:33:24] [[32minfo[39m]: [32m[GATEWAY PROXY] GET /provider/subscriptions?page=1&limit=10 → http://localhost:4000/api/provider/subscriptions?page=1&limit=10[39m
[2026-02-23 22:33:24] [[32minfo[39m]: [32mexpressReq.user : {"id":"698f28d799b35470f53dd6e2","role":"PROVIDER"}[39m
[2026-02-23 22:33:59] [[32minfo[39m]: [32m[GATEWAY PROXY] GET /subscriptions/?page=1&limit=10 → http://localhost:4000/api/subscriptions/?page=1&limit=10[39m
[2026-02-23 22:33:59] [[32minfo[39m]: [32mexpressReq.user : {"id":"698f28d799b35470f53dd6e2","role":"PROVIDER"}[39m
[2026-02-23 22:34:00] [[32minfo[39m]: [32m[GATEWAY PROXY] PATCH /provider/profile/push-notification → http://localhost:4000/api/provider/profile/push-notification[39m
[2026-02-23 22:34:00] [[32minfo[39m]: [32mexpressReq.user : {"id":"698f28d799b35470f53dd6e2","role":"PROVIDER"}[39m
[2026-02-23 22:34:40] [[32minfo[39m]: [32m[GATEWAY PROXY] PATCH /provider/profile/push-notification → http://localhost:4000/api/provider/profile/push-notification[39m
[2026-02-23 22:34:40] [[32minfo[39m]: [32mexpressReq.user : {"id":"698f28d799b35470f53dd6e2","role":"PROVIDER"}[39m
[2026-02-23 22:34:44] [[32minfo[39m]: [32m[GATEWAY PROXY] PATCH /provider/profile/push-notification → http://localhost:4000/api/provider/profile/push-notification[39m
[2026-02-23 22:34:44] [[32minfo[39m]: [32mexpressReq.user : {"id":"698f28d799b35470f53dd6e2","role":"PROVIDER"}[39m
[2026-02-23 22:41:04] [[32minfo[39m]: [32m[GATEWAY PROXY] PATCH /provider/profile/push-notification → http://localhost:4000/api/provider/profile/push-notification[39m
[2026-02-23 22:41:04] [[32minfo[39m]: [32mexpressReq.user : {"id":"698f28d799b35470f53dd6e2","role":"PROVIDER"}[39m
[2026-02-23 22:41:04] [[32minfo[39m]: [32m[GATEWAY PROXY] GET /subscriptions/?page=1&limit=10 → http://localhost:4000/api/subscriptions/?page=1&limit=10[39m
[2026-02-23 22:41:04] [[32minfo[39m]: [32mexpressReq.user : {"id":"698f28d799b35470f53dd6e2","role":"PROVIDER"}[39m
[2026-02-23 22:41:12] [[32minfo[39m]: [32m[GATEWAY PROXY] GET /subscriptions/699c173114de931b0b6fb5bf → http://localhost:4000/api/subscriptions/699c173114de931b0b6fb5bf[39m
[2026-02-23 22:41:12] [[32minfo[39m]: [32mexpressReq.user : {"id":"698f28d799b35470f53dd6e2","role":"PROVIDER"}[39m
[2026-02-23 22:41:17] [[32minfo[39m]: [32m[GATEWAY PROXY] GET /payments/?page=1&limit=10 → http://localhost:7000/api/payments/?page=1&limit=10[39m
[2026-02-23 22:41:17] [[32minfo[39m]: [32mexpressReq.user : {"id":"698f28d799b35470f53dd6e2","role":"PROVIDER"}[39m
[2026-02-23 22:41:20] [[32minfo[39m]: [32m[GATEWAY PROXY] GET /payments/699c173bbef4b6f75a1a7327 → http://localhost:7000/api/payments/699c173bbef4b6f75a1a7327[39m
[2026-02-23 22:41:20] [[32minfo[39m]: [32mexpressReq.user : {"id":"698f28d799b35470f53dd6e2","role":"PROVIDER"}[39m
[2026-02-24 00:11:13] [[32minfo[39m]: [32m[GATEWAY PROXY] PATCH /provider/profile/push-notification → http://localhost:4000/api/provider/profile/push-notification[39m
[2026-02-24 00:11:13] [[32minfo[39m]: [32mexpressReq.user : {"id":"698f28d799b35470f53dd6e2","role":"PROVIDER"}[39m
[2026-02-24 00:11:13] [[32minfo[39m]: [32m[GATEWAY PROXY] GET /payments/?page=1&limit=10 → http://localhost:7000/api/payments/?page=1&limit=10[39m
[2026-02-24 00:11:13] [[32minfo[39m]: [32mexpressReq.user : {"id":"698f28d799b35470f53dd6e2","role":"PROVIDER"}[39m
[2026-02-24 00:13:03] [[32minfo[39m]: [32m[GATEWAY PROXY] PATCH /provider/profile/push-notification → http://localhost:4000/api/provider/profile/push-notification[39m
[2026-02-24 00:13:03] [[32minfo[39m]: [32mexpressReq.user : {"id":"698f28d799b35470f53dd6e2","role":"PROVIDER"}[39m
[2026-02-24 00:13:07] [[32minfo[39m]: [32m[GATEWAY PROXY] PATCH /provider/profile/push-notification → http://localhost:4000/api/provider/profile/push-notification[39m
[2026-02-24 00:13:07] [[32minfo[39m]: [32mexpressReq.user : {"id":"698f28d799b35470f53dd6e2","role":"PROVIDER"}[39m
[2026-02-24 00:18:20] [[32minfo[39m]: [32m[GATEWAY PROXY] GET /payments/?page=1&limit=10 → http://localhost:7000/api/payments/?page=1&limit=10[39m
[2026-02-24 00:18:20] [[32minfo[39m]: [32mexpressReq.user : {"id":"698f28d799b35470f53dd6e2","role":"PROVIDER"}[39m
[2026-02-24 00:18:20] [[32minfo[39m]: [32m[GATEWAY PROXY] PATCH /provider/profile/push-notification → http://localhost:4000/api/provider/profile/push-notification[39m
[2026-02-24 00:18:20] [[32minfo[39m]: [32mexpressReq.user : {"id":"698f28d799b35470f53dd6e2","role":"PROVIDER"}[39m
[2026-02-24 00:18:29] [[32minfo[39m]: [32m[GATEWAY PROXY] PATCH /provider/profile/push-notification → http://localhost:4000/api/provider/profile/push-notification[39m
[2026-02-24 00:18:29] [[32minfo[39m]: [32mexpressReq.user : {"id":"698f28d799b35470f53dd6e2","role":"PROVIDER"}[39m
[2026-02-24 00:18:34] [[32minfo[39m]: [32m[GATEWAY PROXY] PATCH /provider/profile/push-notification → http://localhost:4000/api/provider/profile/push-notification[39m
[2026-02-24 00:18:34] [[32minfo[39m]: [32mexpressReq.user : {"id":"698f28d799b35470f53dd6e2","role":"PROVIDER"}[39m
[2026-02-24 00:18:35] [[32minfo[39m]: [32m[GATEWAY PROXY] GET /payments/?page=1&limit=10 → http://localhost:7000/api/payments/?page=1&limit=10[39m
[2026-02-24 00:18:35] [[32minfo[39m]: [32mexpressReq.user : {"id":"698f28d799b35470f53dd6e2","role":"PROVIDER"}[39m
[2026-02-24 00:18:44] [[32minfo[39m]: [32m[GATEWAY PROXY] PATCH /provider/profile/push-notification → http://localhost:4000/api/provider/profile/push-notification[39m
[2026-02-24 00:18:44] [[32minfo[39m]: [32mexpressReq.user : {"id":"698f28d799b35470f53dd6e2","role":"PROVIDER"}[39m
[2026-02-24 00:18:44] [[32minfo[39m]: [32m[GATEWAY PROXY] GET /payments/?page=1&limit=10 → http://localhost:7000/api/payments/?page=1&limit=10[39m
[2026-02-24 00:18:44] [[32minfo[39m]: [32mexpressReq.user : {"id":"698f28d799b35470f53dd6e2","role":"PROVIDER"}[39m
[2026-02-24 00:18:49] [[32minfo[39m]: [32m[GATEWAY PROXY] PATCH /provider/profile/push-notification → http://localhost:4000/api/provider/profile/push-notification[39m
[2026-02-24 00:18:49] [[32minfo[39m]: [32mexpressReq.user : {"id":"698f28d799b35470f53dd6e2","role":"PROVIDER"}[39m
[2026-02-24 00:18:49] [[32minfo[39m]: [32m[GATEWAY PROXY] GET /payments/?page=1&limit=10 → http://localhost:7000/api/payments/?page=1&limit=10[39m
[2026-02-24 00:18:49] [[32minfo[39m]: [32mexpressReq.user : {"id":"698f28d799b35470f53dd6e2","role":"PROVIDER"}[39m
[2026-02-24 00:18:55] [[32minfo[39m]: [32m[GATEWAY PROXY] PATCH /provider/profile/push-notification → http://localhost:4000/api/provider/profile/push-notification[39m
[2026-02-24 00:18:55] [[32minfo[39m]: [32mexpressReq.user : {"id":"698f28d799b35470f53dd6e2","role":"PROVIDER"}[39m
[2026-02-24 00:18:56] [[32minfo[39m]: [32m[GATEWAY PROXY] GET /payments/?page=1&limit=10 → http://localhost:7000/api/payments/?page=1&limit=10[39m
[2026-02-24 00:18:56] [[32minfo[39m]: [32mexpressReq.user : {"id":"698f28d799b35470f53dd6e2","role":"PROVIDER"}[39m
[2026-02-24 00:19:03] [[32minfo[39m]: [32m[GATEWAY PROXY] PATCH /provider/profile/push-notification → http://localhost:4000/api/provider/profile/push-notification[39m
[2026-02-24 00:19:03] [[32minfo[39m]: [32mexpressReq.user : {"id":"698f28d799b35470f53dd6e2","role":"PROVIDER"}[39m
[2026-02-24 00:19:05] [[32minfo[39m]: [32m[GATEWAY PROXY] PATCH /provider/profile/push-notification → http://localhost:4000/api/provider/profile/push-notification[39m
[2026-02-24 00:19:05] [[32minfo[39m]: [32mexpressReq.user : {"id":"698f28d799b35470f53dd6e2","role":"PROVIDER"}[39m
[2026-02-24 00:19:07] [[32minfo[39m]: [32m[GATEWAY PROXY] GET /payments/?page=1&limit=10 → http://localhost:7000/api/payments/?page=1&limit=10[39m
[2026-02-24 00:19:07] [[32minfo[39m]: [32mexpressReq.user : {"id":"698f28d799b35470f53dd6e2","role":"PROVIDER"}[39m
[2026-02-24 00:19:22] [[32minfo[39m]: [32m[GATEWAY PROXY] PATCH /provider/profile/push-notification → http://localhost:4000/api/provider/profile/push-notification[39m
[2026-02-24 00:19:22] [[32minfo[39m]: [32mexpressReq.user : {"id":"698f28d799b35470f53dd6e2","role":"PROVIDER"}[39m
[2026-02-24 00:19:22] [[32minfo[39m]: [32m[GATEWAY PROXY] GET /payments/?page=1&limit=10 → http://localhost:7000/api/payments/?page=1&limit=10[39m
[2026-02-24 00:19:22] [[32minfo[39m]: [32mexpressReq.user : {"id":"698f28d799b35470f53dd6e2","role":"PROVIDER"}[39m
[2026-02-24 00:23:01] [[32minfo[39m]: [32m[GATEWAY PROXY] PATCH /provider/profile/push-notification → http://localhost:4000/api/provider/profile/push-notification[39m
[2026-02-24 00:23:01] [[32minfo[39m]: [32mexpressReq.user : {"id":"698f28d799b35470f53dd6e2","role":"PROVIDER"}[39m
[2026-02-24 00:23:07] [[32minfo[39m]: [32m[GATEWAY PROXY] PATCH /provider/profile/push-notification → http://localhost:4000/api/provider/profile/push-notification[39m
[2026-02-24 00:23:07] [[32minfo[39m]: [32mexpressReq.user : {"id":"698f28d799b35470f53dd6e2","role":"PROVIDER"}[39m
[2026-02-24 00:23:17] [[32minfo[39m]: [32m[GATEWAY PROXY] PATCH /provider/profile/push-notification → http://localhost:4000/api/provider/profile/push-notification[39m
[2026-02-24 00:23:17] [[32minfo[39m]: [32mexpressReq.user : {"id":"698f28d799b35470f53dd6e2","role":"PROVIDER"}[39m
[2026-02-24 00:23:29] [[32minfo[39m]: [32m[GATEWAY PROXY] PATCH /provider/profile/push-notification → http://localhost:4000/api/provider/profile/push-notification[39m
[2026-02-24 00:23:29] [[32minfo[39m]: [32mexpressReq.user : {"id":"698f28d799b35470f53dd6e2","role":"PROVIDER"}[39m
[2026-02-24 00:24:03] [[32minfo[39m]: [32m[GATEWAY PROXY] PATCH /provider/profile/push-notification → http://localhost:4000/api/provider/profile/push-notification[39m
[2026-02-24 00:24:03] [[32minfo[39m]: [32mexpressReq.user : {"id":"698f28d799b35470f53dd6e2","role":"PROVIDER"}[39m
[2026-02-24 00:24:04] [[32minfo[39m]: [32m[GATEWAY PROXY] GET /payments/?page=1&limit=10 → http://localhost:7000/api/payments/?page=1&limit=10[39m
[2026-02-24 00:24:04] [[32minfo[39m]: [32mexpressReq.user : {"id":"698f28d799b35470f53dd6e2","role":"PROVIDER"}[39m
[2026-02-24 00:24:20] [[32minfo[39m]: [32m[GATEWAY PROXY] PATCH /provider/profile/push-notification → http://localhost:4000/api/provider/profile/push-notification[39m
[2026-02-24 00:24:20] [[32minfo[39m]: [32mexpressReq.user : {"id":"698f28d799b35470f53dd6e2","role":"PROVIDER"}[39m
[2026-02-24 00:24:24] [[32minfo[39m]: [32m[GATEWAY PROXY] PATCH /provider/profile/push-notification → http://localhost:4000/api/provider/profile/push-notification[39m
[2026-02-24 00:24:24] [[32minfo[39m]: [32mexpressReq.user : {"id":"698f28d799b35470f53dd6e2","role":"PROVIDER"}[39m
[2026-02-24 00:24:25] [[32minfo[39m]: [32m[GATEWAY PROXY] GET /payments/?page=1&limit=10 → http://localhost:7000/api/payments/?page=1&limit=10[39m
[2026-02-24 00:24:25] [[32minfo[39m]: [32mexpressReq.user : {"id":"698f28d799b35470f53dd6e2","role":"PROVIDER"}[39m
[2026-02-24 00:25:44] [[32minfo[39m]: [32m[GATEWAY PROXY] GET /payments/?page=1&limit=10 → http://localhost:7000/api/payments/?page=1&limit=10[39m
[2026-02-24 00:25:44] [[32minfo[39m]: [32mexpressReq.user : {"id":"698f28d799b35470f53dd6e2","role":"PROVIDER"}[39m
[2026-02-24 00:25:44] [[32minfo[39m]: [32m[GATEWAY PROXY] PATCH /provider/profile/push-notification → http://localhost:4000/api/provider/profile/push-notification[39m
[2026-02-24 00:25:44] [[32minfo[39m]: [32mexpressReq.user : {"id":"698f28d799b35470f53dd6e2","role":"PROVIDER"}[39m
[2026-02-24 00:28:49] [[32minfo[39m]: [32m[GATEWAY PROXY] PATCH /provider/profile/push-notification → http://localhost:4000/api/provider/profile/push-notification[39m
[2026-02-24 00:28:49] [[32minfo[39m]: [32mexpressReq.user : {"id":"698f28d799b35470f53dd6e2","role":"PROVIDER"}[39m
[2026-02-24 00:28:49] [[32minfo[39m]: [32m[GATEWAY PROXY] GET /payments/?page=1&limit=10 → http://localhost:7000/api/payments/?page=1&limit=10[39m
[2026-02-24 00:28:49] [[32minfo[39m]: [32mexpressReq.user : {"id":"698f28d799b35470f53dd6e2","role":"PROVIDER"}[39m
[2026-02-24 00:28:56] [[32minfo[39m]: [32m[GATEWAY PROXY] PATCH /provider/profile/push-notification → http://localhost:4000/api/provider/profile/push-notification[39m
[2026-02-24 00:28:56] [[32minfo[39m]: [32mexpressReq.user : {"id":"698f28d799b35470f53dd6e2","role":"PROVIDER"}[39m
[2026-02-24 00:29:00] [[32minfo[39m]: [32m[GATEWAY PROXY] GET /payments/?page=1&limit=10 → http://localhost:7000/api/payments/?page=1&limit=10[39m
[2026-02-24 00:29:00] [[32minfo[39m]: [32mexpressReq.user : {"id":"698f28d799b35470f53dd6e2","role":"PROVIDER"}[39m
[2026-02-24 00:29:21] [[32minfo[39m]: [32m[GATEWAY PROXY] PATCH /provider/profile/push-notification → http://localhost:4000/api/provider/profile/push-notification[39m
[2026-02-24 00:29:21] [[32minfo[39m]: [32mexpressReq.user : {"id":"698f28d799b35470f53dd6e2","role":"PROVIDER"}[39m
[2026-02-24 00:29:21] [[32minfo[39m]: [32m[GATEWAY PROXY] GET /payments/?page=1&limit=10 → http://localhost:7000/api/payments/?page=1&limit=10[39m
[2026-02-24 00:29:21] [[32minfo[39m]: [32mexpressReq.user : {"id":"698f28d799b35470f53dd6e2","role":"PROVIDER"}[39m
[2026-02-24 00:29:41] [[32minfo[39m]: [32m[GATEWAY PROXY] PATCH /provider/profile/push-notification → http://localhost:4000/api/provider/profile/push-notification[39m
[2026-02-24 00:29:41] [[32minfo[39m]: [32mexpressReq.user : {"id":"698f28d799b35470f53dd6e2","role":"PROVIDER"}[39m
[2026-02-24 00:29:41] [[32minfo[39m]: [32m[GATEWAY PROXY] GET /payments/?page=1&limit=10 → http://localhost:7000/api/payments/?page=1&limit=10[39m
[2026-02-24 00:29:41] [[32minfo[39m]: [32mexpressReq.user : {"id":"698f28d799b35470f53dd6e2","role":"PROVIDER"}[39m
[2026-02-24 00:29:46] [[32minfo[39m]: [32m[GATEWAY PROXY] PATCH /provider/profile/push-notification → http://localhost:4000/api/provider/profile/push-notification[39m
[2026-02-24 00:29:46] [[32minfo[39m]: [32mexpressReq.user : {"id":"698f28d799b35470f53dd6e2","role":"PROVIDER"}[39m
[2026-02-24 00:29:47] [[32minfo[39m]: [32m[GATEWAY PROXY] GET /payments/?page=1&limit=10 → http://localhost:7000/api/payments/?page=1&limit=10[39m
[2026-02-24 00:29:47] [[32minfo[39m]: [32mexpressReq.user : {"id":"698f28d799b35470f53dd6e2","role":"PROVIDER"}[39m
[2026-02-24 00:29:59] [[32minfo[39m]: [32m[GATEWAY PROXY] PATCH /provider/profile/push-notification → http://localhost:4000/api/provider/profile/push-notification[39m
[2026-02-24 00:29:59] [[32minfo[39m]: [32mexpressReq.user : {"id":"698f28d799b35470f53dd6e2","role":"PROVIDER"}[39m
[2026-02-24 00:30:03] [[32minfo[39m]: [32m[GATEWAY PROXY] GET /payments/?page=1&limit=10 → http://localhost:7000/api/payments/?page=1&limit=10[39m
[2026-02-24 00:30:03] [[32minfo[39m]: [32mexpressReq.user : {"id":"698f28d799b35470f53dd6e2","role":"PROVIDER"}[39m
[2026-02-24 00:32:54] [[32minfo[39m]: [32m[GATEWAY PROXY] GET /payments/?page=1&limit=10 → http://localhost:7000/api/payments/?page=1&limit=10[39m
[2026-02-24 00:32:54] [[32minfo[39m]: [32mexpressReq.user : {"id":"698f28d799b35470f53dd6e2","role":"PROVIDER"}[39m
[2026-02-24 00:32:54] [[32minfo[39m]: [32m[GATEWAY PROXY] PATCH /provider/profile/push-notification → http://localhost:4000/api/provider/profile/push-notification[39m
[2026-02-24 00:32:54] [[32minfo[39m]: [32mexpressReq.user : {"id":"698f28d799b35470f53dd6e2","role":"PROVIDER"}[39m
[2026-02-24 00:33:01] [[32minfo[39m]: [32m[GATEWAY PROXY] PATCH /provider/profile/push-notification → http://localhost:4000/api/provider/profile/push-notification[39m
[2026-02-24 00:33:01] [[32minfo[39m]: [32mexpressReq.user : {"id":"698f28d799b35470f53dd6e2","role":"PROVIDER"}[39m
[2026-02-24 00:33:01] [[32minfo[39m]: [32m[GATEWAY PROXY] GET /payments/?page=1&limit=10 → http://localhost:7000/api/payments/?page=1&limit=10[39m
[2026-02-24 00:33:01] [[32minfo[39m]: [32mexpressReq.user : {"id":"698f28d799b35470f53dd6e2","role":"PROVIDER"}[39m
[2026-02-24 00:33:04] [[32minfo[39m]: [32m[GATEWAY PROXY] PATCH /provider/profile/push-notification → http://localhost:4000/api/provider/profile/push-notification[39m
[2026-02-24 00:33:04] [[32minfo[39m]: [32mexpressReq.user : {"id":"698f28d799b35470f53dd6e2","role":"PROVIDER"}[39m
[2026-02-24 00:33:04] [[32minfo[39m]: [32m[GATEWAY PROXY] GET /payments/?page=1&limit=10 → http://localhost:7000/api/payments/?page=1&limit=10[39m
[2026-02-24 00:33:04] [[32minfo[39m]: [32mexpressReq.user : {"id":"698f28d799b35470f53dd6e2","role":"PROVIDER"}[39m
[2026-02-24 00:33:49] [[32minfo[39m]: [32m[SLOTFLOW API GATEWAY] running on http://localhost:3000[39m
[2026-02-24 01:21:39] [[32minfo[39m]: [32m[GATEWAY PROXY] PATCH /provider/profile/push-notification → http://localhost:4000/api/provider/profile/push-notification[39m
[2026-02-24 01:21:39] [[32minfo[39m]: [32mexpressReq.user : {"id":"698f28d799b35470f53dd6e2","role":"PROVIDER"}[39m
[2026-02-24 01:21:39] [[32minfo[39m]: [32m[GATEWAY PROXY] GET /payments/?page=1&limit=10 → http://localhost:7000/api/payments/?page=1&limit=10[39m
[2026-02-24 01:21:39] [[32minfo[39m]: [32mexpressReq.user : {"id":"698f28d799b35470f53dd6e2","role":"PROVIDER"}[39m
[2026-02-24 01:21:51] [[32minfo[39m]: [32m[GATEWAY PROXY] POST /auth/signout → http://localhost:4000/api/auth/signout[39m
[2026-02-24 01:21:51] [[32minfo[39m]: [32mexpressReq.user : undefined[39m
[2026-02-24 14:45:34] [[32minfo[39m]: [32m[SLOTFLOW API GATEWAY] running on http://localhost:3000[39m
[2026-02-24 14:45:39] [[32minfo[39m]: [32m[SLOTFLOW API GATEWAY] running on http://localhost:3000[39m
[2026-02-24 16:12:09] [[32minfo[39m]: [32m[SLOTFLOW API GATEWAY] running on http://localhost:3000[39m
[2026-02-24 16:44:54] [[32minfo[39m]: [32m[GATEWAY PROXY] POST /auth/signin → http://localhost:4000/api/auth/signin[39m
[2026-02-24 16:44:54] [[32minfo[39m]: [32mexpressReq.user : undefined[39m
[2026-02-24 16:45:00] [[32minfo[39m]: [32m[GATEWAY PROXY] PATCH /provider/profile/push-notification → http://localhost:4000/api/provider/profile/push-notification[39m
[2026-02-24 16:45:00] [[32minfo[39m]: [32mexpressReq.user : {"id":"698f28d799b35470f53dd6e2","role":"PROVIDER"}[39m
[2026-02-24 16:45:10] [[32minfo[39m]: [32m[GATEWAY PROXY] PATCH /provider/profile/push-notification → http://localhost:4000/api/provider/profile/push-notification[39m
[2026-02-24 16:45:10] [[32minfo[39m]: [32mexpressReq.user : {"id":"698f28d799b35470f53dd6e2","role":"PROVIDER"}[39m
[2026-02-24 16:45:15] [[32minfo[39m]: [32m[GATEWAY PROXY] GET /provider/dashboard/stats → http://localhost:4000/api/provider/dashboard/stats[39m
[2026-02-24 16:45:15] [[32minfo[39m]: [32mexpressReq.user : {"id":"698f28d799b35470f53dd6e2","role":"PROVIDER"}[39m
[2026-02-24 16:45:19] [[32minfo[39m]: [32m[GATEWAY PROXY] GET /payments/?page=1&limit=10 → http://localhost:7000/api/payments/?page=1&limit=10[39m
[2026-02-24 16:45:19] [[32minfo[39m]: [32mexpressReq.user : {"id":"698f28d799b35470f53dd6e2","role":"PROVIDER"}[39m
[2026-02-24 16:45:35] [[32minfo[39m]: [32m[GATEWAY PROXY] GET /payments/699c173bbef4b6f75a1a7327 → http://localhost:7000/api/payments/699c173bbef4b6f75a1a7327[39m
[2026-02-24 16:45:35] [[32minfo[39m]: [32mexpressReq.user : {"id":"698f28d799b35470f53dd6e2","role":"PROVIDER"}[39m
[2026-02-24 16:45:38] [[32minfo[39m]: [32m[GATEWAY PROXY] POST /auth/signout → http://localhost:4000/api/auth/signout[39m
[2026-02-24 16:45:38] [[32minfo[39m]: [32mexpressReq.user : undefined[39m
[2026-02-24 16:46:01] [[32minfo[39m]: [32m[GATEWAY PROXY] POST /auth/signin → http://localhost:4000/api/auth/signin[39m
[2026-02-24 16:46:01] [[32minfo[39m]: [32mexpressReq.user : undefined[39m
[2026-02-24 16:46:10] [[32minfo[39m]: [32m[GATEWAY PROXY] GET /admin/dashboard/today → http://localhost:4000/api/admin/dashboard/today[39m
[2026-02-24 16:46:10] [[32minfo[39m]: [32mexpressReq.user : {"role":"ADMIN"}[39m
[2026-02-24 16:46:17] [[32minfo[39m]: [32m[GATEWAY PROXY] GET /admin/dashboard/users → http://localhost:4000/api/admin/dashboard/users[39m
[2026-02-24 16:46:17] [[32minfo[39m]: [32mexpressReq.user : {"role":"ADMIN"}[39m
[2026-02-24 16:46:18] [[32minfo[39m]: [32m[GATEWAY PROXY] GET /admin/dashboard/providers → http://localhost:4000/api/admin/dashboard/providers[39m
[2026-02-24 16:46:18] [[32minfo[39m]: [32mexpressReq.user : {"role":"ADMIN"}[39m
[2026-02-24 16:46:22] [[32minfo[39m]: [32m[GATEWAY PROXY] GET /admin/providers?page=1&limit=10 → http://localhost:4000/api/admin/providers?page=1&limit=10[39m
[2026-02-24 16:46:22] [[32minfo[39m]: [32mexpressReq.user : {"role":"ADMIN"}[39m
[2026-02-24 16:46:27] [[32minfo[39m]: [32m[GATEWAY PROXY] GET /admin/providers/698f28d799b35470f53dd6e2/profile → http://localhost:4000/api/admin/providers/698f28d799b35470f53dd6e2/profile[39m
[2026-02-24 16:46:27] [[32minfo[39m]: [32mexpressReq.user : {"role":"ADMIN"}[39m
[2026-02-24 16:46:30] [[32minfo[39m]: [32m[GATEWAY PROXY] GET /admin/providers/698f28d799b35470f53dd6e2/address → http://localhost:4000/api/admin/providers/698f28d799b35470f53dd6e2/address[39m
[2026-02-24 16:46:30] [[32minfo[39m]: [32mexpressReq.user : {"role":"ADMIN"}[39m
[2026-02-24 16:46:32] [[32minfo[39m]: [32m[GATEWAY PROXY] GET /admin/providers/698f28d799b35470f53dd6e2/service → http://localhost:4000/api/admin/providers/698f28d799b35470f53dd6e2/service[39m
[2026-02-24 16:46:32] [[32minfo[39m]: [32mexpressReq.user : {"role":"ADMIN"}[39m
[2026-02-24 16:46:33] [[32minfo[39m]: [32m[GATEWAY PROXY] GET /admin/providers/698f28d799b35470f53dd6e2/availability?date=2026-02-24T11:16:33.567Z → http://localhost:4000/api/admin/providers/698f28d799b35470f53dd6e2/availability?date=2026-02-24T11:16:33.567Z[39m
[2026-02-24 16:46:33] [[32minfo[39m]: [32mexpressReq.user : {"role":"ADMIN"}[39m
[2026-02-24 16:46:36] [[32minfo[39m]: [32m[GATEWAY PROXY] GET /admin/reviews/698f28d799b35470f53dd6e2?page=1&limit=2&role=PROVIDER&providerId=698f28d799b35470f53dd6e2&id=698f28d799b35470f53dd6e2 → http://localhost:4000/api/admin/reviews/698f28d799b35470f53dd6e2?page=1&limit=2&role=PROVIDER&providerId=698f28d799b35470f53dd6e2&id=698f28d799b35470f53dd6e2[39m
[2026-02-24 16:46:36] [[32minfo[39m]: [32mexpressReq.user : {"role":"ADMIN"}[39m
[2026-02-24 16:46:37] [[32minfo[39m]: [32m[GATEWAY PROXY] GET /subscriptions/?page=1&limit=10&id=698f28d799b35470f53dd6e2 → http://localhost:4000/api/subscriptions/?page=1&limit=10&id=698f28d799b35470f53dd6e2[39m
[2026-02-24 16:46:37] [[32minfo[39m]: [32mexpressReq.user : {"role":"ADMIN"}[39m
[2026-02-24 16:46:43] [[32minfo[39m]: [32m[GATEWAY PROXY] GET /subscriptions/699c173114de931b0b6fb5bf → http://localhost:4000/api/subscriptions/699c173114de931b0b6fb5bf[39m
[2026-02-24 16:46:43] [[32minfo[39m]: [32mexpressReq.user : {"role":"ADMIN"}[39m
[2026-02-24 16:53:08] [[32minfo[39m]: [32m[GATEWAY PROXY] POST /auth/signin → http://localhost:4000/api/auth/signin[39m
[2026-02-24 16:53:08] [[32minfo[39m]: [32mexpressReq.user : undefined[39m
[2026-02-24 16:53:18] [[32minfo[39m]: [32m[GATEWAY PROXY] GET /admin/dashboard/today → http://localhost:4000/api/admin/dashboard/today[39m
[2026-02-24 16:53:18] [[32minfo[39m]: [32mexpressReq.user : {"role":"ADMIN"}[39m
[2026-02-24 16:53:24] [[32minfo[39m]: [32m[GATEWAY PROXY] GET /admin/providers?page=1&limit=10 → http://localhost:4000/api/admin/providers?page=1&limit=10[39m
[2026-02-24 16:53:24] [[32minfo[39m]: [32mexpressReq.user : {"role":"ADMIN"}[39m
[2026-02-24 16:53:30] [[32minfo[39m]: [32m[GATEWAY PROXY] GET /admin/providers/698f28d799b35470f53dd6e2/profile → http://localhost:4000/api/admin/providers/698f28d799b35470f53dd6e2/profile[39m
[2026-02-24 16:53:30] [[32minfo[39m]: [32mexpressReq.user : {"role":"ADMIN"}[39m
[2026-02-24 16:59:21] [[32minfo[39m]: [32m[GATEWAY PROXY] POST /auth/signin → http://localhost:4000/api/auth/signin[39m
[2026-02-24 16:59:21] [[32minfo[39m]: [32mexpressReq.user : undefined[39m
[2026-02-24 16:59:30] [[32minfo[39m]: [32m[GATEWAY PROXY] GET /admin/dashboard/today → http://localhost:4000/api/admin/dashboard/today[39m
[2026-02-24 16:59:30] [[32minfo[39m]: [32mexpressReq.user : {"role":"ADMIN"}[39m
[2026-02-24 16:59:33] [[32minfo[39m]: [32m[GATEWAY PROXY] GET /admin/providers?page=1&limit=10 → http://localhost:4000/api/admin/providers?page=1&limit=10[39m
[2026-02-24 16:59:33] [[32minfo[39m]: [32mexpressReq.user : {"role":"ADMIN"}[39m
[2026-02-24 16:59:39] [[32minfo[39m]: [32m[GATEWAY PROXY] GET /admin/providers/698f28d799b35470f53dd6e2/profile → http://localhost:4000/api/admin/providers/698f28d799b35470f53dd6e2/profile[39m
[2026-02-24 16:59:39] [[32minfo[39m]: [32mexpressReq.user : {"role":"ADMIN"}[39m
[2026-02-24 16:59:46] [[32minfo[39m]: [32m[GATEWAY PROXY] GET /subscriptions/?page=1&limit=10&id=698f28d799b35470f53dd6e2 → http://localhost:4000/api/subscriptions/?page=1&limit=10&id=698f28d799b35470f53dd6e2[39m
[2026-02-24 16:59:46] [[32minfo[39m]: [32mexpressReq.user : {"role":"ADMIN"}[39m
[2026-02-24 17:11:17] [[32minfo[39m]: [32m[GATEWAY PROXY] POST /auth/signin → http://localhost:4000/api/auth/signin[39m
[2026-02-24 17:11:17] [[32minfo[39m]: [32mexpressReq.user : undefined[39m
[2026-02-24 17:11:27] [[32minfo[39m]: [32m[GATEWAY PROXY] GET /admin/dashboard/today → http://localhost:4000/api/admin/dashboard/today[39m
[2026-02-24 17:11:27] [[32minfo[39m]: [32mexpressReq.user : {"role":"ADMIN"}[39m
[2026-02-24 17:11:44] [[32minfo[39m]: [32m[GATEWAY PROXY] GET /admin/providers?page=1&limit=10 → http://localhost:4000/api/admin/providers?page=1&limit=10[39m
[2026-02-24 17:11:44] [[32minfo[39m]: [32mexpressReq.user : {"role":"ADMIN"}[39m
[2026-02-24 17:11:49] [[32minfo[39m]: [32m[GATEWAY PROXY] GET /admin/providers/698f28d799b35470f53dd6e2/profile → http://localhost:4000/api/admin/providers/698f28d799b35470f53dd6e2/profile[39m
[2026-02-24 17:11:49] [[32minfo[39m]: [32mexpressReq.user : {"role":"ADMIN"}[39m
[2026-02-24 17:11:52] [[32minfo[39m]: [32m[GATEWAY PROXY] GET /subscriptions/?page=1&limit=10&id=698f28d799b35470f53dd6e2 → http://localhost:4000/api/subscriptions/?page=1&limit=10&id=698f28d799b35470f53dd6e2[39m
[2026-02-24 17:11:52] [[32minfo[39m]: [32mexpressReq.user : {"role":"ADMIN"}[39m
[2026-02-24 17:16:15] [[32minfo[39m]: [32m[GATEWAY PROXY] GET /admin/providers/698f28d799b35470f53dd6e2/service → http://localhost:4000/api/admin/providers/698f28d799b35470f53dd6e2/service[39m
[2026-02-24 17:16:15] [[32minfo[39m]: [32mexpressReq.user : {"role":"ADMIN"}[39m
[2026-02-24 17:34:42] [[32minfo[39m]: [32m[SLOTFLOW API GATEWAY] running on http://localhost:3000[39m
[2026-02-24 17:35:13] [[32minfo[39m]: [32m[SLOTFLOW API GATEWAY] running on http://localhost:3000[39m
[2026-02-24 17:36:15] [[32minfo[39m]: [32m[SLOTFLOW API GATEWAY] running on http://localhost:3000[39m
[2026-02-24 17:36:42] [[32minfo[39m]: [32m[SLOTFLOW API GATEWAY] running on http://localhost:3000[39m
[2026-02-24 17:36:55] [[32minfo[39m]: [32m[SLOTFLOW API GATEWAY] running on http://localhost:3000[39m
[2026-02-24 18:33:04] [[32minfo[39m]: [32m[GATEWAY PROXY] POST /auth/signin → http://localhost:4000/api/auth/signin[39m
[2026-02-24 18:33:04] [[32minfo[39m]: [32mexpressReq.user : undefined[39m
[2026-02-24 18:33:14] [[32minfo[39m]: [32m[GATEWAY PROXY] GET /admin/dashboard/today → http://localhost:4000/api/admin/dashboard/today[39m
[2026-02-24 18:33:14] [[32minfo[39m]: [32mexpressReq.user : {"role":"ADMIN"}[39m
[2026-02-24 18:33:17] [[32minfo[39m]: [32m[GATEWAY PROXY] GET /admin/providers?page=1&limit=10 → http://localhost:4000/api/admin/providers?page=1&limit=10[39m
[2026-02-24 18:33:17] [[32minfo[39m]: [32mexpressReq.user : {"role":"ADMIN"}[39m
[2026-02-24 18:33:21] [[32minfo[39m]: [32m[GATEWAY PROXY] GET /admin/providers/698f28d799b35470f53dd6e2/profile → http://localhost:4000/api/admin/providers/698f28d799b35470f53dd6e2/profile[39m
[2026-02-24 18:33:21] [[32minfo[39m]: [32mexpressReq.user : {"role":"ADMIN"}[39m
[2026-02-24 18:33:23] [[32minfo[39m]: [32m[GATEWAY PROXY] GET /payments/?role=PROVIDER&providerId=698f28d799b35470f53dd6e2&id=698f28d799b35470f53dd6e2 → http://localhost:7000/api/payments/?role=PROVIDER&providerId=698f28d799b35470f53dd6e2&id=698f28d799b35470f53dd6e2[39m
[2026-02-24 18:33:23] [[32minfo[39m]: [32mexpressReq.user : {"role":"ADMIN"}[39m
[2026-02-24 18:33:32] [[32minfo[39m]: [32m[GATEWAY PROXY] GET /payments/699c173bbef4b6f75a1a7327 → http://localhost:7000/api/payments/699c173bbef4b6f75a1a7327[39m
[2026-02-24 18:33:32] [[32minfo[39m]: [32mexpressReq.user : {"role":"ADMIN"}[39m
[2026-02-24 18:41:44] [[32minfo[39m]: [32m[SLOTFLOW API GATEWAY] running on http://localhost:3000[39m
[2026-02-24 19:30:11] [[32minfo[39m]: [32m[GATEWAY PROXY] GET /admin/providers/698f28d799b35470f53dd6e2/profile → http://localhost:4000/api/admin/providers/698f28d799b35470f53dd6e2/profile[39m
[2026-02-24 19:30:11] [[32minfo[39m]: [32mexpressReq.user : {"role":"ADMIN"}[39m
[2026-02-24 19:30:14] [[32minfo[39m]: [32m[GATEWAY PROXY] GET /payments/?id=698f28d799b35470f53dd6e2&role=PROVIDER → http://localhost:7000/api/payments/?id=698f28d799b35470f53dd6e2&role=PROVIDER[39m
[2026-02-24 19:30:14] [[32minfo[39m]: [32mexpressReq.user : {"role":"ADMIN"}[39m
[2026-02-24 19:30:18] [[32minfo[39m]: [32m[GATEWAY PROXY] GET /subscriptions/?id=698f28d799b35470f53dd6e2&pagination=%5Bobject+Object%5D → http://localhost:4000/api/subscriptions/?id=698f28d799b35470f53dd6e2&pagination=%5Bobject+Object%5D[39m
[2026-02-24 19:30:18] [[32minfo[39m]: [32mexpressReq.user : {"role":"ADMIN"}[39m
[2026-02-24 19:31:15] [[32minfo[39m]: [32m[GATEWAY PROXY] GET /admin/providers/698f28d799b35470f53dd6e2/profile → http://localhost:4000/api/admin/providers/698f28d799b35470f53dd6e2/profile[39m
[2026-02-24 19:31:15] [[32minfo[39m]: [32mexpressReq.user : {"role":"ADMIN"}[39m
[2026-02-24 19:31:17] [[32minfo[39m]: [32m[GATEWAY PROXY] GET /subscriptions/?page=1&limit=10&id=698f28d799b35470f53dd6e2 → http://localhost:4000/api/subscriptions/?page=1&limit=10&id=698f28d799b35470f53dd6e2[39m
[2026-02-24 19:31:17] [[32minfo[39m]: [32mexpressReq.user : {"role":"ADMIN"}[39m
[2026-02-24 19:31:50] [[32minfo[39m]: [32m[GATEWAY PROXY] GET /payments/?role=PROVIDER&providerId=698f28d799b35470f53dd6e2&id=698f28d799b35470f53dd6e2 → http://localhost:7000/api/payments/?role=PROVIDER&providerId=698f28d799b35470f53dd6e2&id=698f28d799b35470f53dd6e2[39m
[2026-02-24 19:31:50] [[32minfo[39m]: [32mexpressReq.user : {"role":"ADMIN"}[39m
[2026-02-24 19:35:52] [[32minfo[39m]: [32m[GATEWAY PROXY] GET /admin/providers/698f28d799b35470f53dd6e2/profile → http://localhost:4000/api/admin/providers/698f28d799b35470f53dd6e2/profile[39m
[2026-02-24 19:35:52] [[32minfo[39m]: [32mexpressReq.user : {"role":"ADMIN"}[39m
[2026-02-24 19:35:56] [[32minfo[39m]: [32m[GATEWAY PROXY] GET /subscriptions/?id=698f28d799b35470f53dd6e2&pagination=%5Bobject+Object%5D → http://localhost:4000/api/subscriptions/?id=698f28d799b35470f53dd6e2&pagination=%5Bobject+Object%5D[39m
[2026-02-24 19:35:56] [[32minfo[39m]: [32mexpressReq.user : {"role":"ADMIN"}[39m
[2026-02-24 19:38:18] [[32minfo[39m]: [32m[GATEWAY PROXY] GET /payments/?id=698f28d799b35470f53dd6e2&role=PROVIDER → http://localhost:7000/api/payments/?id=698f28d799b35470f53dd6e2&role=PROVIDER[39m
[2026-02-24 19:38:18] [[32minfo[39m]: [32mexpressReq.user : {"role":"ADMIN"}[39m
[2026-02-24 19:39:03] [[32minfo[39m]: [32m[GATEWAY PROXY] GET /admin/reviews/698f28d799b35470f53dd6e2?id=698f28d799b35470f53dd6e2&role=PROVIDER&pagination=%5Bobject+Object%5D → http://localhost:4000/api/admin/reviews/698f28d799b35470f53dd6e2?id=698f28d799b35470f53dd6e2&role=PROVIDER&pagination=%5Bobject+Object%5D[39m
[2026-02-24 19:39:03] [[32minfo[39m]: [32mexpressReq.user : {"role":"ADMIN"}[39m
[2026-02-24 19:39:09] [[32minfo[39m]: [32m[GATEWAY PROXY] GET /admin/providers/698f28d799b35470f53dd6e2/profile → http://localhost:4000/api/admin/providers/698f28d799b35470f53dd6e2/profile[39m
[2026-02-24 19:39:09] [[32minfo[39m]: [32mexpressReq.user : {"role":"ADMIN"}[39m
[2026-02-24 19:39:10] [[32minfo[39m]: [32m[GATEWAY PROXY] GET /subscriptions/?id=698f28d799b35470f53dd6e2&pagination=%5Bobject+Object%5D → http://localhost:4000/api/subscriptions/?id=698f28d799b35470f53dd6e2&pagination=%5Bobject+Object%5D[39m
[2026-02-24 19:39:10] [[32minfo[39m]: [32mexpressReq.user : {"role":"ADMIN"}[39m
[2026-02-24 19:44:35] [[32minfo[39m]: [32m[GATEWAY PROXY] GET /payments/?page=1&limit=10 → http://localhost:7000/api/payments/?page=1&limit=10[39m
[2026-02-24 19:44:35] [[32minfo[39m]: [32mexpressReq.user : {"role":"ADMIN"}[39m
[2026-02-24 19:45:12] [[32minfo[39m]: [32m[GATEWAY PROXY] GET /payments/ → http://localhost:7000/api/payments/[39m
[2026-02-24 19:45:12] [[32minfo[39m]: [32mexpressReq.user : {"role":"ADMIN"}[39m
[2026-02-24 19:50:30] [[32minfo[39m]: [32m[GATEWAY PROXY] GET /payments/?page=1&limit=10 → http://localhost:7000/api/payments/?page=1&limit=10[39m
[2026-02-24 19:50:30] [[32minfo[39m]: [32mexpressReq.user : {"role":"ADMIN"}[39m
[2026-02-24 19:56:56] [[32minfo[39m]: [32m[GATEWAY PROXY] GET /payments/?page=1&limit=10 → http://localhost:7000/api/payments/?page=1&limit=10[39m
[2026-02-24 19:56:56] [[32minfo[39m]: [32mexpressReq.user : {"role":"ADMIN"}[39m
[2026-02-24 20:04:44] [[32minfo[39m]: [32m[GATEWAY PROXY] GET /payments/?page=1&limit=10 → http://localhost:7000/api/payments/?page=1&limit=10[39m
[2026-02-24 20:04:44] [[32minfo[39m]: [32mexpressReq.user : {"role":"ADMIN"}[39m
[2026-02-24 20:07:45] [[32minfo[39m]: [32m[GATEWAY PROXY] GET /payments/?page=1&limit=10 → http://localhost:7000/api/payments/?page=1&limit=10[39m
[2026-02-24 20:07:45] [[32minfo[39m]: [32mexpressReq.user : {"role":"ADMIN"}[39m
[2026-02-24 20:07:47] [[32minfo[39m]: [32m[GATEWAY PROXY] GET /admin/providers?page=1&limit=10 → http://localhost:4000/api/admin/providers?page=1&limit=10[39m
[2026-02-24 20:07:47] [[32minfo[39m]: [32mexpressReq.user : {"role":"ADMIN"}[39m
[2026-02-24 20:07:51] [[32minfo[39m]: [32m[GATEWAY PROXY] GET /admin/providers/698f28d799b35470f53dd6e2/profile → http://localhost:4000/api/admin/providers/698f28d799b35470f53dd6e2/profile[39m
[2026-02-24 20:07:51] [[32minfo[39m]: [32mexpressReq.user : {"role":"ADMIN"}[39m
[2026-02-24 20:07:53] [[32minfo[39m]: [32m[GATEWAY PROXY] GET /subscriptions/?page=1&limit=10&providerId=698f28d799b35470f53dd6e2 → http://localhost:4000/api/subscriptions/?page=1&limit=10&providerId=698f28d799b35470f53dd6e2[39m
[2026-02-24 20:07:53] [[32minfo[39m]: [32mexpressReq.user : {"role":"ADMIN"}[39m
[2026-02-24 20:23:47] [[32minfo[39m]: [32m[GATEWAY PROXY] GET /admin/providers/698f28d799b35470f53dd6e2/profile → http://localhost:4000/api/admin/providers/698f28d799b35470f53dd6e2/profile[39m
[2026-02-24 20:23:47] [[32minfo[39m]: [32mexpressReq.user : {"role":"ADMIN"}[39m
[2026-02-24 20:26:11] [[32minfo[39m]: [32m[GATEWAY PROXY] GET /admin/providers/698f28d799b35470f53dd6e2/profile → http://localhost:4000/api/admin/providers/698f28d799b35470f53dd6e2/profile[39m
[2026-02-24 20:26:11] [[32minfo[39m]: [32mexpressReq.user : {"role":"ADMIN"}[39m
[2026-02-24 20:26:33] [[32minfo[39m]: [32m[GATEWAY PROXY] GET /admin/providers/698f28d799b35470f53dd6e2/profile → http://localhost:4000/api/admin/providers/698f28d799b35470f53dd6e2/profile[39m
[2026-02-24 20:26:33] [[32minfo[39m]: [32mexpressReq.user : {"role":"ADMIN"}[39m
[2026-02-24 20:28:35] [[32minfo[39m]: [32m[GATEWAY PROXY] GET /admin/providers/698f28d799b35470f53dd6e2/profile → http://localhost:4000/api/admin/providers/698f28d799b35470f53dd6e2/profile[39m
[2026-02-24 20:28:35] [[32minfo[39m]: [32mexpressReq.user : {"role":"ADMIN"}[39m
[2026-02-24 20:43:08] [[32minfo[39m]: [32m[GATEWAY PROXY] GET /admin/providers/698f28d799b35470f53dd6e2/profile → http://localhost:4000/api/admin/providers/698f28d799b35470f53dd6e2/profile[39m
[2026-02-24 20:43:08] [[32minfo[39m]: [32mexpressReq.user : {"role":"ADMIN"}[39m
[2026-02-24 20:43:30] [[32minfo[39m]: [32m[GATEWAY PROXY] GET /admin/providers?page=1&limit=10 → http://localhost:4000/api/admin/providers?page=1&limit=10[39m
[2026-02-24 20:43:30] [[32minfo[39m]: [32mexpressReq.user : {"role":"ADMIN"}[39m
[2026-02-24 20:43:36] [[32minfo[39m]: [32m[GATEWAY PROXY] GET /subscriptions/698f28d799b35470f53dd6e2?page=1&limit=10 → http://localhost:4000/api/subscriptions/698f28d799b35470f53dd6e2?page=1&limit=10[39m
[2026-02-24 20:43:36] [[32minfo[39m]: [32mexpressReq.user : {"role":"ADMIN"}[39m
[2026-02-24 20:43:37] [[32minfo[39m]: [32m[GATEWAY PROXY] GET /subscriptions/698f28d799b35470f53dd6e2?page=1&limit=10 → http://localhost:4000/api/subscriptions/698f28d799b35470f53dd6e2?page=1&limit=10[39m
[2026-02-24 20:43:37] [[32minfo[39m]: [32mexpressReq.user : {"role":"ADMIN"}[39m
[2026-02-24 20:43:39] [[32minfo[39m]: [32m[GATEWAY PROXY] GET /subscriptions/698f28d799b35470f53dd6e2?page=1&limit=10 → http://localhost:4000/api/subscriptions/698f28d799b35470f53dd6e2?page=1&limit=10[39m
[2026-02-24 20:43:39] [[32minfo[39m]: [32mexpressReq.user : {"role":"ADMIN"}[39m
[2026-02-24 20:43:43] [[32minfo[39m]: [32m[GATEWAY PROXY] GET /subscriptions/698f28d799b35470f53dd6e2?page=1&limit=10 → http://localhost:4000/api/subscriptions/698f28d799b35470f53dd6e2?page=1&limit=10[39m
[2026-02-24 20:43:43] [[32minfo[39m]: [32mexpressReq.user : {"role":"ADMIN"}[39m
[2026-02-24 20:54:52] [[32minfo[39m]: [32m[GATEWAY PROXY] GET /admin/providers/698f28d799b35470f53dd6e2/profile → http://localhost:4000/api/admin/providers/698f28d799b35470f53dd6e2/profile[39m
[2026-02-24 20:54:52] [[32minfo[39m]: [32mexpressReq.user : {"role":"ADMIN"}[39m
[2026-02-24 21:08:41] [[32minfo[39m]: [32m[GATEWAY PROXY] GET /admin/providers/698f28d799b35470f53dd6e2/profile → http://localhost:4000/api/admin/providers/698f28d799b35470f53dd6e2/profile[39m
[2026-02-24 21:08:41] [[32minfo[39m]: [32mexpressReq.user : {"role":"ADMIN"}[39m
[2026-02-24 21:10:29] [[32minfo[39m]: [32m[GATEWAY PROXY] GET /admin/providers/698f28d799b35470f53dd6e2/profile → http://localhost:4000/api/admin/providers/698f28d799b35470f53dd6e2/profile[39m
[2026-02-24 21:10:29] [[32minfo[39m]: [32mexpressReq.user : {"role":"ADMIN"}[39m
[2026-02-24 21:21:06] [[32minfo[39m]: [32m[GATEWAY PROXY] GET /admin/providers/698f28d799b35470f53dd6e2/profile → http://localhost:4000/api/admin/providers/698f28d799b35470f53dd6e2/profile[39m
[2026-02-24 21:21:06] [[32minfo[39m]: [32mexpressReq.user : {"role":"ADMIN"}[39m
[2026-02-24 22:38:58] [[32minfo[39m]: [32m[GATEWAY PROXY] GET /admin/providers/698f28d799b35470f53dd6e2/profile → http://localhost:4000/api/admin/providers/698f28d799b35470f53dd6e2/profile[39m
[2026-02-24 22:38:58] [[32minfo[39m]: [32mexpressReq.user : {"role":"ADMIN"}[39m
[2026-02-24 22:56:32] [[32minfo[39m]: [32m[GATEWAY PROXY] GET /admin/providers/698f28d799b35470f53dd6e2/profile → http://localhost:4000/api/admin/providers/698f28d799b35470f53dd6e2/profile[39m
[2026-02-24 22:56:32] [[32minfo[39m]: [32mexpressReq.user : {"role":"ADMIN"}[39m
[2026-02-24 22:56:35] [[32minfo[39m]: [32m[GATEWAY PROXY] GET /subscriptions/?providerId=698f28d799b35470f53dd6e2&page=1&limit=10 → http://localhost:4000/api/subscriptions/?providerId=698f28d799b35470f53dd6e2&page=1&limit=10[39m
[2026-02-24 22:56:35] [[32minfo[39m]: [32mexpressReq.user : {"role":"ADMIN"}[39m
[2026-02-24 23:05:09] [[32minfo[39m]: [32m[GATEWAY PROXY] GET /admin/providers/698f28d799b35470f53dd6e2/profile → http://localhost:4000/api/admin/providers/698f28d799b35470f53dd6e2/profile[39m
[2026-02-24 23:05:09] [[32minfo[39m]: [32mexpressReq.user : {"role":"ADMIN"}[39m
[2026-02-24 23:08:28] [[32minfo[39m]: [32m[GATEWAY PROXY] GET /admin/providers/698f28d799b35470f53dd6e2/profile → http://localhost:4000/api/admin/providers/698f28d799b35470f53dd6e2/profile[39m
[2026-02-24 23:08:28] [[32minfo[39m]: [32mexpressReq.user : {"role":"ADMIN"}[39m
[2026-02-24 23:09:23] [[32minfo[39m]: [32m[GATEWAY PROXY] GET /admin/providers/698f28d799b35470f53dd6e2/profile → http://localhost:4000/api/admin/providers/698f28d799b35470f53dd6e2/profile[39m
[2026-02-24 23:09:23] [[32minfo[39m]: [32mexpressReq.user : {"role":"ADMIN"}[39m
[2026-02-24 23:14:50] [[32minfo[39m]: [32m[GATEWAY PROXY] GET /admin/providers/698f28d799b35470f53dd6e2/profile → http://localhost:4000/api/admin/providers/698f28d799b35470f53dd6e2/profile[39m
[2026-02-24 23:14:50] [[32minfo[39m]: [32mexpressReq.user : {"role":"ADMIN"}[39m
[2026-02-24 23:16:39] [[32minfo[39m]: [32m[GATEWAY PROXY] GET /admin/providers/698f28d799b35470f53dd6e2/profile → http://localhost:4000/api/admin/providers/698f28d799b35470f53dd6e2/profile[39m
[2026-02-24 23:16:39] [[32minfo[39m]: [32mexpressReq.user : {"role":"ADMIN"}[39m
[2026-02-24 23:16:59] [[32minfo[39m]: [32m[GATEWAY PROXY] GET /subscriptions/?providerId=698f28d799b35470f53dd6e2&page=1&limit=10 → http://localhost:4000/api/subscriptions/?providerId=698f28d799b35470f53dd6e2&page=1&limit=10[39m
[2026-02-24 23:16:59] [[32minfo[39m]: [32mexpressReq.user : {"role":"ADMIN"}[39m
[2026-02-24 23:17:03] [[32minfo[39m]: [32m[GATEWAY PROXY] GET /payments/?providerId=698f28d799b35470f53dd6e2&page=1&limit=10 → http://localhost:7000/api/payments/?providerId=698f28d799b35470f53dd6e2&page=1&limit=10[39m
[2026-02-24 23:17:03] [[32minfo[39m]: [32mexpressReq.user : {"role":"ADMIN"}[39m
[2026-02-24 23:17:08] [[32minfo[39m]: [32m[GATEWAY PROXY] GET /payments/699c173bbef4b6f75a1a7327 → http://localhost:7000/api/payments/699c173bbef4b6f75a1a7327[39m
[2026-02-24 23:17:08] [[32minfo[39m]: [32mexpressReq.user : {"role":"ADMIN"}[39m
[2026-02-24 23:17:32] [[32minfo[39m]: [32m[GATEWAY PROXY] GET /admin/providers?page=1&limit=10 → http://localhost:4000/api/admin/providers?page=1&limit=10[39m
[2026-02-24 23:17:32] [[32minfo[39m]: [32mexpressReq.user : {"role":"ADMIN"}[39m
[2026-02-24 23:19:19] [[32minfo[39m]: [32m[GATEWAY PROXY] GET /admin/providers/698f28d799b35470f53dd6e2/profile → http://localhost:4000/api/admin/providers/698f28d799b35470f53dd6e2/profile[39m
[2026-02-24 23:19:19] [[32minfo[39m]: [32mexpressReq.user : {"role":"ADMIN"}[39m
[2026-02-24 23:19:31] [[32minfo[39m]: [32m[GATEWAY PROXY] GET /admin/providers/698f28d799b35470f53dd6e2/profile → http://localhost:4000/api/admin/providers/698f28d799b35470f53dd6e2/profile[39m
[2026-02-24 23:19:31] [[32minfo[39m]: [32mexpressReq.user : {"role":"ADMIN"}[39m
[2026-02-24 23:19:35] [[32minfo[39m]: [32m[GATEWAY PROXY] GET /admin/providers/698f28d799b35470f53dd6e2/profile → http://localhost:4000/api/admin/providers/698f28d799b35470f53dd6e2/profile[39m
[2026-02-24 23:19:35] [[32minfo[39m]: [32mexpressReq.user : {"role":"ADMIN"}[39m
[2026-02-24 23:21:33] [[32minfo[39m]: [32m[GATEWAY PROXY] GET /admin/providers/698f28d799b35470f53dd6e2/profile → http://localhost:4000/api/admin/providers/698f28d799b35470f53dd6e2/profile[39m
[2026-02-24 23:21:33] [[32minfo[39m]: [32mexpressReq.user : {"role":"ADMIN"}[39m
[2026-02-24 23:22:10] [[32minfo[39m]: [32m[GATEWAY PROXY] GET /admin/providers/698f28d799b35470f53dd6e2/profile → http://localhost:4000/api/admin/providers/698f28d799b35470f53dd6e2/profile[39m
[2026-02-24 23:22:10] [[32minfo[39m]: [32mexpressReq.user : {"role":"ADMIN"}[39m
[2026-02-24 23:22:19] [[32minfo[39m]: [32m[GATEWAY PROXY] GET /admin/providers/698f28d799b35470f53dd6e2/profile → http://localhost:4000/api/admin/providers/698f28d799b35470f53dd6e2/profile[39m
[2026-02-24 23:22:19] [[32minfo[39m]: [32mexpressReq.user : {"role":"ADMIN"}[39m
[2026-02-24 23:22:23] [[32minfo[39m]: [32m[GATEWAY PROXY] GET /admin/providers/698f28d799b35470f53dd6e2/profile → http://localhost:4000/api/admin/providers/698f28d799b35470f53dd6e2/profile[39m
[2026-02-24 23:22:23] [[32minfo[39m]: [32mexpressReq.user : {"role":"ADMIN"}[39m
[2026-02-24 23:32:06] [[32minfo[39m]: [32m[GATEWAY PROXY] GET /subscriptions/?page=1&limit=10 → http://localhost:4000/api/subscriptions/?page=1&limit=10[39m
[2026-02-24 23:32:06] [[32minfo[39m]: [32mexpressReq.user : {"role":"ADMIN"}[39m
[2026-02-24 23:33:44] [[32minfo[39m]: [32m[GATEWAY PROXY] GET /subscriptions/?page=1&limit=10 → http://localhost:4000/api/subscriptions/?page=1&limit=10[39m
[2026-02-24 23:33:44] [[32minfo[39m]: [32mexpressReq.user : {"role":"ADMIN"}[39m
[2026-02-24 23:36:21] [[32minfo[39m]: [32m[GATEWAY PROXY] GET /subscriptions/?page=1&limit=10 → http://localhost:4000/api/subscriptions/?page=1&limit=10[39m
[2026-02-24 23:36:21] [[32minfo[39m]: [32mexpressReq.user : {"role":"ADMIN"}[39m
[2026-02-24 23:36:28] [[32minfo[39m]: [32m[GATEWAY PROXY] GET /subscriptions/?page=1&limit=10 → http://localhost:4000/api/subscriptions/?page=1&limit=10[39m
[2026-02-24 23:36:28] [[32minfo[39m]: [32mexpressReq.user : {"role":"ADMIN"}[39m
[2026-02-24 23:36:42] [[32minfo[39m]: [32m[GATEWAY PROXY] GET /subscriptions/?page=1&limit=10 → http://localhost:4000/api/subscriptions/?page=1&limit=10[39m
[2026-02-24 23:36:42] [[32minfo[39m]: [32mexpressReq.user : {"role":"ADMIN"}[39m
[2026-02-24 23:36:47] [[32minfo[39m]: [32m[GATEWAY PROXY] GET /subscriptions/?page=1&limit=10 → http://localhost:4000/api/subscriptions/?page=1&limit=10[39m
[2026-02-24 23:36:47] [[32minfo[39m]: [32mexpressReq.user : {"role":"ADMIN"}[39m
[2026-02-24 23:36:50] [[32minfo[39m]: [32m[GATEWAY PROXY] GET /subscriptions/?page=1&limit=10 → http://localhost:4000/api/subscriptions/?page=1&limit=10[39m
[2026-02-24 23:36:50] [[32minfo[39m]: [32mexpressReq.user : {"role":"ADMIN"}[39m
[2026-02-24 23:36:54] [[32minfo[39m]: [32m[GATEWAY PROXY] GET /subscriptions/?page=1&limit=10 → http://localhost:4000/api/subscriptions/?page=1&limit=10[39m
[2026-02-24 23:36:54] [[32minfo[39m]: [32mexpressReq.user : {"role":"ADMIN"}[39m
[2026-02-24 23:36:57] [[32minfo[39m]: [32m[GATEWAY PROXY] GET /subscriptions/?page=1&limit=10 → http://localhost:4000/api/subscriptions/?page=1&limit=10[39m
[2026-02-24 23:36:57] [[32minfo[39m]: [32mexpressReq.user : {"role":"ADMIN"}[39m
[2026-02-24 23:37:03] [[32minfo[39m]: [32m[GATEWAY PROXY] GET /subscriptions/?page=1&limit=10 → http://localhost:4000/api/subscriptions/?page=1&limit=10[39m
[2026-02-24 23:37:03] [[32minfo[39m]: [32mexpressReq.user : {"role":"ADMIN"}[39m
[2026-02-24 23:37:15] [[32minfo[39m]: [32m[GATEWAY PROXY] GET /subscriptions/?page=1&limit=10 → http://localhost:4000/api/subscriptions/?page=1&limit=10[39m
[2026-02-24 23:37:15] [[32minfo[39m]: [32mexpressReq.user : {"role":"ADMIN"}[39m
[2026-02-24 23:38:53] [[32minfo[39m]: [32m[GATEWAY PROXY] GET /subscriptions/?page=1&limit=10 → http://localhost:4000/api/subscriptions/?page=1&limit=10[39m
[2026-02-24 23:38:53] [[32minfo[39m]: [32mexpressReq.user : {"role":"ADMIN"}[39m
[2026-02-24 23:39:32] [[32minfo[39m]: [32m[GATEWAY PROXY] GET /subscriptions/?page=1&limit=10 → http://localhost:4000/api/subscriptions/?page=1&limit=10[39m
[2026-02-24 23:39:32] [[32minfo[39m]: [32mexpressReq.user : {"role":"ADMIN"}[39m
[2026-02-24 23:40:39] [[32minfo[39m]: [32m[GATEWAY PROXY] GET /admin/dashboard/today → http://localhost:4000/api/admin/dashboard/today[39m
[2026-02-24 23:40:39] [[32minfo[39m]: [32mexpressReq.user : {"role":"ADMIN"}[39m
[2026-02-24 23:40:42] [[32minfo[39m]: [32m[GATEWAY PROXY] GET /admin/reports/revenue?pagination=%5Bobject+Object%5D → http://localhost:4000/api/admin/reports/revenue?pagination=%5Bobject+Object%5D[39m
[2026-02-24 23:40:42] [[32minfo[39m]: [32mexpressReq.user : {"role":"ADMIN"}[39m
[2026-02-24 23:40:43] [[32minfo[39m]: [32m[GATEWAY PROXY] GET /admin/reports/revenue?pagination=%5Bobject+Object%5D → http://localhost:4000/api/admin/reports/revenue?pagination=%5Bobject+Object%5D[39m
[2026-02-24 23:40:43] [[32minfo[39m]: [32mexpressReq.user : {"role":"ADMIN"}[39m
[2026-02-24 23:40:45] [[32minfo[39m]: [32m[GATEWAY PROXY] GET /admin/reports/revenue?pagination=%5Bobject+Object%5D → http://localhost:4000/api/admin/reports/revenue?pagination=%5Bobject+Object%5D[39m
[2026-02-24 23:40:45] [[32minfo[39m]: [32mexpressReq.user : {"role":"ADMIN"}[39m
[2026-02-24 23:42:16] [[32minfo[39m]: [32m[GATEWAY PROXY] GET /admin/users?page=1&limit=10 → http://localhost:4000/api/admin/users?page=1&limit=10[39m
[2026-02-24 23:42:16] [[32minfo[39m]: [32mexpressReq.user : {"role":"ADMIN"}[39m
[2026-02-24 23:42:23] [[32minfo[39m]: [32m[GATEWAY PROXY] GET /admin/users/698f22c999b35470f53dd6d9/profile → http://localhost:4000/api/admin/users/698f22c999b35470f53dd6d9/profile[39m
[2026-02-24 23:42:23] [[32minfo[39m]: [32mexpressReq.user : {"role":"ADMIN"}[39m
[2026-02-24 23:42:26] [[32minfo[39m]: [32m[GATEWAY PROXY] GET /admin/users/698f22c999b35470f53dd6d9/address → http://localhost:4000/api/admin/users/698f22c999b35470f53dd6d9/address[39m
[2026-02-24 23:42:26] [[32minfo[39m]: [32mexpressReq.user : {"role":"ADMIN"}[39m
[2026-02-24 23:42:27] [[32minfo[39m]: [32m[GATEWAY PROXY] GET /admin/reviews/698f22c999b35470f53dd6d9?id=698f22c999b35470f53dd6d9&role=USER&pagination=%5Bobject+Object%5D → http://localhost:4000/api/admin/reviews/698f22c999b35470f53dd6d9?id=698f22c999b35470f53dd6d9&role=USER&pagination=%5Bobject+Object%5D[39m
[2026-02-24 23:42:27] [[32minfo[39m]: [32mexpressReq.user : {"role":"ADMIN"}[39m
[2026-02-24 23:42:30] [[32minfo[39m]: [32m[GATEWAY PROXY] GET /admin/services?page=1&limit=10 → http://localhost:4000/api/admin/services?page=1&limit=10[39m
[2026-02-24 23:42:30] [[32minfo[39m]: [32mexpressReq.user : {"role":"ADMIN"}[39m
[2026-02-24 23:42:32] [[32minfo[39m]: [32m[GATEWAY PROXY] GET /admin/plans?page=1&limit=10 → http://localhost:4000/api/admin/plans?page=1&limit=10[39m
[2026-02-24 23:42:32] [[32minfo[39m]: [32mexpressReq.user : {"role":"ADMIN"}[39m
[2026-02-24 23:42:34] [[32minfo[39m]: [32m[GATEWAY PROXY] GET /subscriptions/?page=1&limit=10 → http://localhost:4000/api/subscriptions/?page=1&limit=10[39m
[2026-02-24 23:42:34] [[32minfo[39m]: [32mexpressReq.user : {"role":"ADMIN"}[39m
[2026-02-24 23:42:37] [[32minfo[39m]: [32m[GATEWAY PROXY] GET /payments/?page=1&limit=10 → http://localhost:7000/api/payments/?page=1&limit=10[39m
[2026-02-24 23:42:37] [[32minfo[39m]: [32mexpressReq.user : {"role":"ADMIN"}[39m
[2026-02-24 23:45:13] [[32minfo[39m]: [32m[GATEWAY PROXY] PATCH /admin/users/698f22c999b35470f53dd6d9 → http://localhost:4000/api/admin/users/698f22c999b35470f53dd6d9[39m
[2026-02-24 23:45:13] [[32minfo[39m]: [32mexpressReq.user : {"role":"ADMIN"}[39m
[2026-02-24 23:45:16] [[32minfo[39m]: [32m[GATEWAY PROXY] GET /admin/users?page=1&limit=10 → http://localhost:4000/api/admin/users?page=1&limit=10[39m
[2026-02-24 23:45:16] [[32minfo[39m]: [32mexpressReq.user : {"role":"ADMIN"}[39m
[2026-02-24 23:45:19] [[32minfo[39m]: [32m[GATEWAY PROXY] PATCH /admin/users/698f22c999b35470f53dd6d9 → http://localhost:4000/api/admin/users/698f22c999b35470f53dd6d9[39m
[2026-02-24 23:45:19] [[32minfo[39m]: [32mexpressReq.user : {"role":"ADMIN"}[39m
[2026-02-24 23:45:19] [[32minfo[39m]: [32m[GATEWAY PROXY] GET /admin/users?page=1&limit=10 → http://localhost:4000/api/admin/users?page=1&limit=10[39m
[2026-02-24 23:45:19] [[32minfo[39m]: [32mexpressReq.user : {"role":"ADMIN"}[39m
[2026-02-24 23:45:22] [[32minfo[39m]: [32m[GATEWAY PROXY] GET /admin/providers?page=1&limit=10 → http://localhost:4000/api/admin/providers?page=1&limit=10[39m
[2026-02-24 23:45:22] [[32minfo[39m]: [32mexpressReq.user : {"role":"ADMIN"}[39m
[2026-02-24 23:45:25] [[32minfo[39m]: [32m[GATEWAY PROXY] PATCH /admin/providers/698f28d799b35470f53dd6e2/block → http://localhost:4000/api/admin/providers/698f28d799b35470f53dd6e2/block[39m
[2026-02-24 23:45:25] [[32minfo[39m]: [32mexpressReq.user : {"role":"ADMIN"}[39m
[2026-02-24 23:45:26] [[32minfo[39m]: [32m[GATEWAY PROXY] GET /admin/providers?page=1&limit=10 → http://localhost:4000/api/admin/providers?page=1&limit=10[39m
[2026-02-24 23:45:26] [[32minfo[39m]: [32mexpressReq.user : {"role":"ADMIN"}[39m
[2026-02-24 23:45:30] [[32minfo[39m]: [32m[GATEWAY PROXY] PATCH /admin/providers/698f28d799b35470f53dd6e2/block → http://localhost:4000/api/admin/providers/698f28d799b35470f53dd6e2/block[39m
[2026-02-24 23:45:30] [[32minfo[39m]: [32mexpressReq.user : {"role":"ADMIN"}[39m
[2026-02-24 23:45:31] [[32minfo[39m]: [32m[GATEWAY PROXY] GET /admin/providers?page=1&limit=10 → http://localhost:4000/api/admin/providers?page=1&limit=10[39m
[2026-02-24 23:45:31] [[32minfo[39m]: [32mexpressReq.user : {"role":"ADMIN"}[39m
