[2026-02-16 23:02:43] [[31merror[39m]: [31mgetBlockList failed[39m
[31mfetch failed[39m
[31mTypeError: fetch failed[39m
[31m    at node:internal/deps/undici/undici:16416:13[39m
[31m    at process.processTicksAndRejections (node:internal/process/task_queues:103:5)[39m
[31m    at async HttpClient.request (file:///C:/MY%20LOCAL%20DISC/Slotflow/slotflow-api-gateway/node_modules/.pnpm/@upstash+redis@1.36.1/node_modules/@upstash/redis/chunk-LLI2WIYN.mjs:171:15)[39m
[31m    at async Pipeline.exec (file:///C:/MY%20LOCAL%20DISC/Slotflow/slotflow-api-gateway/node_modules/.pnpm/@upstash+redis@1.36.1/node_modules/@upstash/redis/chunk-LLI2WIYN.mjs:2528:17)[39m
[31m    at async AutoPipelineExecutor.withAutoPipeline (file:///C:/MY%20LOCAL%20DISC/Slotflow/slotflow-api-gateway/node_modules/.pnpm/@upstash+redis@1.36.1/node_modules/@upstash/redis/chunk-LLI2WIYN.mjs:3443:21)[39m
[31m    at async CacheServiceImpl.getBlockList (C:\MY LOCAL DISC\Slotflow\slotflow-api-gateway\src\services\cache.service.impl.ts:14:20)[39m
[31m    at async blockCheckMiddleware (C:\MY LOCAL DISC\Slotflow\slotflow-api-gateway\src\middleware\blockCheck.middleware.ts:14:30)[39m
[2026-02-16 23:02:43] [[31merror[39m]: [31mError in blockCheckMiddleware[39m
[31mfetch failed[39m
[31mTypeError: fetch failed[39m
[31m    at node:internal/deps/undici/undici:16416:13[39m
[31m    at process.processTicksAndRejections (node:internal/process/task_queues:103:5)[39m
[31m    at async HttpClient.request (file:///C:/MY%20LOCAL%20DISC/Slotflow/slotflow-api-gateway/node_modules/.pnpm/@upstash+redis@1.36.1/node_modules/@upstash/redis/chunk-LLI2WIYN.mjs:171:15)[39m
[31m    at async Pipeline.exec (file:///C:/MY%20LOCAL%20DISC/Slotflow/slotflow-api-gateway/node_modules/.pnpm/@upstash+redis@1.36.1/node_modules/@upstash/redis/chunk-LLI2WIYN.mjs:2528:17)[39m
[31m    at async AutoPipelineExecutor.withAutoPipeline (file:///C:/MY%20LOCAL%20DISC/Slotflow/slotflow-api-gateway/node_modules/.pnpm/@upstash+redis@1.36.1/node_modules/@upstash/redis/chunk-LLI2WIYN.mjs:3443:21)[39m
[31m    at async CacheServiceImpl.getBlockList (C:\MY LOCAL DISC\Slotflow\slotflow-api-gateway\src\services\cache.service.impl.ts:14:20)[39m
[31m    at async blockCheckMiddleware (C:\MY LOCAL DISC\Slotflow\slotflow-api-gateway\src\middleware\blockCheck.middleware.ts:14:30)[39m
[2026-02-20 22:56:12] [[31merror[39m]: [31mgetBlockList failed[39m
[31mfetch failed[39m
[31mTypeError: fetch failed[39m
[31m    at node:internal/deps/undici/undici:16416:13[39m
[31m    at process.processTicksAndRejections (node:internal/process/task_queues:103:5)[39m
[31m    at async HttpClient.request (file:///C:/MY%20LOCAL%20DISC/Slotflow/slotflow-api-gateway/node_modules/.pnpm/@upstash+redis@1.36.1/node_modules/@upstash/redis/chunk-LLI2WIYN.mjs:171:15)[39m
[31m    at async Pipeline.exec (file:///C:/MY%20LOCAL%20DISC/Slotflow/slotflow-api-gateway/node_modules/.pnpm/@upstash+redis@1.36.1/node_modules/@upstash/redis/chunk-LLI2WIYN.mjs:2528:17)[39m
[31m    at async AutoPipelineExecutor.withAutoPipeline (file:///C:/MY%20LOCAL%20DISC/Slotflow/slotflow-api-gateway/node_modules/.pnpm/@upstash+redis@1.36.1/node_modules/@upstash/redis/chunk-LLI2WIYN.mjs:3443:21)[39m
[31m    at async CacheServiceImpl.getBlockList (C:\MY LOCAL DISC\Slotflow\slotflow-api-gateway\src\services\cache.service.impl.ts:14:20)[39m
[31m    at async blockCheckMiddleware (C:\MY LOCAL DISC\Slotflow\slotflow-api-gateway\src\middleware\blockCheck.middleware.ts:14:30)[39m
[2026-02-20 22:56:12] [[31merror[39m]: [31mError in blockCheckMiddleware[39m
[31mfetch failed[39m
[31mTypeError: fetch failed[39m
[31m    at node:internal/deps/undici/undici:16416:13[39m
[31m    at process.processTicksAndRejections (node:internal/process/task_queues:103:5)[39m
[31m    at async HttpClient.request (file:///C:/MY%20LOCAL%20DISC/Slotflow/slotflow-api-gateway/node_modules/.pnpm/@upstash+redis@1.36.1/node_modules/@upstash/redis/chunk-LLI2WIYN.mjs:171:15)[39m
[31m    at async Pipeline.exec (file:///C:/MY%20LOCAL%20DISC/Slotflow/slotflow-api-gateway/node_modules/.pnpm/@upstash+redis@1.36.1/node_modules/@upstash/redis/chunk-LLI2WIYN.mjs:2528:17)[39m
[31m    at async AutoPipelineExecutor.withAutoPipeline (file:///C:/MY%20LOCAL%20DISC/Slotflow/slotflow-api-gateway/node_modules/.pnpm/@upstash+redis@1.36.1/node_modules/@upstash/redis/chunk-LLI2WIYN.mjs:3443:21)[39m
[31m    at async CacheServiceImpl.getBlockList (C:\MY LOCAL DISC\Slotflow\slotflow-api-gateway\src\services\cache.service.impl.ts:14:20)[39m
[31m    at async blockCheckMiddleware (C:\MY LOCAL DISC\Slotflow\slotflow-api-gateway\src\middleware\blockCheck.middleware.ts:14:30)[39m
[2026-02-20 22:56:14] [[31merror[39m]: [31mgetBlockList failed[39m
[31mfetch failed[39m
[31mTypeError: fetch failed[39m
[31m    at node:internal/deps/undici/undici:16416:13[39m
[31m    at process.processTicksAndRejections (node:internal/process/task_queues:103:5)[39m
[31m    at async HttpClient.request (file:///C:/MY%20LOCAL%20DISC/Slotflow/slotflow-api-gateway/node_modules/.pnpm/@upstash+redis@1.36.1/node_modules/@upstash/redis/chunk-LLI2WIYN.mjs:171:15)[39m
[31m    at async Pipeline.exec (file:///C:/MY%20LOCAL%20DISC/Slotflow/slotflow-api-gateway/node_modules/.pnpm/@upstash+redis@1.36.1/node_modules/@upstash/redis/chunk-LLI2WIYN.mjs:2528:17)[39m
[31m    at async AutoPipelineExecutor.withAutoPipeline (file:///C:/MY%20LOCAL%20DISC/Slotflow/slotflow-api-gateway/node_modules/.pnpm/@upstash+redis@1.36.1/node_modules/@upstash/redis/chunk-LLI2WIYN.mjs:3443:21)[39m
[31m    at async CacheServiceImpl.getBlockList (C:\MY LOCAL DISC\Slotflow\slotflow-api-gateway\src\services\cache.service.impl.ts:14:20)[39m
[31m    at async blockCheckMiddleware (C:\MY LOCAL DISC\Slotflow\slotflow-api-gateway\src\middleware\blockCheck.middleware.ts:14:30)[39m
[2026-02-20 22:56:14] [[31merror[39m]: [31mError in blockCheckMiddleware[39m
[31mfetch failed[39m
[31mTypeError: fetch failed[39m
[31m    at node:internal/deps/undici/undici:16416:13[39m
[31m    at process.processTicksAndRejections (node:internal/process/task_queues:103:5)[39m
[31m    at async HttpClient.request (file:///C:/MY%20LOCAL%20DISC/Slotflow/slotflow-api-gateway/node_modules/.pnpm/@upstash+redis@1.36.1/node_modules/@upstash/redis/chunk-LLI2WIYN.mjs:171:15)[39m
[31m    at async Pipeline.exec (file:///C:/MY%20LOCAL%20DISC/Slotflow/slotflow-api-gateway/node_modules/.pnpm/@upstash+redis@1.36.1/node_modules/@upstash/redis/chunk-LLI2WIYN.mjs:2528:17)[39m
[31m    at async AutoPipelineExecutor.withAutoPipeline (file:///C:/MY%20LOCAL%20DISC/Slotflow/slotflow-api-gateway/node_modules/.pnpm/@upstash+redis@1.36.1/node_modules/@upstash/redis/chunk-LLI2WIYN.mjs:3443:21)[39m
[31m    at async CacheServiceImpl.getBlockList (C:\MY LOCAL DISC\Slotflow\slotflow-api-gateway\src\services\cache.service.impl.ts:14:20)[39m
[31m    at async blockCheckMiddleware (C:\MY LOCAL DISC\Slotflow\slotflow-api-gateway\src\middleware\blockCheck.middleware.ts:14:30)[39m
[2026-02-20 22:56:17] [[31merror[39m]: [31mgetBlockList failed[39m
[31mfetch failed[39m
[31mTypeError: fetch failed[39m
[31m    at node:internal/deps/undici/undici:16416:13[39m
[31m    at process.processTicksAndRejections (node:internal/process/task_queues:103:5)[39m
[31m    at async HttpClient.request (file:///C:/MY%20LOCAL%20DISC/Slotflow/slotflow-api-gateway/node_modules/.pnpm/@upstash+redis@1.36.1/node_modules/@upstash/redis/chunk-LLI2WIYN.mjs:171:15)[39m
[31m    at async Pipeline.exec (file:///C:/MY%20LOCAL%20DISC/Slotflow/slotflow-api-gateway/node_modules/.pnpm/@upstash+redis@1.36.1/node_modules/@upstash/redis/chunk-LLI2WIYN.mjs:2528:17)[39m
[31m    at async AutoPipelineExecutor.withAutoPipeline (file:///C:/MY%20LOCAL%20DISC/Slotflow/slotflow-api-gateway/node_modules/.pnpm/@upstash+redis@1.36.1/node_modules/@upstash/redis/chunk-LLI2WIYN.mjs:3443:21)[39m
[31m    at async CacheServiceImpl.getBlockList (C:\MY LOCAL DISC\Slotflow\slotflow-api-gateway\src\services\cache.service.impl.ts:14:20)[39m
[31m    at async blockCheckMiddleware (C:\MY LOCAL DISC\Slotflow\slotflow-api-gateway\src\middleware\blockCheck.middleware.ts:14:30)[39m
[2026-02-20 22:56:17] [[31merror[39m]: [31mError in blockCheckMiddleware[39m
[31mfetch failed[39m
[31mTypeError: fetch failed[39m
[31m    at node:internal/deps/undici/undici:16416:13[39m
[31m    at process.processTicksAndRejections (node:internal/process/task_queues:103:5)[39m
[31m    at async HttpClient.request (file:///C:/MY%20LOCAL%20DISC/Slotflow/slotflow-api-gateway/node_modules/.pnpm/@upstash+redis@1.36.1/node_modules/@upstash/redis/chunk-LLI2WIYN.mjs:171:15)[39m
[31m    at async Pipeline.exec (file:///C:/MY%20LOCAL%20DISC/Slotflow/slotflow-api-gateway/node_modules/.pnpm/@upstash+redis@1.36.1/node_modules/@upstash/redis/chunk-LLI2WIYN.mjs:2528:17)[39m
[31m    at async AutoPipelineExecutor.withAutoPipeline (file:///C:/MY%20LOCAL%20DISC/Slotflow/slotflow-api-gateway/node_modules/.pnpm/@upstash+redis@1.36.1/node_modules/@upstash/redis/chunk-LLI2WIYN.mjs:3443:21)[39m
[31m    at async CacheServiceImpl.getBlockList (C:\MY LOCAL DISC\Slotflow\slotflow-api-gateway\src\services\cache.service.impl.ts:14:20)[39m
[31m    at async blockCheckMiddleware (C:\MY LOCAL DISC\Slotflow\slotflow-api-gateway\src\middleware\blockCheck.middleware.ts:14:30)[39m
[2026-02-20 22:56:19] [[31merror[39m]: [31mgetBlockList failed[39m
[31mfetch failed[39m
[31mTypeError: fetch failed[39m
[31m    at node:internal/deps/undici/undici:16416:13[39m
[31m    at process.processTicksAndRejections (node:internal/process/task_queues:103:5)[39m
[31m    at async HttpClient.request (file:///C:/MY%20LOCAL%20DISC/Slotflow/slotflow-api-gateway/node_modules/.pnpm/@upstash+redis@1.36.1/node_modules/@upstash/redis/chunk-LLI2WIYN.mjs:171:15)[39m
[31m    at async Pipeline.exec (file:///C:/MY%20LOCAL%20DISC/Slotflow/slotflow-api-gateway/node_modules/.pnpm/@upstash+redis@1.36.1/node_modules/@upstash/redis/chunk-LLI2WIYN.mjs:2528:17)[39m
[31m    at async AutoPipelineExecutor.withAutoPipeline (file:///C:/MY%20LOCAL%20DISC/Slotflow/slotflow-api-gateway/node_modules/.pnpm/@upstash+redis@1.36.1/node_modules/@upstash/redis/chunk-LLI2WIYN.mjs:3443:21)[39m
[31m    at async CacheServiceImpl.getBlockList (C:\MY LOCAL DISC\Slotflow\slotflow-api-gateway\src\services\cache.service.impl.ts:14:20)[39m
[31m    at async blockCheckMiddleware (C:\MY LOCAL DISC\Slotflow\slotflow-api-gateway\src\middleware\blockCheck.middleware.ts:14:30)[39m
[2026-02-20 22:56:19] [[31merror[39m]: [31mError in blockCheckMiddleware[39m
[31mfetch failed[39m
[31mTypeError: fetch failed[39m
[31m    at node:internal/deps/undici/undici:16416:13[39m
[31m    at process.processTicksAndRejections (node:internal/process/task_queues:103:5)[39m
[31m    at async HttpClient.request (file:///C:/MY%20LOCAL%20DISC/Slotflow/slotflow-api-gateway/node_modules/.pnpm/@upstash+redis@1.36.1/node_modules/@upstash/redis/chunk-LLI2WIYN.mjs:171:15)[39m
[31m    at async Pipeline.exec (file:///C:/MY%20LOCAL%20DISC/Slotflow/slotflow-api-gateway/node_modules/.pnpm/@upstash+redis@1.36.1/node_modules/@upstash/redis/chunk-LLI2WIYN.mjs:2528:17)[39m
[31m    at async AutoPipelineExecutor.withAutoPipeline (file:///C:/MY%20LOCAL%20DISC/Slotflow/slotflow-api-gateway/node_modules/.pnpm/@upstash+redis@1.36.1/node_modules/@upstash/redis/chunk-LLI2WIYN.mjs:3443:21)[39m
[31m    at async CacheServiceImpl.getBlockList (C:\MY LOCAL DISC\Slotflow\slotflow-api-gateway\src\services\cache.service.impl.ts:14:20)[39m
[31m    at async blockCheckMiddleware (C:\MY LOCAL DISC\Slotflow\slotflow-api-gateway\src\middleware\blockCheck.middleware.ts:14:30)[39m
[2026-02-20 22:56:23] [[31merror[39m]: [31mgetBlockList failed[39m
[31mfetch failed[39m
[31mTypeError: fetch failed[39m
[31m    at node:internal/deps/undici/undici:16416:13[39m
[31m    at process.processTicksAndRejections (node:internal/process/task_queues:103:5)[39m
[31m    at async HttpClient.request (file:///C:/MY%20LOCAL%20DISC/Slotflow/slotflow-api-gateway/node_modules/.pnpm/@upstash+redis@1.36.1/node_modules/@upstash/redis/chunk-LLI2WIYN.mjs:171:15)[39m
[31m    at async Pipeline.exec (file:///C:/MY%20LOCAL%20DISC/Slotflow/slotflow-api-gateway/node_modules/.pnpm/@upstash+redis@1.36.1/node_modules/@upstash/redis/chunk-LLI2WIYN.mjs:2528:17)[39m
[31m    at async AutoPipelineExecutor.withAutoPipeline (file:///C:/MY%20LOCAL%20DISC/Slotflow/slotflow-api-gateway/node_modules/.pnpm/@upstash+redis@1.36.1/node_modules/@upstash/redis/chunk-LLI2WIYN.mjs:3443:21)[39m
[31m    at async CacheServiceImpl.getBlockList (C:\MY LOCAL DISC\Slotflow\slotflow-api-gateway\src\services\cache.service.impl.ts:14:20)[39m
[31m    at async blockCheckMiddleware (C:\MY LOCAL DISC\Slotflow\slotflow-api-gateway\src\middleware\blockCheck.middleware.ts:14:30)[39m
[2026-02-20 22:56:23] [[31merror[39m]: [31mError in blockCheckMiddleware[39m
[31mfetch failed[39m
[31mTypeError: fetch failed[39m
[31m    at node:internal/deps/undici/undici:16416:13[39m
[31m    at process.processTicksAndRejections (node:internal/process/task_queues:103:5)[39m
[31m    at async HttpClient.request (file:///C:/MY%20LOCAL%20DISC/Slotflow/slotflow-api-gateway/node_modules/.pnpm/@upstash+redis@1.36.1/node_modules/@upstash/redis/chunk-LLI2WIYN.mjs:171:15)[39m
[31m    at async Pipeline.exec (file:///C:/MY%20LOCAL%20DISC/Slotflow/slotflow-api-gateway/node_modules/.pnpm/@upstash+redis@1.36.1/node_modules/@upstash/redis/chunk-LLI2WIYN.mjs:2528:17)[39m
[31m    at async AutoPipelineExecutor.withAutoPipeline (file:///C:/MY%20LOCAL%20DISC/Slotflow/slotflow-api-gateway/node_modules/.pnpm/@upstash+redis@1.36.1/node_modules/@upstash/redis/chunk-LLI2WIYN.mjs:3443:21)[39m
[31m    at async CacheServiceImpl.getBlockList (C:\MY LOCAL DISC\Slotflow\slotflow-api-gateway\src\services\cache.service.impl.ts:14:20)[39m
[31m    at async blockCheckMiddleware (C:\MY LOCAL DISC\Slotflow\slotflow-api-gateway\src\middleware\blockCheck.middleware.ts:14:30)[39m
[2026-02-20 22:56:25] [[31merror[39m]: [31mgetBlockList failed[39m
[31mfetch failed[39m
[31mTypeError: fetch failed[39m
[31m    at node:internal/deps/undici/undici:16416:13[39m
[31m    at process.processTicksAndRejections (node:internal/process/task_queues:103:5)[39m
[31m    at async HttpClient.request (file:///C:/MY%20LOCAL%20DISC/Slotflow/slotflow-api-gateway/node_modules/.pnpm/@upstash+redis@1.36.1/node_modules/@upstash/redis/chunk-LLI2WIYN.mjs:171:15)[39m
[31m    at async Pipeline.exec (file:///C:/MY%20LOCAL%20DISC/Slotflow/slotflow-api-gateway/node_modules/.pnpm/@upstash+redis@1.36.1/node_modules/@upstash/redis/chunk-LLI2WIYN.mjs:2528:17)[39m
[31m    at async AutoPipelineExecutor.withAutoPipeline (file:///C:/MY%20LOCAL%20DISC/Slotflow/slotflow-api-gateway/node_modules/.pnpm/@upstash+redis@1.36.1/node_modules/@upstash/redis/chunk-LLI2WIYN.mjs:3443:21)[39m
[31m    at async CacheServiceImpl.getBlockList (C:\MY LOCAL DISC\Slotflow\slotflow-api-gateway\src\services\cache.service.impl.ts:14:20)[39m
[31m    at async blockCheckMiddleware (C:\MY LOCAL DISC\Slotflow\slotflow-api-gateway\src\middleware\blockCheck.middleware.ts:14:30)[39m
[2026-02-20 22:56:25] [[31merror[39m]: [31mError in blockCheckMiddleware[39m
[31mfetch failed[39m
[31mTypeError: fetch failed[39m
[31m    at node:internal/deps/undici/undici:16416:13[39m
[31m    at process.processTicksAndRejections (node:internal/process/task_queues:103:5)[39m
[31m    at async HttpClient.request (file:///C:/MY%20LOCAL%20DISC/Slotflow/slotflow-api-gateway/node_modules/.pnpm/@upstash+redis@1.36.1/node_modules/@upstash/redis/chunk-LLI2WIYN.mjs:171:15)[39m
[31m    at async Pipeline.exec (file:///C:/MY%20LOCAL%20DISC/Slotflow/slotflow-api-gateway/node_modules/.pnpm/@upstash+redis@1.36.1/node_modules/@upstash/redis/chunk-LLI2WIYN.mjs:2528:17)[39m
[31m    at async AutoPipelineExecutor.withAutoPipeline (file:///C:/MY%20LOCAL%20DISC/Slotflow/slotflow-api-gateway/node_modules/.pnpm/@upstash+redis@1.36.1/node_modules/@upstash/redis/chunk-LLI2WIYN.mjs:3443:21)[39m
[31m    at async CacheServiceImpl.getBlockList (C:\MY LOCAL DISC\Slotflow\slotflow-api-gateway\src\services\cache.service.impl.ts:14:20)[39m
[31m    at async blockCheckMiddleware (C:\MY LOCAL DISC\Slotflow\slotflow-api-gateway\src\middleware\blockCheck.middleware.ts:14:30)[39m
[2026-02-20 22:56:31] [[31merror[39m]: [31mgetBlockList failed[39m
[31mfetch failed[39m
[31mTypeError: fetch failed[39m
[31m    at node:internal/deps/undici/undici:16416:13[39m
[31m    at process.processTicksAndRejections (node:internal/process/task_queues:103:5)[39m
[31m    at async HttpClient.request (file:///C:/MY%20LOCAL%20DISC/Slotflow/slotflow-api-gateway/node_modules/.pnpm/@upstash+redis@1.36.1/node_modules/@upstash/redis/chunk-LLI2WIYN.mjs:171:15)[39m
[31m    at async Pipeline.exec (file:///C:/MY%20LOCAL%20DISC/Slotflow/slotflow-api-gateway/node_modules/.pnpm/@upstash+redis@1.36.1/node_modules/@upstash/redis/chunk-LLI2WIYN.mjs:2528:17)[39m
[31m    at async AutoPipelineExecutor.withAutoPipeline (file:///C:/MY%20LOCAL%20DISC/Slotflow/slotflow-api-gateway/node_modules/.pnpm/@upstash+redis@1.36.1/node_modules/@upstash/redis/chunk-LLI2WIYN.mjs:3443:21)[39m
[31m    at async CacheServiceImpl.getBlockList (C:\MY LOCAL DISC\Slotflow\slotflow-api-gateway\src\services\cache.service.impl.ts:14:20)[39m
[31m    at async blockCheckMiddleware (C:\MY LOCAL DISC\Slotflow\slotflow-api-gateway\src\middleware\blockCheck.middleware.ts:14:30)[39m
[2026-02-20 22:56:31] [[31merror[39m]: [31mError in blockCheckMiddleware[39m
[31mfetch failed[39m
[31mTypeError: fetch failed[39m
[31m    at node:internal/deps/undici/undici:16416:13[39m
[31m    at process.processTicksAndRejections (node:internal/process/task_queues:103:5)[39m
[31m    at async HttpClient.request (file:///C:/MY%20LOCAL%20DISC/Slotflow/slotflow-api-gateway/node_modules/.pnpm/@upstash+redis@1.36.1/node_modules/@upstash/redis/chunk-LLI2WIYN.mjs:171:15)[39m
[31m    at async Pipeline.exec (file:///C:/MY%20LOCAL%20DISC/Slotflow/slotflow-api-gateway/node_modules/.pnpm/@upstash+redis@1.36.1/node_modules/@upstash/redis/chunk-LLI2WIYN.mjs:2528:17)[39m
[31m    at async AutoPipelineExecutor.withAutoPipeline (file:///C:/MY%20LOCAL%20DISC/Slotflow/slotflow-api-gateway/node_modules/.pnpm/@upstash+redis@1.36.1/node_modules/@upstash/redis/chunk-LLI2WIYN.mjs:3443:21)[39m
[31m    at async CacheServiceImpl.getBlockList (C:\MY LOCAL DISC\Slotflow\slotflow-api-gateway\src\services\cache.service.impl.ts:14:20)[39m
[31m    at async blockCheckMiddleware (C:\MY LOCAL DISC\Slotflow\slotflow-api-gateway\src\middleware\blockCheck.middleware.ts:14:30)[39m
[2026-02-20 22:56:34] [[31merror[39m]: [31mgetBlockList failed[39m
[31mfetch failed[39m
[31mTypeError: fetch failed[39m
[31m    at node:internal/deps/undici/undici:16416:13[39m
[31m    at process.processTicksAndRejections (node:internal/process/task_queues:103:5)[39m
[31m    at async HttpClient.request (file:///C:/MY%20LOCAL%20DISC/Slotflow/slotflow-api-gateway/node_modules/.pnpm/@upstash+redis@1.36.1/node_modules/@upstash/redis/chunk-LLI2WIYN.mjs:171:15)[39m
[31m    at async Pipeline.exec (file:///C:/MY%20LOCAL%20DISC/Slotflow/slotflow-api-gateway/node_modules/.pnpm/@upstash+redis@1.36.1/node_modules/@upstash/redis/chunk-LLI2WIYN.mjs:2528:17)[39m
[31m    at async AutoPipelineExecutor.withAutoPipeline (file:///C:/MY%20LOCAL%20DISC/Slotflow/slotflow-api-gateway/node_modules/.pnpm/@upstash+redis@1.36.1/node_modules/@upstash/redis/chunk-LLI2WIYN.mjs:3443:21)[39m
[31m    at async CacheServiceImpl.getBlockList (C:\MY LOCAL DISC\Slotflow\slotflow-api-gateway\src\services\cache.service.impl.ts:14:20)[39m
[31m    at async blockCheckMiddleware (C:\MY LOCAL DISC\Slotflow\slotflow-api-gateway\src\middleware\blockCheck.middleware.ts:14:30)[39m
[2026-02-20 22:56:34] [[31merror[39m]: [31mError in blockCheckMiddleware[39m
[31mfetch failed[39m
[31mTypeError: fetch failed[39m
[31m    at node:internal/deps/undici/undici:16416:13[39m
[31m    at process.processTicksAndRejections (node:internal/process/task_queues:103:5)[39m
[31m    at async HttpClient.request (file:///C:/MY%20LOCAL%20DISC/Slotflow/slotflow-api-gateway/node_modules/.pnpm/@upstash+redis@1.36.1/node_modules/@upstash/redis/chunk-LLI2WIYN.mjs:171:15)[39m
[31m    at async Pipeline.exec (file:///C:/MY%20LOCAL%20DISC/Slotflow/slotflow-api-gateway/node_modules/.pnpm/@upstash+redis@1.36.1/node_modules/@upstash/redis/chunk-LLI2WIYN.mjs:2528:17)[39m
[31m    at async AutoPipelineExecutor.withAutoPipeline (file:///C:/MY%20LOCAL%20DISC/Slotflow/slotflow-api-gateway/node_modules/.pnpm/@upstash+redis@1.36.1/node_modules/@upstash/redis/chunk-LLI2WIYN.mjs:3443:21)[39m
[31m    at async CacheServiceImpl.getBlockList (C:\MY LOCAL DISC\Slotflow\slotflow-api-gateway\src\services\cache.service.impl.ts:14:20)[39m
[31m    at async blockCheckMiddleware (C:\MY LOCAL DISC\Slotflow\slotflow-api-gateway\src\middleware\blockCheck.middleware.ts:14:30)[39m
[2026-02-20 22:56:41] [[31merror[39m]: [31mgetBlockList failed[39m
[31mfetch failed[39m
[31mTypeError: fetch failed[39m
[31m    at node:internal/deps/undici/undici:16416:13[39m
[31m    at process.processTicksAndRejections (node:internal/process/task_queues:103:5)[39m
[31m    at async HttpClient.request (file:///C:/MY%20LOCAL%20DISC/Slotflow/slotflow-api-gateway/node_modules/.pnpm/@upstash+redis@1.36.1/node_modules/@upstash/redis/chunk-LLI2WIYN.mjs:171:15)[39m
[31m    at async Pipeline.exec (file:///C:/MY%20LOCAL%20DISC/Slotflow/slotflow-api-gateway/node_modules/.pnpm/@upstash+redis@1.36.1/node_modules/@upstash/redis/chunk-LLI2WIYN.mjs:2528:17)[39m
[31m    at async AutoPipelineExecutor.withAutoPipeline (file:///C:/MY%20LOCAL%20DISC/Slotflow/slotflow-api-gateway/node_modules/.pnpm/@upstash+redis@1.36.1/node_modules/@upstash/redis/chunk-LLI2WIYN.mjs:3443:21)[39m
[31m    at async CacheServiceImpl.getBlockList (C:\MY LOCAL DISC\Slotflow\slotflow-api-gateway\src\services\cache.service.impl.ts:14:20)[39m
[31m    at async blockCheckMiddleware (C:\MY LOCAL DISC\Slotflow\slotflow-api-gateway\src\middleware\blockCheck.middleware.ts:14:30)[39m
[2026-02-20 22:56:41] [[31merror[39m]: [31mError in blockCheckMiddleware[39m
[31mfetch failed[39m
[31mTypeError: fetch failed[39m
[31m    at node:internal/deps/undici/undici:16416:13[39m
[31m    at process.processTicksAndRejections (node:internal/process/task_queues:103:5)[39m
[31m    at async HttpClient.request (file:///C:/MY%20LOCAL%20DISC/Slotflow/slotflow-api-gateway/node_modules/.pnpm/@upstash+redis@1.36.1/node_modules/@upstash/redis/chunk-LLI2WIYN.mjs:171:15)[39m
[31m    at async Pipeline.exec (file:///C:/MY%20LOCAL%20DISC/Slotflow/slotflow-api-gateway/node_modules/.pnpm/@upstash+redis@1.36.1/node_modules/@upstash/redis/chunk-LLI2WIYN.mjs:2528:17)[39m
[31m    at async AutoPipelineExecutor.withAutoPipeline (file:///C:/MY%20LOCAL%20DISC/Slotflow/slotflow-api-gateway/node_modules/.pnpm/@upstash+redis@1.36.1/node_modules/@upstash/redis/chunk-LLI2WIYN.mjs:3443:21)[39m
[31m    at async CacheServiceImpl.getBlockList (C:\MY LOCAL DISC\Slotflow\slotflow-api-gateway\src\services\cache.service.impl.ts:14:20)[39m
[31m    at async blockCheckMiddleware (C:\MY LOCAL DISC\Slotflow\slotflow-api-gateway\src\middleware\blockCheck.middleware.ts:14:30)[39m
[2026-02-20 22:56:50] [[31merror[39m]: [31mgetBlockList failed[39m
[31mfetch failed[39m
[31mTypeError: fetch failed[39m
[31m    at node:internal/deps/undici/undici:16416:13[39m
[31m    at process.processTicksAndRejections (node:internal/process/task_queues:103:5)[39m
[31m    at async HttpClient.request (file:///C:/MY%20LOCAL%20DISC/Slotflow/slotflow-api-gateway/node_modules/.pnpm/@upstash+redis@1.36.1/node_modules/@upstash/redis/chunk-LLI2WIYN.mjs:171:15)[39m
[31m    at async Pipeline.exec (file:///C:/MY%20LOCAL%20DISC/Slotflow/slotflow-api-gateway/node_modules/.pnpm/@upstash+redis@1.36.1/node_modules/@upstash/redis/chunk-LLI2WIYN.mjs:2528:17)[39m
[31m    at async AutoPipelineExecutor.withAutoPipeline (file:///C:/MY%20LOCAL%20DISC/Slotflow/slotflow-api-gateway/node_modules/.pnpm/@upstash+redis@1.36.1/node_modules/@upstash/redis/chunk-LLI2WIYN.mjs:3443:21)[39m
[31m    at async CacheServiceImpl.getBlockList (C:\MY LOCAL DISC\Slotflow\slotflow-api-gateway\src\services\cache.service.impl.ts:14:20)[39m
[31m    at async blockCheckMiddleware (C:\MY LOCAL DISC\Slotflow\slotflow-api-gateway\src\middleware\blockCheck.middleware.ts:14:30)[39m
[2026-02-20 22:56:50] [[31merror[39m]: [31mError in blockCheckMiddleware[39m
[31mfetch failed[39m
[31mTypeError: fetch failed[39m
[31m    at node:internal/deps/undici/undici:16416:13[39m
[31m    at process.processTicksAndRejections (node:internal/process/task_queues:103:5)[39m
[31m    at async HttpClient.request (file:///C:/MY%20LOCAL%20DISC/Slotflow/slotflow-api-gateway/node_modules/.pnpm/@upstash+redis@1.36.1/node_modules/@upstash/redis/chunk-LLI2WIYN.mjs:171:15)[39m
[31m    at async Pipeline.exec (file:///C:/MY%20LOCAL%20DISC/Slotflow/slotflow-api-gateway/node_modules/.pnpm/@upstash+redis@1.36.1/node_modules/@upstash/redis/chunk-LLI2WIYN.mjs:2528:17)[39m
[31m    at async AutoPipelineExecutor.withAutoPipeline (file:///C:/MY%20LOCAL%20DISC/Slotflow/slotflow-api-gateway/node_modules/.pnpm/@upstash+redis@1.36.1/node_modules/@upstash/redis/chunk-LLI2WIYN.mjs:3443:21)[39m
[31m    at async CacheServiceImpl.getBlockList (C:\MY LOCAL DISC\Slotflow\slotflow-api-gateway\src\services\cache.service.impl.ts:14:20)[39m
[31m    at async blockCheckMiddleware (C:\MY LOCAL DISC\Slotflow\slotflow-api-gateway\src\middleware\blockCheck.middleware.ts:14:30)[39m
[2026-02-20 22:56:59] [[31merror[39m]: [31mgetBlockList failed[39m
[31mfetch failed[39m
[31mTypeError: fetch failed[39m
[31m    at node:internal/deps/undici/undici:16416:13[39m
[31m    at process.processTicksAndRejections (node:internal/process/task_queues:103:5)[39m
[31m    at async HttpClient.request (file:///C:/MY%20LOCAL%20DISC/Slotflow/slotflow-api-gateway/node_modules/.pnpm/@upstash+redis@1.36.1/node_modules/@upstash/redis/chunk-LLI2WIYN.mjs:171:15)[39m
[31m    at async Pipeline.exec (file:///C:/MY%20LOCAL%20DISC/Slotflow/slotflow-api-gateway/node_modules/.pnpm/@upstash+redis@1.36.1/node_modules/@upstash/redis/chunk-LLI2WIYN.mjs:2528:17)[39m
[31m    at async AutoPipelineExecutor.withAutoPipeline (file:///C:/MY%20LOCAL%20DISC/Slotflow/slotflow-api-gateway/node_modules/.pnpm/@upstash+redis@1.36.1/node_modules/@upstash/redis/chunk-LLI2WIYN.mjs:3443:21)[39m
[31m    at async CacheServiceImpl.getBlockList (C:\MY LOCAL DISC\Slotflow\slotflow-api-gateway\src\services\cache.service.impl.ts:14:20)[39m
[31m    at async blockCheckMiddleware (C:\MY LOCAL DISC\Slotflow\slotflow-api-gateway\src\middleware\blockCheck.middleware.ts:14:30)[39m
[2026-02-20 22:56:59] [[31merror[39m]: [31mError in blockCheckMiddleware[39m
[31mfetch failed[39m
[31mTypeError: fetch failed[39m
[31m    at node:internal/deps/undici/undici:16416:13[39m
[31m    at process.processTicksAndRejections (node:internal/process/task_queues:103:5)[39m
[31m    at async HttpClient.request (file:///C:/MY%20LOCAL%20DISC/Slotflow/slotflow-api-gateway/node_modules/.pnpm/@upstash+redis@1.36.1/node_modules/@upstash/redis/chunk-LLI2WIYN.mjs:171:15)[39m
[31m    at async Pipeline.exec (file:///C:/MY%20LOCAL%20DISC/Slotflow/slotflow-api-gateway/node_modules/.pnpm/@upstash+redis@1.36.1/node_modules/@upstash/redis/chunk-LLI2WIYN.mjs:2528:17)[39m
[31m    at async AutoPipelineExecutor.withAutoPipeline (file:///C:/MY%20LOCAL%20DISC/Slotflow/slotflow-api-gateway/node_modules/.pnpm/@upstash+redis@1.36.1/node_modules/@upstash/redis/chunk-LLI2WIYN.mjs:3443:21)[39m
[31m    at async CacheServiceImpl.getBlockList (C:\MY LOCAL DISC\Slotflow\slotflow-api-gateway\src\services\cache.service.impl.ts:14:20)[39m
[31m    at async blockCheckMiddleware (C:\MY LOCAL DISC\Slotflow\slotflow-api-gateway\src\middleware\blockCheck.middleware.ts:14:30)[39m
[2026-02-20 22:57:09] [[31merror[39m]: [31mgetBlockList failed[39m
[31mfetch failed[39m
[31mTypeError: fetch failed[39m
[31m    at node:internal/deps/undici/undici:16416:13[39m
[31m    at process.processTicksAndRejections (node:internal/process/task_queues:103:5)[39m
[31m    at async HttpClient.request (file:///C:/MY%20LOCAL%20DISC/Slotflow/slotflow-api-gateway/node_modules/.pnpm/@upstash+redis@1.36.1/node_modules/@upstash/redis/chunk-LLI2WIYN.mjs:171:15)[39m
[31m    at async Pipeline.exec (file:///C:/MY%20LOCAL%20DISC/Slotflow/slotflow-api-gateway/node_modules/.pnpm/@upstash+redis@1.36.1/node_modules/@upstash/redis/chunk-LLI2WIYN.mjs:2528:17)[39m
[31m    at async AutoPipelineExecutor.withAutoPipeline (file:///C:/MY%20LOCAL%20DISC/Slotflow/slotflow-api-gateway/node_modules/.pnpm/@upstash+redis@1.36.1/node_modules/@upstash/redis/chunk-LLI2WIYN.mjs:3443:21)[39m
[31m    at async CacheServiceImpl.getBlockList (C:\MY LOCAL DISC\Slotflow\slotflow-api-gateway\src\services\cache.service.impl.ts:14:20)[39m
[31m    at async blockCheckMiddleware (C:\MY LOCAL DISC\Slotflow\slotflow-api-gateway\src\middleware\blockCheck.middleware.ts:14:30)[39m
[2026-02-20 22:57:09] [[31merror[39m]: [31mError in blockCheckMiddleware[39m
[31mfetch failed[39m
[31mTypeError: fetch failed[39m
[31m    at node:internal/deps/undici/undici:16416:13[39m
[31m    at process.processTicksAndRejections (node:internal/process/task_queues:103:5)[39m
[31m    at async HttpClient.request (file:///C:/MY%20LOCAL%20DISC/Slotflow/slotflow-api-gateway/node_modules/.pnpm/@upstash+redis@1.36.1/node_modules/@upstash/redis/chunk-LLI2WIYN.mjs:171:15)[39m
[31m    at async Pipeline.exec (file:///C:/MY%20LOCAL%20DISC/Slotflow/slotflow-api-gateway/node_modules/.pnpm/@upstash+redis@1.36.1/node_modules/@upstash/redis/chunk-LLI2WIYN.mjs:2528:17)[39m
[31m    at async AutoPipelineExecutor.withAutoPipeline (file:///C:/MY%20LOCAL%20DISC/Slotflow/slotflow-api-gateway/node_modules/.pnpm/@upstash+redis@1.36.1/node_modules/@upstash/redis/chunk-LLI2WIYN.mjs:3443:21)[39m
[31m    at async CacheServiceImpl.getBlockList (C:\MY LOCAL DISC\Slotflow\slotflow-api-gateway\src\services\cache.service.impl.ts:14:20)[39m
[31m    at async blockCheckMiddleware (C:\MY LOCAL DISC\Slotflow\slotflow-api-gateway\src\middleware\blockCheck.middleware.ts:14:30)[39m
[2026-02-20 22:57:18] [[31merror[39m]: [31mgetBlockList failed[39m
[31mfetch failed[39m
[31mTypeError: fetch failed[39m
[31m    at node:internal/deps/undici/undici:16416:13[39m
[31m    at process.processTicksAndRejections (node:internal/process/task_queues:103:5)[39m
[31m    at async HttpClient.request (file:///C:/MY%20LOCAL%20DISC/Slotflow/slotflow-api-gateway/node_modules/.pnpm/@upstash+redis@1.36.1/node_modules/@upstash/redis/chunk-LLI2WIYN.mjs:171:15)[39m
[31m    at async Pipeline.exec (file:///C:/MY%20LOCAL%20DISC/Slotflow/slotflow-api-gateway/node_modules/.pnpm/@upstash+redis@1.36.1/node_modules/@upstash/redis/chunk-LLI2WIYN.mjs:2528:17)[39m
[31m    at async AutoPipelineExecutor.withAutoPipeline (file:///C:/MY%20LOCAL%20DISC/Slotflow/slotflow-api-gateway/node_modules/.pnpm/@upstash+redis@1.36.1/node_modules/@upstash/redis/chunk-LLI2WIYN.mjs:3443:21)[39m
[31m    at async CacheServiceImpl.getBlockList (C:\MY LOCAL DISC\Slotflow\slotflow-api-gateway\src\services\cache.service.impl.ts:14:20)[39m
[31m    at async blockCheckMiddleware (C:\MY LOCAL DISC\Slotflow\slotflow-api-gateway\src\middleware\blockCheck.middleware.ts:14:30)[39m
[2026-02-20 22:57:18] [[31merror[39m]: [31mError in blockCheckMiddleware[39m
[31mfetch failed[39m
[31mTypeError: fetch failed[39m
[31m    at node:internal/deps/undici/undici:16416:13[39m
[31m    at process.processTicksAndRejections (node:internal/process/task_queues:103:5)[39m
[31m    at async HttpClient.request (file:///C:/MY%20LOCAL%20DISC/Slotflow/slotflow-api-gateway/node_modules/.pnpm/@upstash+redis@1.36.1/node_modules/@upstash/redis/chunk-LLI2WIYN.mjs:171:15)[39m
[31m    at async Pipeline.exec (file:///C:/MY%20LOCAL%20DISC/Slotflow/slotflow-api-gateway/node_modules/.pnpm/@upstash+redis@1.36.1/node_modules/@upstash/redis/chunk-LLI2WIYN.mjs:2528:17)[39m
[31m    at async AutoPipelineExecutor.withAutoPipeline (file:///C:/MY%20LOCAL%20DISC/Slotflow/slotflow-api-gateway/node_modules/.pnpm/@upstash+redis@1.36.1/node_modules/@upstash/redis/chunk-LLI2WIYN.mjs:3443:21)[39m
[31m    at async CacheServiceImpl.getBlockList (C:\MY LOCAL DISC\Slotflow\slotflow-api-gateway\src\services\cache.service.impl.ts:14:20)[39m
[31m    at async blockCheckMiddleware (C:\MY LOCAL DISC\Slotflow\slotflow-api-gateway\src\middleware\blockCheck.middleware.ts:14:30)[39m
[2026-02-20 22:57:28] [[31merror[39m]: [31mgetBlockList failed[39m
[31mfetch failed[39m
[31mTypeError: fetch failed[39m
[31m    at node:internal/deps/undici/undici:16416:13[39m
[31m    at process.processTicksAndRejections (node:internal/process/task_queues:103:5)[39m
[31m    at async HttpClient.request (file:///C:/MY%20LOCAL%20DISC/Slotflow/slotflow-api-gateway/node_modules/.pnpm/@upstash+redis@1.36.1/node_modules/@upstash/redis/chunk-LLI2WIYN.mjs:171:15)[39m
[31m    at async Pipeline.exec (file:///C:/MY%20LOCAL%20DISC/Slotflow/slotflow-api-gateway/node_modules/.pnpm/@upstash+redis@1.36.1/node_modules/@upstash/redis/chunk-LLI2WIYN.mjs:2528:17)[39m
[31m    at async AutoPipelineExecutor.withAutoPipeline (file:///C:/MY%20LOCAL%20DISC/Slotflow/slotflow-api-gateway/node_modules/.pnpm/@upstash+redis@1.36.1/node_modules/@upstash/redis/chunk-LLI2WIYN.mjs:3443:21)[39m
[31m    at async CacheServiceImpl.getBlockList (C:\MY LOCAL DISC\Slotflow\slotflow-api-gateway\src\services\cache.service.impl.ts:14:20)[39m
[31m    at async blockCheckMiddleware (C:\MY LOCAL DISC\Slotflow\slotflow-api-gateway\src\middleware\blockCheck.middleware.ts:14:30)[39m
[2026-02-20 22:57:28] [[31merror[39m]: [31mError in blockCheckMiddleware[39m
[31mfetch failed[39m
[31mTypeError: fetch failed[39m
[31m    at node:internal/deps/undici/undici:16416:13[39m
[31m    at process.processTicksAndRejections (node:internal/process/task_queues:103:5)[39m
[31m    at async HttpClient.request (file:///C:/MY%20LOCAL%20DISC/Slotflow/slotflow-api-gateway/node_modules/.pnpm/@upstash+redis@1.36.1/node_modules/@upstash/redis/chunk-LLI2WIYN.mjs:171:15)[39m
[31m    at async Pipeline.exec (file:///C:/MY%20LOCAL%20DISC/Slotflow/slotflow-api-gateway/node_modules/.pnpm/@upstash+redis@1.36.1/node_modules/@upstash/redis/chunk-LLI2WIYN.mjs:2528:17)[39m
[31m    at async AutoPipelineExecutor.withAutoPipeline (file:///C:/MY%20LOCAL%20DISC/Slotflow/slotflow-api-gateway/node_modules/.pnpm/@upstash+redis@1.36.1/node_modules/@upstash/redis/chunk-LLI2WIYN.mjs:3443:21)[39m
[31m    at async CacheServiceImpl.getBlockList (C:\MY LOCAL DISC\Slotflow\slotflow-api-gateway\src\services\cache.service.impl.ts:14:20)[39m
[31m    at async blockCheckMiddleware (C:\MY LOCAL DISC\Slotflow\slotflow-api-gateway\src\middleware\blockCheck.middleware.ts:14:30)[39m
[2026-02-20 22:59:14] [[31merror[39m]: [31mgetBlockList failed[39m
[31mfetch failed[39m
[31mTypeError: fetch failed[39m
[31m    at node:internal/deps/undici/undici:16416:13[39m
[31m    at process.processTicksAndRejections (node:internal/process/task_queues:103:5)[39m
[31m    at async HttpClient.request (file:///C:/MY%20LOCAL%20DISC/Slotflow/slotflow-api-gateway/node_modules/.pnpm/@upstash+redis@1.36.1/node_modules/@upstash/redis/chunk-LLI2WIYN.mjs:171:15)[39m
[31m    at async Pipeline.exec (file:///C:/MY%20LOCAL%20DISC/Slotflow/slotflow-api-gateway/node_modules/.pnpm/@upstash+redis@1.36.1/node_modules/@upstash/redis/chunk-LLI2WIYN.mjs:2528:17)[39m
[31m    at async AutoPipelineExecutor.withAutoPipeline (file:///C:/MY%20LOCAL%20DISC/Slotflow/slotflow-api-gateway/node_modules/.pnpm/@upstash+redis@1.36.1/node_modules/@upstash/redis/chunk-LLI2WIYN.mjs:3443:21)[39m
[31m    at async CacheServiceImpl.getBlockList (C:\MY LOCAL DISC\Slotflow\slotflow-api-gateway\src\services\cache.service.impl.ts:14:20)[39m
[31m    at async blockCheckMiddleware (C:\MY LOCAL DISC\Slotflow\slotflow-api-gateway\src\middleware\blockCheck.middleware.ts:14:30)[39m
[2026-02-20 22:59:14] [[31merror[39m]: [31mError in blockCheckMiddleware[39m
[31mfetch failed[39m
[31mTypeError: fetch failed[39m
[31m    at node:internal/deps/undici/undici:16416:13[39m
[31m    at process.processTicksAndRejections (node:internal/process/task_queues:103:5)[39m
[31m    at async HttpClient.request (file:///C:/MY%20LOCAL%20DISC/Slotflow/slotflow-api-gateway/node_modules/.pnpm/@upstash+redis@1.36.1/node_modules/@upstash/redis/chunk-LLI2WIYN.mjs:171:15)[39m
[31m    at async Pipeline.exec (file:///C:/MY%20LOCAL%20DISC/Slotflow/slotflow-api-gateway/node_modules/.pnpm/@upstash+redis@1.36.1/node_modules/@upstash/redis/chunk-LLI2WIYN.mjs:2528:17)[39m
[31m    at async AutoPipelineExecutor.withAutoPipeline (file:///C:/MY%20LOCAL%20DISC/Slotflow/slotflow-api-gateway/node_modules/.pnpm/@upstash+redis@1.36.1/node_modules/@upstash/redis/chunk-LLI2WIYN.mjs:3443:21)[39m
[31m    at async CacheServiceImpl.getBlockList (C:\MY LOCAL DISC\Slotflow\slotflow-api-gateway\src\services\cache.service.impl.ts:14:20)[39m
[31m    at async blockCheckMiddleware (C:\MY LOCAL DISC\Slotflow\slotflow-api-gateway\src\middleware\blockCheck.middleware.ts:14:30)[39m
[2026-02-20 22:59:18] [[31merror[39m]: [31mgetBlockList failed[39m
[31mfetch failed[39m
[31mTypeError: fetch failed[39m
[31m    at node:internal/deps/undici/undici:16416:13[39m
[31m    at process.processTicksAndRejections (node:internal/process/task_queues:103:5)[39m
[31m    at async HttpClient.request (file:///C:/MY%20LOCAL%20DISC/Slotflow/slotflow-api-gateway/node_modules/.pnpm/@upstash+redis@1.36.1/node_modules/@upstash/redis/chunk-LLI2WIYN.mjs:171:15)[39m
[31m    at async Pipeline.exec (file:///C:/MY%20LOCAL%20DISC/Slotflow/slotflow-api-gateway/node_modules/.pnpm/@upstash+redis@1.36.1/node_modules/@upstash/redis/chunk-LLI2WIYN.mjs:2528:17)[39m
[31m    at async AutoPipelineExecutor.withAutoPipeline (file:///C:/MY%20LOCAL%20DISC/Slotflow/slotflow-api-gateway/node_modules/.pnpm/@upstash+redis@1.36.1/node_modules/@upstash/redis/chunk-LLI2WIYN.mjs:3443:21)[39m
[31m    at async CacheServiceImpl.getBlockList (C:\MY LOCAL DISC\Slotflow\slotflow-api-gateway\src\services\cache.service.impl.ts:14:20)[39m
[31m    at async blockCheckMiddleware (C:\MY LOCAL DISC\Slotflow\slotflow-api-gateway\src\middleware\blockCheck.middleware.ts:14:30)[39m
[2026-02-20 22:59:18] [[31merror[39m]: [31mError in blockCheckMiddleware[39m
[31mfetch failed[39m
[31mTypeError: fetch failed[39m
[31m    at node:internal/deps/undici/undici:16416:13[39m
[31m    at process.processTicksAndRejections (node:internal/process/task_queues:103:5)[39m
[31m    at async HttpClient.request (file:///C:/MY%20LOCAL%20DISC/Slotflow/slotflow-api-gateway/node_modules/.pnpm/@upstash+redis@1.36.1/node_modules/@upstash/redis/chunk-LLI2WIYN.mjs:171:15)[39m
[31m    at async Pipeline.exec (file:///C:/MY%20LOCAL%20DISC/Slotflow/slotflow-api-gateway/node_modules/.pnpm/@upstash+redis@1.36.1/node_modules/@upstash/redis/chunk-LLI2WIYN.mjs:2528:17)[39m
[31m    at async AutoPipelineExecutor.withAutoPipeline (file:///C:/MY%20LOCAL%20DISC/Slotflow/slotflow-api-gateway/node_modules/.pnpm/@upstash+redis@1.36.1/node_modules/@upstash/redis/chunk-LLI2WIYN.mjs:3443:21)[39m
[31m    at async CacheServiceImpl.getBlockList (C:\MY LOCAL DISC\Slotflow\slotflow-api-gateway\src\services\cache.service.impl.ts:14:20)[39m
[31m    at async blockCheckMiddleware (C:\MY LOCAL DISC\Slotflow\slotflow-api-gateway\src\middleware\blockCheck.middleware.ts:14:30)[39m
[2026-02-20 22:59:24] [[31merror[39m]: [31mgetBlockList failed[39m
[31mfetch failed[39m
[31mTypeError: fetch failed[39m
[31m    at node:internal/deps/undici/undici:16416:13[39m
[31m    at process.processTicksAndRejections (node:internal/process/task_queues:103:5)[39m
[31m    at async HttpClient.request (file:///C:/MY%20LOCAL%20DISC/Slotflow/slotflow-api-gateway/node_modules/.pnpm/@upstash+redis@1.36.1/node_modules/@upstash/redis/chunk-LLI2WIYN.mjs:171:15)[39m
[31m    at async Pipeline.exec (file:///C:/MY%20LOCAL%20DISC/Slotflow/slotflow-api-gateway/node_modules/.pnpm/@upstash+redis@1.36.1/node_modules/@upstash/redis/chunk-LLI2WIYN.mjs:2528:17)[39m
[31m    at async AutoPipelineExecutor.withAutoPipeline (file:///C:/MY%20LOCAL%20DISC/Slotflow/slotflow-api-gateway/node_modules/.pnpm/@upstash+redis@1.36.1/node_modules/@upstash/redis/chunk-LLI2WIYN.mjs:3443:21)[39m
[31m    at async CacheServiceImpl.getBlockList (C:\MY LOCAL DISC\Slotflow\slotflow-api-gateway\src\services\cache.service.impl.ts:14:20)[39m
[31m    at async blockCheckMiddleware (C:\MY LOCAL DISC\Slotflow\slotflow-api-gateway\src\middleware\blockCheck.middleware.ts:14:30)[39m
[2026-02-20 22:59:24] [[31merror[39m]: [31mError in blockCheckMiddleware[39m
[31mfetch failed[39m
[31mTypeError: fetch failed[39m
[31m    at node:internal/deps/undici/undici:16416:13[39m
[31m    at process.processTicksAndRejections (node:internal/process/task_queues:103:5)[39m
[31m    at async HttpClient.request (file:///C:/MY%20LOCAL%20DISC/Slotflow/slotflow-api-gateway/node_modules/.pnpm/@upstash+redis@1.36.1/node_modules/@upstash/redis/chunk-LLI2WIYN.mjs:171:15)[39m
[31m    at async Pipeline.exec (file:///C:/MY%20LOCAL%20DISC/Slotflow/slotflow-api-gateway/node_modules/.pnpm/@upstash+redis@1.36.1/node_modules/@upstash/redis/chunk-LLI2WIYN.mjs:2528:17)[39m
[31m    at async AutoPipelineExecutor.withAutoPipeline (file:///C:/MY%20LOCAL%20DISC/Slotflow/slotflow-api-gateway/node_modules/.pnpm/@upstash+redis@1.36.1/node_modules/@upstash/redis/chunk-LLI2WIYN.mjs:3443:21)[39m
[31m    at async CacheServiceImpl.getBlockList (C:\MY LOCAL DISC\Slotflow\slotflow-api-gateway\src\services\cache.service.impl.ts:14:20)[39m
[31m    at async blockCheckMiddleware (C:\MY LOCAL DISC\Slotflow\slotflow-api-gateway\src\middleware\blockCheck.middleware.ts:14:30)[39m
[2026-02-20 22:59:30] [[31merror[39m]: [31mgetBlockList failed[39m
[31mfetch failed[39m
[31mTypeError: fetch failed[39m
[31m    at node:internal/deps/undici/undici:16416:13[39m
[31m    at process.processTicksAndRejections (node:internal/process/task_queues:103:5)[39m
[31m    at async HttpClient.request (file:///C:/MY%20LOCAL%20DISC/Slotflow/slotflow-api-gateway/node_modules/.pnpm/@upstash+redis@1.36.1/node_modules/@upstash/redis/chunk-LLI2WIYN.mjs:171:15)[39m
[31m    at async Pipeline.exec (file:///C:/MY%20LOCAL%20DISC/Slotflow/slotflow-api-gateway/node_modules/.pnpm/@upstash+redis@1.36.1/node_modules/@upstash/redis/chunk-LLI2WIYN.mjs:2528:17)[39m
[31m    at async AutoPipelineExecutor.withAutoPipeline (file:///C:/MY%20LOCAL%20DISC/Slotflow/slotflow-api-gateway/node_modules/.pnpm/@upstash+redis@1.36.1/node_modules/@upstash/redis/chunk-LLI2WIYN.mjs:3443:21)[39m
[31m    at async CacheServiceImpl.getBlockList (C:\MY LOCAL DISC\Slotflow\slotflow-api-gateway\src\services\cache.service.impl.ts:14:20)[39m
[31m    at async blockCheckMiddleware (C:\MY LOCAL DISC\Slotflow\slotflow-api-gateway\src\middleware\blockCheck.middleware.ts:14:30)[39m
[2026-02-20 22:59:30] [[31merror[39m]: [31mError in blockCheckMiddleware[39m
[31mfetch failed[39m
[31mTypeError: fetch failed[39m
[31m    at node:internal/deps/undici/undici:16416:13[39m
[31m    at process.processTicksAndRejections (node:internal/process/task_queues:103:5)[39m
[31m    at async HttpClient.request (file:///C:/MY%20LOCAL%20DISC/Slotflow/slotflow-api-gateway/node_modules/.pnpm/@upstash+redis@1.36.1/node_modules/@upstash/redis/chunk-LLI2WIYN.mjs:171:15)[39m
[31m    at async Pipeline.exec (file:///C:/MY%20LOCAL%20DISC/Slotflow/slotflow-api-gateway/node_modules/.pnpm/@upstash+redis@1.36.1/node_modules/@upstash/redis/chunk-LLI2WIYN.mjs:2528:17)[39m
[31m    at async AutoPipelineExecutor.withAutoPipeline (file:///C:/MY%20LOCAL%20DISC/Slotflow/slotflow-api-gateway/node_modules/.pnpm/@upstash+redis@1.36.1/node_modules/@upstash/redis/chunk-LLI2WIYN.mjs:3443:21)[39m
[31m    at async CacheServiceImpl.getBlockList (C:\MY LOCAL DISC\Slotflow\slotflow-api-gateway\src\services\cache.service.impl.ts:14:20)[39m
[31m    at async blockCheckMiddleware (C:\MY LOCAL DISC\Slotflow\slotflow-api-gateway\src\middleware\blockCheck.middleware.ts:14:30)[39m
[2026-02-20 22:59:38] [[31merror[39m]: [31mgetBlockList failed[39m
[31mfetch failed[39m
[31mTypeError: fetch failed[39m
[31m    at node:internal/deps/undici/undici:16416:13[39m
[31m    at process.processTicksAndRejections (node:internal/process/task_queues:103:5)[39m
[31m    at async HttpClient.request (file:///C:/MY%20LOCAL%20DISC/Slotflow/slotflow-api-gateway/node_modules/.pnpm/@upstash+redis@1.36.1/node_modules/@upstash/redis/chunk-LLI2WIYN.mjs:171:15)[39m
[31m    at async Pipeline.exec (file:///C:/MY%20LOCAL%20DISC/Slotflow/slotflow-api-gateway/node_modules/.pnpm/@upstash+redis@1.36.1/node_modules/@upstash/redis/chunk-LLI2WIYN.mjs:2528:17)[39m
[31m    at async AutoPipelineExecutor.withAutoPipeline (file:///C:/MY%20LOCAL%20DISC/Slotflow/slotflow-api-gateway/node_modules/.pnpm/@upstash+redis@1.36.1/node_modules/@upstash/redis/chunk-LLI2WIYN.mjs:3443:21)[39m
[31m    at async CacheServiceImpl.getBlockList (C:\MY LOCAL DISC\Slotflow\slotflow-api-gateway\src\services\cache.service.impl.ts:14:20)[39m
[31m    at async blockCheckMiddleware (C:\MY LOCAL DISC\Slotflow\slotflow-api-gateway\src\middleware\blockCheck.middleware.ts:14:30)[39m
[2026-02-20 22:59:38] [[31merror[39m]: [31mError in blockCheckMiddleware[39m
[31mfetch failed[39m
[31mTypeError: fetch failed[39m
[31m    at node:internal/deps/undici/undici:16416:13[39m
[31m    at process.processTicksAndRejections (node:internal/process/task_queues:103:5)[39m
[31m    at async HttpClient.request (file:///C:/MY%20LOCAL%20DISC/Slotflow/slotflow-api-gateway/node_modules/.pnpm/@upstash+redis@1.36.1/node_modules/@upstash/redis/chunk-LLI2WIYN.mjs:171:15)[39m
[31m    at async Pipeline.exec (file:///C:/MY%20LOCAL%20DISC/Slotflow/slotflow-api-gateway/node_modules/.pnpm/@upstash+redis@1.36.1/node_modules/@upstash/redis/chunk-LLI2WIYN.mjs:2528:17)[39m
[31m    at async AutoPipelineExecutor.withAutoPipeline (file:///C:/MY%20LOCAL%20DISC/Slotflow/slotflow-api-gateway/node_modules/.pnpm/@upstash+redis@1.36.1/node_modules/@upstash/redis/chunk-LLI2WIYN.mjs:3443:21)[39m
[31m    at async CacheServiceImpl.getBlockList (C:\MY LOCAL DISC\Slotflow\slotflow-api-gateway\src\services\cache.service.impl.ts:14:20)[39m
[31m    at async blockCheckMiddleware (C:\MY LOCAL DISC\Slotflow\slotflow-api-gateway\src\middleware\blockCheck.middleware.ts:14:30)[39m
[2026-02-20 23:04:50] [[31merror[39m]: [31mgetBlockList failed[39m
[31mfetch failed[39m
[31mTypeError: fetch failed[39m
[31m    at node:internal/deps/undici/undici:16416:13[39m
[31m    at process.processTicksAndRejections (node:internal/process/task_queues:103:5)[39m
[31m    at async HttpClient.request (file:///C:/MY%20LOCAL%20DISC/Slotflow/slotflow-api-gateway/node_modules/.pnpm/@upstash+redis@1.36.1/node_modules/@upstash/redis/chunk-LLI2WIYN.mjs:171:15)[39m
[31m    at async Pipeline.exec (file:///C:/MY%20LOCAL%20DISC/Slotflow/slotflow-api-gateway/node_modules/.pnpm/@upstash+redis@1.36.1/node_modules/@upstash/redis/chunk-LLI2WIYN.mjs:2528:17)[39m
[31m    at async AutoPipelineExecutor.withAutoPipeline (file:///C:/MY%20LOCAL%20DISC/Slotflow/slotflow-api-gateway/node_modules/.pnpm/@upstash+redis@1.36.1/node_modules/@upstash/redis/chunk-LLI2WIYN.mjs:3443:21)[39m
[31m    at async CacheServiceImpl.getBlockList (C:\MY LOCAL DISC\Slotflow\slotflow-api-gateway\src\services\cache.service.impl.ts:14:20)[39m
[31m    at async blockCheckMiddleware (C:\MY LOCAL DISC\Slotflow\slotflow-api-gateway\src\middleware\blockCheck.middleware.ts:14:30)[39m
[2026-02-20 23:04:50] [[31merror[39m]: [31mError in blockCheckMiddleware[39m
[31mfetch failed[39m
[31mTypeError: fetch failed[39m
[31m    at node:internal/deps/undici/undici:16416:13[39m
[31m    at process.processTicksAndRejections (node:internal/process/task_queues:103:5)[39m
[31m    at async HttpClient.request (file:///C:/MY%20LOCAL%20DISC/Slotflow/slotflow-api-gateway/node_modules/.pnpm/@upstash+redis@1.36.1/node_modules/@upstash/redis/chunk-LLI2WIYN.mjs:171:15)[39m
[31m    at async Pipeline.exec (file:///C:/MY%20LOCAL%20DISC/Slotflow/slotflow-api-gateway/node_modules/.pnpm/@upstash+redis@1.36.1/node_modules/@upstash/redis/chunk-LLI2WIYN.mjs:2528:17)[39m
[31m    at async AutoPipelineExecutor.withAutoPipeline (file:///C:/MY%20LOCAL%20DISC/Slotflow/slotflow-api-gateway/node_modules/.pnpm/@upstash+redis@1.36.1/node_modules/@upstash/redis/chunk-LLI2WIYN.mjs:3443:21)[39m
[31m    at async CacheServiceImpl.getBlockList (C:\MY LOCAL DISC\Slotflow\slotflow-api-gateway\src\services\cache.service.impl.ts:14:20)[39m
[31m    at async blockCheckMiddleware (C:\MY LOCAL DISC\Slotflow\slotflow-api-gateway\src\middleware\blockCheck.middleware.ts:14:30)[39m
[2026-02-20 23:04:56] [[31merror[39m]: [31mgetBlockList failed[39m
[31mfetch failed[39m
[31mTypeError: fetch failed[39m
[31m    at node:internal/deps/undici/undici:16416:13[39m
[31m    at process.processTicksAndRejections (node:internal/process/task_queues:103:5)[39m
[31m    at async HttpClient.request (file:///C:/MY%20LOCAL%20DISC/Slotflow/slotflow-api-gateway/node_modules/.pnpm/@upstash+redis@1.36.1/node_modules/@upstash/redis/chunk-LLI2WIYN.mjs:171:15)[39m
[31m    at async Pipeline.exec (file:///C:/MY%20LOCAL%20DISC/Slotflow/slotflow-api-gateway/node_modules/.pnpm/@upstash+redis@1.36.1/node_modules/@upstash/redis/chunk-LLI2WIYN.mjs:2528:17)[39m
[31m    at async AutoPipelineExecutor.withAutoPipeline (file:///C:/MY%20LOCAL%20DISC/Slotflow/slotflow-api-gateway/node_modules/.pnpm/@upstash+redis@1.36.1/node_modules/@upstash/redis/chunk-LLI2WIYN.mjs:3443:21)[39m
[31m    at async CacheServiceImpl.getBlockList (C:\MY LOCAL DISC\Slotflow\slotflow-api-gateway\src\services\cache.service.impl.ts:14:20)[39m
[31m    at async blockCheckMiddleware (C:\MY LOCAL DISC\Slotflow\slotflow-api-gateway\src\middleware\blockCheck.middleware.ts:14:30)[39m
[2026-02-20 23:04:56] [[31merror[39m]: [31mError in blockCheckMiddleware[39m
[31mfetch failed[39m
[31mTypeError: fetch failed[39m
[31m    at node:internal/deps/undici/undici:16416:13[39m
[31m    at process.processTicksAndRejections (node:internal/process/task_queues:103:5)[39m
[31m    at async HttpClient.request (file:///C:/MY%20LOCAL%20DISC/Slotflow/slotflow-api-gateway/node_modules/.pnpm/@upstash+redis@1.36.1/node_modules/@upstash/redis/chunk-LLI2WIYN.mjs:171:15)[39m
[31m    at async Pipeline.exec (file:///C:/MY%20LOCAL%20DISC/Slotflow/slotflow-api-gateway/node_modules/.pnpm/@upstash+redis@1.36.1/node_modules/@upstash/redis/chunk-LLI2WIYN.mjs:2528:17)[39m
[31m    at async AutoPipelineExecutor.withAutoPipeline (file:///C:/MY%20LOCAL%20DISC/Slotflow/slotflow-api-gateway/node_modules/.pnpm/@upstash+redis@1.36.1/node_modules/@upstash/redis/chunk-LLI2WIYN.mjs:3443:21)[39m
[31m    at async CacheServiceImpl.getBlockList (C:\MY LOCAL DISC\Slotflow\slotflow-api-gateway\src\services\cache.service.impl.ts:14:20)[39m
[31m    at async blockCheckMiddleware (C:\MY LOCAL DISC\Slotflow\slotflow-api-gateway\src\middleware\blockCheck.middleware.ts:14:30)[39m
[2026-02-20 23:05:02] [[31merror[39m]: [31mgetBlockList failed[39m
[31mfetch failed[39m
[31mTypeError: fetch failed[39m
[31m    at node:internal/deps/undici/undici:16416:13[39m
[31m    at process.processTicksAndRejections (node:internal/process/task_queues:103:5)[39m
[31m    at async HttpClient.request (file:///C:/MY%20LOCAL%20DISC/Slotflow/slotflow-api-gateway/node_modules/.pnpm/@upstash+redis@1.36.1/node_modules/@upstash/redis/chunk-LLI2WIYN.mjs:171:15)[39m
[31m    at async Pipeline.exec (file:///C:/MY%20LOCAL%20DISC/Slotflow/slotflow-api-gateway/node_modules/.pnpm/@upstash+redis@1.36.1/node_modules/@upstash/redis/chunk-LLI2WIYN.mjs:2528:17)[39m
[31m    at async AutoPipelineExecutor.withAutoPipeline (file:///C:/MY%20LOCAL%20DISC/Slotflow/slotflow-api-gateway/node_modules/.pnpm/@upstash+redis@1.36.1/node_modules/@upstash/redis/chunk-LLI2WIYN.mjs:3443:21)[39m
[31m    at async CacheServiceImpl.getBlockList (C:\MY LOCAL DISC\Slotflow\slotflow-api-gateway\src\services\cache.service.impl.ts:14:20)[39m
[31m    at async blockCheckMiddleware (C:\MY LOCAL DISC\Slotflow\slotflow-api-gateway\src\middleware\blockCheck.middleware.ts:14:30)[39m
[2026-02-20 23:05:02] [[31merror[39m]: [31mError in blockCheckMiddleware[39m
[31mfetch failed[39m
[31mTypeError: fetch failed[39m
[31m    at node:internal/deps/undici/undici:16416:13[39m
[31m    at process.processTicksAndRejections (node:internal/process/task_queues:103:5)[39m
[31m    at async HttpClient.request (file:///C:/MY%20LOCAL%20DISC/Slotflow/slotflow-api-gateway/node_modules/.pnpm/@upstash+redis@1.36.1/node_modules/@upstash/redis/chunk-LLI2WIYN.mjs:171:15)[39m
[31m    at async Pipeline.exec (file:///C:/MY%20LOCAL%20DISC/Slotflow/slotflow-api-gateway/node_modules/.pnpm/@upstash+redis@1.36.1/node_modules/@upstash/redis/chunk-LLI2WIYN.mjs:2528:17)[39m
[31m    at async AutoPipelineExecutor.withAutoPipeline (file:///C:/MY%20LOCAL%20DISC/Slotflow/slotflow-api-gateway/node_modules/.pnpm/@upstash+redis@1.36.1/node_modules/@upstash/redis/chunk-LLI2WIYN.mjs:3443:21)[39m
[31m    at async CacheServiceImpl.getBlockList (C:\MY LOCAL DISC\Slotflow\slotflow-api-gateway\src\services\cache.service.impl.ts:14:20)[39m
[31m    at async blockCheckMiddleware (C:\MY LOCAL DISC\Slotflow\slotflow-api-gateway\src\middleware\blockCheck.middleware.ts:14:30)[39m
[2026-02-20 23:05:10] [[31merror[39m]: [31mgetBlockList failed[39m
[31mfetch failed[39m
[31mTypeError: fetch failed[39m
[31m    at node:internal/deps/undici/undici:16416:13[39m
[31m    at process.processTicksAndRejections (node:internal/process/task_queues:103:5)[39m
[31m    at async HttpClient.request (file:///C:/MY%20LOCAL%20DISC/Slotflow/slotflow-api-gateway/node_modules/.pnpm/@upstash+redis@1.36.1/node_modules/@upstash/redis/chunk-LLI2WIYN.mjs:171:15)[39m
[31m    at async Pipeline.exec (file:///C:/MY%20LOCAL%20DISC/Slotflow/slotflow-api-gateway/node_modules/.pnpm/@upstash+redis@1.36.1/node_modules/@upstash/redis/chunk-LLI2WIYN.mjs:2528:17)[39m
[31m    at async AutoPipelineExecutor.withAutoPipeline (file:///C:/MY%20LOCAL%20DISC/Slotflow/slotflow-api-gateway/node_modules/.pnpm/@upstash+redis@1.36.1/node_modules/@upstash/redis/chunk-LLI2WIYN.mjs:3443:21)[39m
[31m    at async CacheServiceImpl.getBlockList (C:\MY LOCAL DISC\Slotflow\slotflow-api-gateway\src\services\cache.service.impl.ts:14:20)[39m
[31m    at async blockCheckMiddleware (C:\MY LOCAL DISC\Slotflow\slotflow-api-gateway\src\middleware\blockCheck.middleware.ts:14:30)[39m
[2026-02-20 23:05:10] [[31merror[39m]: [31mError in blockCheckMiddleware[39m
[31mfetch failed[39m
[31mTypeError: fetch failed[39m
[31m    at node:internal/deps/undici/undici:16416:13[39m
[31m    at process.processTicksAndRejections (node:internal/process/task_queues:103:5)[39m
[31m    at async HttpClient.request (file:///C:/MY%20LOCAL%20DISC/Slotflow/slotflow-api-gateway/node_modules/.pnpm/@upstash+redis@1.36.1/node_modules/@upstash/redis/chunk-LLI2WIYN.mjs:171:15)[39m
[31m    at async Pipeline.exec (file:///C:/MY%20LOCAL%20DISC/Slotflow/slotflow-api-gateway/node_modules/.pnpm/@upstash+redis@1.36.1/node_modules/@upstash/redis/chunk-LLI2WIYN.mjs:2528:17)[39m
[31m    at async AutoPipelineExecutor.withAutoPipeline (file:///C:/MY%20LOCAL%20DISC/Slotflow/slotflow-api-gateway/node_modules/.pnpm/@upstash+redis@1.36.1/node_modules/@upstash/redis/chunk-LLI2WIYN.mjs:3443:21)[39m
[31m    at async CacheServiceImpl.getBlockList (C:\MY LOCAL DISC\Slotflow\slotflow-api-gateway\src\services\cache.service.impl.ts:14:20)[39m
[31m    at async blockCheckMiddleware (C:\MY LOCAL DISC\Slotflow\slotflow-api-gateway\src\middleware\blockCheck.middleware.ts:14:30)[39m
[2026-02-22 16:05:33] [[31merror[39m]: [31mNo token found in request. Path: /, hasCookies: true, cookieNames: [39m
[2026-02-22 16:05:42] [[31merror[39m]: [31mNo token found in request. Path: /, hasCookies: true, cookieNames: [39m
[2026-02-22 16:05:48] [[31merror[39m]: [31mNo token found in request. Path: /, hasCookies: true, cookieNames: [39m
[2026-02-22 16:05:54] [[31merror[39m]: [31mNo token found in request. Path: /, hasCookies: true, cookieNames: [39m
[2026-02-22 16:06:00] [[31merror[39m]: [31mNo token found in request. Path: /, hasCookies: true, cookieNames: [39m
[2026-02-22 16:06:06] [[31merror[39m]: [31mNo token found in request. Path: /, hasCookies: true, cookieNames: [39m
[2026-02-22 16:06:12] [[31merror[39m]: [31mNo token found in request. Path: /, hasCookies: true, cookieNames: [39m
[2026-02-22 16:06:18] [[31merror[39m]: [31mNo token found in request. Path: /, hasCookies: true, cookieNames: [39m
[2026-02-22 16:06:24] [[31merror[39m]: [31mNo token found in request. Path: /, hasCookies: true, cookieNames: [39m
[2026-02-22 16:06:30] [[31merror[39m]: [31mNo token found in request. Path: /, hasCookies: true, cookieNames: [39m
[2026-02-22 16:06:36] [[31merror[39m]: [31mNo token found in request. Path: /, hasCookies: true, cookieNames: [39m
[2026-02-22 16:06:42] [[31merror[39m]: [31mNo token found in request. Path: /, hasCookies: true, cookieNames: [39m
[2026-02-22 16:06:48] [[31merror[39m]: [31mNo token found in request. Path: /, hasCookies: true, cookieNames: [39m
[2026-02-22 16:06:54] [[31merror[39m]: [31mNo token found in request. Path: /, hasCookies: true, cookieNames: [39m
[2026-02-22 16:07:00] [[31merror[39m]: [31mNo token found in request. Path: /, hasCookies: true, cookieNames: [39m
[2026-02-22 16:07:06] [[31merror[39m]: [31mNo token found in request. Path: /, hasCookies: true, cookieNames: [39m
[2026-02-22 16:07:12] [[31merror[39m]: [31mNo token found in request. Path: /, hasCookies: true, cookieNames: [39m
[2026-02-22 16:07:19] [[31merror[39m]: [31mNo token found in request. Path: /, hasCookies: true, cookieNames: [39m
[2026-02-22 16:07:24] [[31merror[39m]: [31mNo token found in request. Path: /, hasCookies: true, cookieNames: [39m
[2026-02-22 16:07:30] [[31merror[39m]: [31mNo token found in request. Path: /, hasCookies: true, cookieNames: [39m
[2026-02-22 16:07:36] [[31merror[39m]: [31mNo token found in request. Path: /, hasCookies: true, cookieNames: [39m
[2026-02-22 16:07:42] [[31merror[39m]: [31mNo token found in request. Path: /, hasCookies: true, cookieNames: [39m
[2026-02-22 16:07:48] [[31merror[39m]: [31mNo token found in request. Path: /, hasCookies: true, cookieNames: [39m
[2026-02-22 16:07:54] [[31merror[39m]: [31mNo token found in request. Path: /, hasCookies: true, cookieNames: [39m
[2026-02-22 16:08:00] [[31merror[39m]: [31mNo token found in request. Path: /, hasCookies: true, cookieNames: [39m
[2026-02-22 16:08:06] [[31merror[39m]: [31mNo token found in request. Path: /, hasCookies: true, cookieNames: [39m
[2026-02-22 16:08:12] [[31merror[39m]: [31mNo token found in request. Path: /, hasCookies: true, cookieNames: [39m
[2026-02-22 16:08:18] [[31merror[39m]: [31mNo token found in request. Path: /, hasCookies: true, cookieNames: [39m
[2026-02-22 16:08:24] [[31merror[39m]: [31mNo token found in request. Path: /, hasCookies: true, cookieNames: [39m
[2026-02-22 16:08:30] [[31merror[39m]: [31mNo token found in request. Path: /, hasCookies: true, cookieNames: [39m
[2026-02-22 16:08:36] [[31merror[39m]: [31mNo token found in request. Path: /, hasCookies: true, cookieNames: [39m
[2026-02-22 16:08:42] [[31merror[39m]: [31mNo token found in request. Path: /, hasCookies: true, cookieNames: [39m
[2026-02-22 16:08:48] [[31merror[39m]: [31mNo token found in request. Path: /, hasCookies: true, cookieNames: [39m
[2026-02-22 16:08:54] [[31merror[39m]: [31mNo token found in request. Path: /, hasCookies: true, cookieNames: [39m
[2026-02-22 16:09:00] [[31merror[39m]: [31mNo token found in request. Path: /, hasCookies: true, cookieNames: [39m
[2026-02-22 16:09:06] [[31merror[39m]: [31mNo token found in request. Path: /, hasCookies: true, cookieNames: [39m
[2026-02-22 16:09:12] [[31merror[39m]: [31mNo token found in request. Path: /, hasCookies: true, cookieNames: [39m
[2026-02-22 16:09:18] [[31merror[39m]: [31mNo token found in request. Path: /, hasCookies: true, cookieNames: [39m
[2026-02-22 16:09:24] [[31merror[39m]: [31mNo token found in request. Path: /, hasCookies: true, cookieNames: [39m
[2026-02-22 16:09:30] [[31merror[39m]: [31mNo token found in request. Path: /, hasCookies: true, cookieNames: [39m
[2026-02-22 16:09:36] [[31merror[39m]: [31mNo token found in request. Path: /, hasCookies: true, cookieNames: [39m
[2026-02-22 16:09:42] [[31merror[39m]: [31mNo token found in request. Path: /, hasCookies: true, cookieNames: [39m
[2026-02-22 16:09:48] [[31merror[39m]: [31mNo token found in request. Path: /, hasCookies: true, cookieNames: [39m
[2026-02-22 16:09:54] [[31merror[39m]: [31mNo token found in request. Path: /, hasCookies: true, cookieNames: [39m
[2026-02-22 16:10:00] [[31merror[39m]: [31mNo token found in request. Path: /, hasCookies: true, cookieNames: [39m
[2026-02-22 16:10:06] [[31merror[39m]: [31mNo token found in request. Path: /, hasCookies: true, cookieNames: [39m
[2026-02-22 16:10:12] [[31merror[39m]: [31mNo token found in request. Path: /, hasCookies: true, cookieNames: [39m
[2026-02-22 16:10:18] [[31merror[39m]: [31mNo token found in request. Path: /, hasCookies: true, cookieNames: [39m
[2026-02-22 16:10:24] [[31merror[39m]: [31mNo token found in request. Path: /, hasCookies: true, cookieNames: [39m
[2026-02-22 16:10:30] [[31merror[39m]: [31mNo token found in request. Path: /, hasCookies: true, cookieNames: [39m
[2026-02-22 16:10:36] [[31merror[39m]: [31mNo token found in request. Path: /, hasCookies: true, cookieNames: [39m
[2026-02-22 16:10:42] [[31merror[39m]: [31mNo token found in request. Path: /, hasCookies: true, cookieNames: [39m
[2026-02-22 16:10:48] [[31merror[39m]: [31mNo token found in request. Path: /, hasCookies: true, cookieNames: [39m
[2026-02-22 16:10:54] [[31merror[39m]: [31mNo token found in request. Path: /, hasCookies: true, cookieNames: [39m
[2026-02-22 16:11:00] [[31merror[39m]: [31mNo token found in request. Path: /, hasCookies: true, cookieNames: [39m
[2026-02-22 16:11:06] [[31merror[39m]: [31mNo token found in request. Path: /, hasCookies: true, cookieNames: [39m
[2026-02-22 16:11:12] [[31merror[39m]: [31mNo token found in request. Path: /, hasCookies: true, cookieNames: [39m
[2026-02-22 16:11:18] [[31merror[39m]: [31mNo token found in request. Path: /, hasCookies: true, cookieNames: [39m
[2026-02-22 16:11:24] [[31merror[39m]: [31mNo token found in request. Path: /, hasCookies: true, cookieNames: [39m
[2026-02-22 16:11:30] [[31merror[39m]: [31mNo token found in request. Path: /, hasCookies: true, cookieNames: [39m
[2026-02-22 16:11:36] [[31merror[39m]: [31mNo token found in request. Path: /, hasCookies: true, cookieNames: [39m
[2026-02-22 16:11:42] [[31merror[39m]: [31mNo token found in request. Path: /, hasCookies: true, cookieNames: [39m
[2026-02-22 16:11:48] [[31merror[39m]: [31mNo token found in request. Path: /, hasCookies: true, cookieNames: [39m
[2026-02-22 16:11:54] [[31merror[39m]: [31mNo token found in request. Path: /, hasCookies: true, cookieNames: [39m
[2026-02-22 16:12:00] [[31merror[39m]: [31mNo token found in request. Path: /, hasCookies: true, cookieNames: [39m
[2026-02-22 16:12:06] [[31merror[39m]: [31mNo token found in request. Path: /, hasCookies: true, cookieNames: [39m
[2026-02-22 16:12:12] [[31merror[39m]: [31mNo token found in request. Path: /, hasCookies: true, cookieNames: [39m
[2026-02-22 16:12:18] [[31merror[39m]: [31mNo token found in request. Path: /, hasCookies: true, cookieNames: [39m
[2026-02-22 16:12:24] [[31merror[39m]: [31mNo token found in request. Path: /, hasCookies: true, cookieNames: [39m
[2026-02-22 16:12:30] [[31merror[39m]: [31mNo token found in request. Path: /, hasCookies: true, cookieNames: [39m
[2026-02-22 16:12:36] [[31merror[39m]: [31mNo token found in request. Path: /, hasCookies: true, cookieNames: [39m
[2026-02-22 16:12:42] [[31merror[39m]: [31mNo token found in request. Path: /, hasCookies: true, cookieNames: [39m
[2026-02-22 16:12:48] [[31merror[39m]: [31mNo token found in request. Path: /, hasCookies: true, cookieNames: [39m
[2026-02-22 16:12:54] [[31merror[39m]: [31mNo token found in request. Path: /, hasCookies: true, cookieNames: [39m
[2026-02-22 16:13:00] [[31merror[39m]: [31mNo token found in request. Path: /, hasCookies: true, cookieNames: [39m
[2026-02-22 16:13:06] [[31merror[39m]: [31mNo token found in request. Path: /, hasCookies: true, cookieNames: [39m
[2026-02-22 16:13:12] [[31merror[39m]: [31mNo token found in request. Path: /, hasCookies: true, cookieNames: [39m
[2026-02-22 16:13:18] [[31merror[39m]: [31mNo token found in request. Path: /, hasCookies: true, cookieNames: [39m
[2026-02-22 16:13:24] [[31merror[39m]: [31mNo token found in request. Path: /, hasCookies: true, cookieNames: [39m
[2026-02-22 16:13:30] [[31merror[39m]: [31mNo token found in request. Path: /, hasCookies: true, cookieNames: [39m
[2026-02-22 16:13:36] [[31merror[39m]: [31mNo token found in request. Path: /, hasCookies: true, cookieNames: [39m
[2026-02-22 16:13:42] [[31merror[39m]: [31mNo token found in request. Path: /, hasCookies: true, cookieNames: [39m
[2026-02-22 16:13:49] [[31merror[39m]: [31mNo token found in request. Path: /, hasCookies: true, cookieNames: [39m
[2026-02-22 16:13:55] [[31merror[39m]: [31mNo token found in request. Path: /, hasCookies: true, cookieNames: [39m
[2026-02-22 16:14:02] [[31merror[39m]: [31mNo token found in request. Path: /, hasCookies: true, cookieNames: [39m
[2026-02-22 16:14:08] [[31merror[39m]: [31mNo token found in request. Path: /, hasCookies: true, cookieNames: [39m
[2026-02-22 16:14:14] [[31merror[39m]: [31mNo token found in request. Path: /, hasCookies: true, cookieNames: [39m
[2026-02-22 16:14:20] [[31merror[39m]: [31mNo token found in request. Path: /, hasCookies: true, cookieNames: [39m
[2026-02-22 16:16:44] [[31merror[39m]: [31mNo token found in request. Path: /, hasCookies: true, cookieNames: [39m
[2026-02-22 16:16:50] [[31merror[39m]: [31mNo token found in request. Path: /, hasCookies: true, cookieNames: [39m
[2026-02-22 16:16:55] [[31merror[39m]: [31mNo token found in request. Path: /, hasCookies: true, cookieNames: [39m
[2026-02-22 16:17:00] [[31merror[39m]: [31mNo token found in request. Path: /, hasCookies: true, cookieNames: [39m
[2026-02-22 16:17:06] [[31merror[39m]: [31mNo token found in request. Path: /, hasCookies: true, cookieNames: [39m
[2026-02-22 16:17:11] [[31merror[39m]: [31mNo token found in request. Path: /, hasCookies: true, cookieNames: [39m
[2026-02-22 16:17:16] [[31merror[39m]: [31mNo token found in request. Path: /, hasCookies: true, cookieNames: [39m
[2026-02-22 16:17:22] [[31merror[39m]: [31mNo token found in request. Path: /, hasCookies: true, cookieNames: [39m
[2026-02-22 16:19:30] [[31merror[39m]: [31mNo token found in request. Path: /api/v1/auth/signin, hasCookies: true, cookieNames: [39m
[2026-02-22 16:21:50] [[31merror[39m]: [31mNo token found in request. Path: /api/v1/auth/signin, hasCookies: true, cookieNames: [39m
[2026-02-22 16:23:45] [[31merror[39m]: [31mNo token found in request. Path: /api/v1/auth/signin, hasCookies: true, cookieNames: [39m
[2026-02-22 16:31:18] [[31merror[39m]: [31mNo token found in request. Path: /, hasCookies: true, cookieNames: [39m
[2026-02-22 16:33:48] [[31merror[39m]: [31mNo token found in request. Path: /, hasCookies: true, cookieNames: [39m
[2026-02-22 16:33:56] [[31merror[39m]: [31mNo token found in request. Path: /, hasCookies: true, cookieNames: [39m
[2026-02-22 16:34:01] [[31merror[39m]: [31mNo token found in request. Path: /, hasCookies: true, cookieNames: [39m
[2026-02-22 16:38:33] [[31merror[39m]: [31mNo token found in request. Path: /, hasCookies: true, cookieNames: [39m
[2026-02-22 16:38:38] [[31merror[39m]: [31mNo token found in request. Path: /, hasCookies: true, cookieNames: [39m
[2026-02-22 16:38:44] [[31merror[39m]: [31mNo token found in request. Path: /, hasCookies: true, cookieNames: [39m
[2026-02-22 16:38:50] [[31merror[39m]: [31mNo token found in request. Path: /, hasCookies: true, cookieNames: [39m
[2026-02-22 16:38:56] [[31merror[39m]: [31mNo token found in request. Path: /, hasCookies: true, cookieNames: [39m
[2026-02-22 16:39:02] [[31merror[39m]: [31mNo token found in request. Path: /, hasCookies: true, cookieNames: [39m
[2026-02-22 16:39:08] [[31merror[39m]: [31mNo token found in request. Path: /, hasCookies: true, cookieNames: [39m
[2026-02-22 16:39:14] [[31merror[39m]: [31mNo token found in request. Path: /, hasCookies: true, cookieNames: [39m
[2026-02-22 16:39:20] [[31merror[39m]: [31mNo token found in request. Path: /, hasCookies: true, cookieNames: [39m
[2026-02-22 16:39:26] [[31merror[39m]: [31mNo token found in request. Path: /, hasCookies: true, cookieNames: [39m
[2026-02-22 16:39:32] [[31merror[39m]: [31mNo token found in request. Path: /, hasCookies: true, cookieNames: [39m
[2026-02-22 16:39:38] [[31merror[39m]: [31mNo token found in request. Path: /, hasCookies: true, cookieNames: [39m
[2026-02-22 16:39:44] [[31merror[39m]: [31mNo token found in request. Path: /, hasCookies: true, cookieNames: [39m
[2026-02-22 16:39:50] [[31merror[39m]: [31mNo token found in request. Path: /, hasCookies: true, cookieNames: [39m
[2026-02-22 16:39:56] [[31merror[39m]: [31mNo token found in request. Path: /, hasCookies: true, cookieNames: [39m
[2026-02-22 16:40:02] [[31merror[39m]: [31mNo token found in request. Path: /, hasCookies: true, cookieNames: [39m
[2026-02-22 16:40:08] [[31merror[39m]: [31mNo token found in request. Path: /, hasCookies: true, cookieNames: [39m
[2026-02-22 16:40:14] [[31merror[39m]: [31mNo token found in request. Path: /, hasCookies: true, cookieNames: [39m
[2026-02-22 16:40:21] [[31merror[39m]: [31mNo token found in request. Path: /, hasCookies: true, cookieNames: [39m
[2026-02-22 16:40:26] [[31merror[39m]: [31mNo token found in request. Path: /, hasCookies: true, cookieNames: [39m
[2026-02-22 16:40:32] [[31merror[39m]: [31mNo token found in request. Path: /, hasCookies: true, cookieNames: [39m
[2026-02-22 16:40:38] [[31merror[39m]: [31mNo token found in request. Path: /, hasCookies: true, cookieNames: [39m
[2026-02-22 16:40:44] [[31merror[39m]: [31mNo token found in request. Path: /, hasCookies: true, cookieNames: [39m
[2026-02-22 16:40:50] [[31merror[39m]: [31mNo token found in request. Path: /, hasCookies: true, cookieNames: [39m
[2026-02-22 16:40:56] [[31merror[39m]: [31mNo token found in request. Path: /, hasCookies: true, cookieNames: [39m
[2026-02-22 16:41:02] [[31merror[39m]: [31mNo token found in request. Path: /, hasCookies: true, cookieNames: [39m
[2026-02-22 16:41:08] [[31merror[39m]: [31mNo token found in request. Path: /, hasCookies: true, cookieNames: [39m
[2026-02-22 16:41:14] [[31merror[39m]: [31mNo token found in request. Path: /, hasCookies: true, cookieNames: [39m
[2026-02-22 16:41:20] [[31merror[39m]: [31mNo token found in request. Path: /, hasCookies: true, cookieNames: [39m
[2026-02-22 16:41:26] [[31merror[39m]: [31mNo token found in request. Path: /, hasCookies: true, cookieNames: [39m
[2026-02-22 16:41:32] [[31merror[39m]: [31mNo token found in request. Path: /, hasCookies: true, cookieNames: [39m
[2026-02-22 16:41:38] [[31merror[39m]: [31mNo token found in request. Path: /, hasCookies: true, cookieNames: [39m
[2026-02-22 16:41:44] [[31merror[39m]: [31mNo token found in request. Path: /, hasCookies: true, cookieNames: [39m
[2026-02-22 16:41:50] [[31merror[39m]: [31mNo token found in request. Path: /, hasCookies: true, cookieNames: [39m
[2026-02-22 16:41:56] [[31merror[39m]: [31mNo token found in request. Path: /, hasCookies: true, cookieNames: [39m
[2026-02-22 16:42:02] [[31merror[39m]: [31mNo token found in request. Path: /, hasCookies: true, cookieNames: [39m
[2026-02-22 16:42:08] [[31merror[39m]: [31mNo token found in request. Path: /, hasCookies: true, cookieNames: [39m
[2026-02-22 16:42:14] [[31merror[39m]: [31mNo token found in request. Path: /, hasCookies: true, cookieNames: [39m
[2026-02-22 16:42:20] [[31merror[39m]: [31mNo token found in request. Path: /, hasCookies: true, cookieNames: [39m
[2026-02-22 16:42:26] [[31merror[39m]: [31mNo token found in request. Path: /, hasCookies: true, cookieNames: [39m
[2026-02-22 16:42:32] [[31merror[39m]: [31mNo token found in request. Path: /, hasCookies: true, cookieNames: [39m
[2026-02-22 16:42:38] [[31merror[39m]: [31mNo token found in request. Path: /, hasCookies: true, cookieNames: [39m
[2026-02-22 16:42:44] [[31merror[39m]: [31mNo token found in request. Path: /, hasCookies: true, cookieNames: [39m
[2026-02-22 16:42:50] [[31merror[39m]: [31mNo token found in request. Path: /, hasCookies: true, cookieNames: [39m
[2026-02-22 16:42:56] [[31merror[39m]: [31mNo token found in request. Path: /, hasCookies: true, cookieNames: [39m
[2026-02-22 16:43:02] [[31merror[39m]: [31mNo token found in request. Path: /, hasCookies: true, cookieNames: [39m
[2026-02-22 16:43:08] [[31merror[39m]: [31mNo token found in request. Path: /, hasCookies: true, cookieNames: [39m
[2026-02-22 16:43:14] [[31merror[39m]: [31mNo token found in request. Path: /, hasCookies: true, cookieNames: [39m
[2026-02-22 16:43:20] [[31merror[39m]: [31mNo token found in request. Path: /, hasCookies: true, cookieNames: [39m
[2026-02-22 16:43:26] [[31merror[39m]: [31mNo token found in request. Path: /, hasCookies: true, cookieNames: [39m
[2026-02-22 16:43:32] [[31merror[39m]: [31mNo token found in request. Path: /, hasCookies: true, cookieNames: [39m
[2026-02-22 16:43:38] [[31merror[39m]: [31mNo token found in request. Path: /, hasCookies: true, cookieNames: [39m
[2026-02-22 16:43:44] [[31merror[39m]: [31mNo token found in request. Path: /, hasCookies: true, cookieNames: [39m
[2026-02-22 16:43:50] [[31merror[39m]: [31mNo token found in request. Path: /, hasCookies: true, cookieNames: [39m
[2026-02-22 16:43:56] [[31merror[39m]: [31mNo token found in request. Path: /, hasCookies: true, cookieNames: [39m
[2026-02-22 16:44:02] [[31merror[39m]: [31mNo token found in request. Path: /, hasCookies: true, cookieNames: [39m
[2026-02-22 16:44:08] [[31merror[39m]: [31mNo token found in request. Path: /, hasCookies: true, cookieNames: [39m
[2026-02-22 16:44:14] [[31merror[39m]: [31mNo token found in request. Path: /, hasCookies: true, cookieNames: [39m
[2026-02-22 16:44:20] [[31merror[39m]: [31mNo token found in request. Path: /, hasCookies: true, cookieNames: [39m
[2026-02-22 16:44:26] [[31merror[39m]: [31mNo token found in request. Path: /, hasCookies: true, cookieNames: [39m
[2026-02-22 16:44:32] [[31merror[39m]: [31mNo token found in request. Path: /, hasCookies: true, cookieNames: [39m
[2026-02-22 16:44:38] [[31merror[39m]: [31mNo token found in request. Path: /, hasCookies: true, cookieNames: [39m
[2026-02-22 16:44:44] [[31merror[39m]: [31mNo token found in request. Path: /, hasCookies: true, cookieNames: [39m
[2026-02-22 16:44:50] [[31merror[39m]: [31mNo token found in request. Path: /, hasCookies: true, cookieNames: [39m
[2026-02-22 16:44:56] [[31merror[39m]: [31mNo token found in request. Path: /, hasCookies: true, cookieNames: [39m
[2026-02-22 16:45:02] [[31merror[39m]: [31mNo token found in request. Path: /, hasCookies: true, cookieNames: [39m
[2026-02-22 16:45:08] [[31merror[39m]: [31mNo token found in request. Path: /, hasCookies: true, cookieNames: [39m
[2026-02-22 16:45:14] [[31merror[39m]: [31mNo token found in request. Path: /, hasCookies: true, cookieNames: [39m
[2026-02-22 16:45:20] [[31merror[39m]: [31mNo token found in request. Path: /, hasCookies: true, cookieNames: [39m
[2026-02-22 16:45:26] [[31merror[39m]: [31mNo token found in request. Path: /, hasCookies: true, cookieNames: [39m
[2026-02-22 16:45:32] [[31merror[39m]: [31mNo token found in request. Path: /, hasCookies: true, cookieNames: [39m
[2026-02-22 16:45:38] [[31merror[39m]: [31mNo token found in request. Path: /, hasCookies: true, cookieNames: [39m
[2026-02-22 16:45:44] [[31merror[39m]: [31mNo token found in request. Path: /, hasCookies: true, cookieNames: [39m
[2026-02-22 16:45:50] [[31merror[39m]: [31mNo token found in request. Path: /, hasCookies: true, cookieNames: [39m
[2026-02-22 16:45:56] [[31merror[39m]: [31mNo token found in request. Path: /, hasCookies: true, cookieNames: [39m
[2026-02-22 16:46:02] [[31merror[39m]: [31mNo token found in request. Path: /, hasCookies: true, cookieNames: [39m
[2026-02-22 16:46:08] [[31merror[39m]: [31mNo token found in request. Path: /, hasCookies: true, cookieNames: [39m
[2026-02-22 16:46:14] [[31merror[39m]: [31mNo token found in request. Path: /, hasCookies: true, cookieNames: [39m
[2026-02-22 16:46:20] [[31merror[39m]: [31mNo token found in request. Path: /, hasCookies: true, cookieNames: [39m
[2026-02-22 16:46:26] [[31merror[39m]: [31mNo token found in request. Path: /, hasCookies: true, cookieNames: [39m
[2026-02-22 16:46:32] [[31merror[39m]: [31mNo token found in request. Path: /, hasCookies: true, cookieNames: [39m
[2026-02-22 16:46:38] [[31merror[39m]: [31mNo token found in request. Path: /, hasCookies: true, cookieNames: [39m
[2026-02-22 16:46:44] [[31merror[39m]: [31mNo token found in request. Path: /, hasCookies: true, cookieNames: [39m
[2026-02-22 16:46:50] [[31merror[39m]: [31mNo token found in request. Path: /, hasCookies: true, cookieNames: [39m
[2026-02-22 16:46:56] [[31merror[39m]: [31mNo token found in request. Path: /, hasCookies: true, cookieNames: [39m
[2026-02-22 16:47:02] [[31merror[39m]: [31mNo token found in request. Path: /, hasCookies: true, cookieNames: [39m
[2026-02-22 16:47:08] [[31merror[39m]: [31mNo token found in request. Path: /, hasCookies: true, cookieNames: [39m
[2026-02-22 16:47:14] [[31merror[39m]: [31mNo token found in request. Path: /, hasCookies: true, cookieNames: [39m
[2026-02-22 16:47:20] [[31merror[39m]: [31mNo token found in request. Path: /, hasCookies: true, cookieNames: [39m
[2026-02-22 16:47:26] [[31merror[39m]: [31mNo token found in request. Path: /, hasCookies: true, cookieNames: [39m
[2026-02-22 16:47:32] [[31merror[39m]: [31mNo token found in request. Path: /, hasCookies: true, cookieNames: [39m
[2026-02-22 16:47:38] [[31merror[39m]: [31mNo token found in request. Path: /, hasCookies: true, cookieNames: [39m
[2026-02-22 16:47:44] [[31merror[39m]: [31mNo token found in request. Path: /, hasCookies: true, cookieNames: [39m
[2026-02-22 16:47:50] [[31merror[39m]: [31mNo token found in request. Path: /, hasCookies: true, cookieNames: [39m
[2026-02-22 16:47:56] [[31merror[39m]: [31mNo token found in request. Path: /, hasCookies: true, cookieNames: [39m
[2026-02-22 16:48:02] [[31merror[39m]: [31mNo token found in request. Path: /, hasCookies: true, cookieNames: [39m
[2026-02-22 16:48:08] [[31merror[39m]: [31mNo token found in request. Path: /, hasCookies: true, cookieNames: [39m
[2026-02-22 16:48:14] [[31merror[39m]: [31mNo token found in request. Path: /, hasCookies: true, cookieNames: [39m
[2026-02-22 16:48:20] [[31merror[39m]: [31mNo token found in request. Path: /, hasCookies: true, cookieNames: [39m
[2026-02-22 16:48:26] [[31merror[39m]: [31mNo token found in request. Path: /, hasCookies: true, cookieNames: [39m
[2026-02-22 16:48:32] [[31merror[39m]: [31mNo token found in request. Path: /, hasCookies: true, cookieNames: [39m
[2026-02-22 16:48:38] [[31merror[39m]: [31mNo token found in request. Path: /, hasCookies: true, cookieNames: [39m
[2026-02-22 16:48:44] [[31merror[39m]: [31mNo token found in request. Path: /, hasCookies: true, cookieNames: [39m
[2026-02-22 16:48:50] [[31merror[39m]: [31mNo token found in request. Path: /, hasCookies: true, cookieNames: [39m
[2026-02-22 16:48:56] [[31merror[39m]: [31mNo token found in request. Path: /, hasCookies: true, cookieNames: [39m
[2026-02-22 16:49:02] [[31merror[39m]: [31mNo token found in request. Path: /, hasCookies: true, cookieNames: [39m
[2026-02-22 16:49:08] [[31merror[39m]: [31mNo token found in request. Path: /, hasCookies: true, cookieNames: [39m
[2026-02-22 16:49:14] [[31merror[39m]: [31mNo token found in request. Path: /, hasCookies: true, cookieNames: [39m
[2026-02-22 16:49:20] [[31merror[39m]: [31mNo token found in request. Path: /, hasCookies: true, cookieNames: [39m
[2026-02-22 16:49:26] [[31merror[39m]: [31mNo token found in request. Path: /, hasCookies: true, cookieNames: [39m
[2026-02-22 16:49:32] [[31merror[39m]: [31mNo token found in request. Path: /, hasCookies: true, cookieNames: [39m
[2026-02-22 16:49:38] [[31merror[39m]: [31mNo token found in request. Path: /, hasCookies: true, cookieNames: [39m
[2026-02-22 16:49:44] [[31merror[39m]: [31mNo token found in request. Path: /, hasCookies: true, cookieNames: [39m
[2026-02-22 16:49:50] [[31merror[39m]: [31mNo token found in request. Path: /, hasCookies: true, cookieNames: [39m
[2026-02-22 16:49:56] [[31merror[39m]: [31mNo token found in request. Path: /, hasCookies: true, cookieNames: [39m
[2026-02-22 16:50:02] [[31merror[39m]: [31mNo token found in request. Path: /, hasCookies: true, cookieNames: [39m
[2026-02-22 16:50:08] [[31merror[39m]: [31mNo token found in request. Path: /, hasCookies: true, cookieNames: [39m
[2026-02-22 16:50:14] [[31merror[39m]: [31mNo token found in request. Path: /, hasCookies: true, cookieNames: [39m
[2026-02-22 16:50:20] [[31merror[39m]: [31mNo token found in request. Path: /, hasCookies: true, cookieNames: [39m
[2026-02-22 16:50:26] [[31merror[39m]: [31mNo token found in request. Path: /, hasCookies: true, cookieNames: [39m
[2026-02-22 16:50:32] [[31merror[39m]: [31mNo token found in request. Path: /, hasCookies: true, cookieNames: [39m
[2026-02-22 16:50:38] [[31merror[39m]: [31mNo token found in request. Path: /, hasCookies: true, cookieNames: [39m
[2026-02-22 16:50:44] [[31merror[39m]: [31mNo token found in request. Path: /, hasCookies: true, cookieNames: [39m
[2026-02-22 16:50:50] [[31merror[39m]: [31mNo token found in request. Path: /, hasCookies: true, cookieNames: [39m
[2026-02-22 16:50:56] [[31merror[39m]: [31mNo token found in request. Path: /, hasCookies: true, cookieNames: [39m
[2026-02-22 16:51:02] [[31merror[39m]: [31mNo token found in request. Path: /, hasCookies: true, cookieNames: [39m
[2026-02-22 16:51:08] [[31merror[39m]: [31mNo token found in request. Path: /, hasCookies: true, cookieNames: [39m
[2026-02-22 16:51:14] [[31merror[39m]: [31mNo token found in request. Path: /, hasCookies: true, cookieNames: [39m
[2026-02-22 16:51:20] [[31merror[39m]: [31mNo token found in request. Path: /, hasCookies: true, cookieNames: [39m
[2026-02-22 16:51:26] [[31merror[39m]: [31mNo token found in request. Path: /, hasCookies: true, cookieNames: [39m
[2026-02-22 16:51:32] [[31merror[39m]: [31mNo token found in request. Path: /, hasCookies: true, cookieNames: [39m
[2026-02-22 16:51:38] [[31merror[39m]: [31mNo token found in request. Path: /, hasCookies: true, cookieNames: [39m
[2026-02-22 16:51:44] [[31merror[39m]: [31mNo token found in request. Path: /, hasCookies: true, cookieNames: [39m
[2026-02-22 16:51:50] [[31merror[39m]: [31mNo token found in request. Path: /, hasCookies: true, cookieNames: [39m
[2026-02-22 16:51:56] [[31merror[39m]: [31mNo token found in request. Path: /, hasCookies: true, cookieNames: [39m
[2026-02-22 16:52:02] [[31merror[39m]: [31mNo token found in request. Path: /, hasCookies: true, cookieNames: [39m
[2026-02-22 16:52:08] [[31merror[39m]: [31mNo token found in request. Path: /, hasCookies: true, cookieNames: [39m
[2026-02-22 16:52:14] [[31merror[39m]: [31mNo token found in request. Path: /, hasCookies: true, cookieNames: [39m
[2026-02-22 16:52:20] [[31merror[39m]: [31mNo token found in request. Path: /, hasCookies: true, cookieNames: [39m
[2026-02-22 16:52:26] [[31merror[39m]: [31mNo token found in request. Path: /, hasCookies: true, cookieNames: [39m
[2026-02-22 16:52:32] [[31merror[39m]: [31mNo token found in request. Path: /, hasCookies: true, cookieNames: [39m
[2026-02-22 16:52:38] [[31merror[39m]: [31mNo token found in request. Path: /, hasCookies: true, cookieNames: [39m
[2026-02-22 16:52:44] [[31merror[39m]: [31mNo token found in request. Path: /, hasCookies: true, cookieNames: [39m
[2026-02-22 16:52:50] [[31merror[39m]: [31mNo token found in request. Path: /, hasCookies: true, cookieNames: [39m
[2026-02-22 16:52:56] [[31merror[39m]: [31mNo token found in request. Path: /, hasCookies: true, cookieNames: [39m
[2026-02-22 16:53:02] [[31merror[39m]: [31mNo token found in request. Path: /, hasCookies: true, cookieNames: [39m
[2026-02-22 16:53:08] [[31merror[39m]: [31mNo token found in request. Path: /, hasCookies: true, cookieNames: [39m
[2026-02-22 16:53:14] [[31merror[39m]: [31mNo token found in request. Path: /, hasCookies: true, cookieNames: [39m
[2026-02-22 16:53:20] [[31merror[39m]: [31mNo token found in request. Path: /, hasCookies: true, cookieNames: [39m
[2026-02-22 16:53:26] [[31merror[39m]: [31mNo token found in request. Path: /, hasCookies: true, cookieNames: [39m
[2026-02-22 16:53:32] [[31merror[39m]: [31mNo token found in request. Path: /, hasCookies: true, cookieNames: [39m
[2026-02-22 16:53:38] [[31merror[39m]: [31mNo token found in request. Path: /, hasCookies: true, cookieNames: [39m
[2026-02-22 16:53:44] [[31merror[39m]: [31mNo token found in request. Path: /, hasCookies: true, cookieNames: [39m
[2026-02-22 16:53:50] [[31merror[39m]: [31mNo token found in request. Path: /, hasCookies: true, cookieNames: [39m
[2026-02-22 16:53:56] [[31merror[39m]: [31mNo token found in request. Path: /, hasCookies: true, cookieNames: [39m
[2026-02-22 16:54:02] [[31merror[39m]: [31mNo token found in request. Path: /, hasCookies: true, cookieNames: [39m
[2026-02-22 16:54:08] [[31merror[39m]: [31mNo token found in request. Path: /, hasCookies: true, cookieNames: [39m
[2026-02-22 16:54:14] [[31merror[39m]: [31mNo token found in request. Path: /, hasCookies: true, cookieNames: [39m
[2026-02-22 16:54:20] [[31merror[39m]: [31mNo token found in request. Path: /, hasCookies: true, cookieNames: [39m
[2026-02-22 16:54:26] [[31merror[39m]: [31mNo token found in request. Path: /, hasCookies: true, cookieNames: [39m
[2026-02-22 16:54:32] [[31merror[39m]: [31mNo token found in request. Path: /, hasCookies: true, cookieNames: [39m
[2026-02-22 16:54:38] [[31merror[39m]: [31mNo token found in request. Path: /, hasCookies: true, cookieNames: [39m
[2026-02-22 16:54:44] [[31merror[39m]: [31mNo token found in request. Path: /, hasCookies: true, cookieNames: [39m
[2026-02-22 16:54:50] [[31merror[39m]: [31mNo token found in request. Path: /, hasCookies: true, cookieNames: [39m
[2026-02-22 16:54:56] [[31merror[39m]: [31mNo token found in request. Path: /, hasCookies: true, cookieNames: [39m
[2026-02-22 16:55:02] [[31merror[39m]: [31mNo token found in request. Path: /, hasCookies: true, cookieNames: [39m
[2026-02-22 16:55:08] [[31merror[39m]: [31mNo token found in request. Path: /, hasCookies: true, cookieNames: [39m
[2026-02-22 16:55:14] [[31merror[39m]: [31mNo token found in request. Path: /, hasCookies: true, cookieNames: [39m
[2026-02-22 16:55:20] [[31merror[39m]: [31mNo token found in request. Path: /, hasCookies: true, cookieNames: [39m
[2026-02-22 16:55:26] [[31merror[39m]: [31mNo token found in request. Path: /, hasCookies: true, cookieNames: [39m
[2026-02-22 16:55:32] [[31merror[39m]: [31mNo token found in request. Path: /, hasCookies: true, cookieNames: [39m
[2026-02-22 16:55:38] [[31merror[39m]: [31mNo token found in request. Path: /, hasCookies: true, cookieNames: [39m
[2026-02-22 16:55:44] [[31merror[39m]: [31mNo token found in request. Path: /, hasCookies: true, cookieNames: [39m
[2026-02-22 16:55:50] [[31merror[39m]: [31mNo token found in request. Path: /, hasCookies: true, cookieNames: [39m
[2026-02-22 16:55:56] [[31merror[39m]: [31mNo token found in request. Path: /, hasCookies: true, cookieNames: [39m
[2026-02-22 16:56:02] [[31merror[39m]: [31mNo token found in request. Path: /, hasCookies: true, cookieNames: [39m
[2026-02-22 16:56:08] [[31merror[39m]: [31mNo token found in request. Path: /, hasCookies: true, cookieNames: [39m
[2026-02-22 16:56:14] [[31merror[39m]: [31mNo token found in request. Path: /, hasCookies: true, cookieNames: [39m
[2026-02-22 16:56:20] [[31merror[39m]: [31mNo token found in request. Path: /, hasCookies: true, cookieNames: [39m
[2026-02-22 16:56:26] [[31merror[39m]: [31mNo token found in request. Path: /, hasCookies: true, cookieNames: [39m
[2026-02-22 16:56:32] [[31merror[39m]: [31mNo token found in request. Path: /, hasCookies: true, cookieNames: [39m
[2026-02-22 16:56:38] [[31merror[39m]: [31mNo token found in request. Path: /, hasCookies: true, cookieNames: [39m
[2026-02-22 16:56:44] [[31merror[39m]: [31mNo token found in request. Path: /, hasCookies: true, cookieNames: [39m
[2026-02-22 16:56:50] [[31merror[39m]: [31mNo token found in request. Path: /, hasCookies: true, cookieNames: [39m
[2026-02-22 16:56:56] [[31merror[39m]: [31mNo token found in request. Path: /, hasCookies: true, cookieNames: [39m
[2026-02-22 16:57:02] [[31merror[39m]: [31mNo token found in request. Path: /, hasCookies: true, cookieNames: [39m
[2026-02-22 16:57:08] [[31merror[39m]: [31mNo token found in request. Path: /, hasCookies: true, cookieNames: [39m
[2026-02-22 16:57:14] [[31merror[39m]: [31mNo token found in request. Path: /, hasCookies: true, cookieNames: [39m
[2026-02-22 16:57:20] [[31merror[39m]: [31mNo token found in request. Path: /, hasCookies: true, cookieNames: [39m
[2026-02-22 16:57:26] [[31merror[39m]: [31mNo token found in request. Path: /, hasCookies: true, cookieNames: [39m
[2026-02-22 16:57:32] [[31merror[39m]: [31mNo token found in request. Path: /, hasCookies: true, cookieNames: [39m
[2026-02-22 16:57:38] [[31merror[39m]: [31mNo token found in request. Path: /, hasCookies: true, cookieNames: [39m
[2026-02-22 16:57:44] [[31merror[39m]: [31mNo token found in request. Path: /, hasCookies: true, cookieNames: [39m
[2026-02-22 16:57:50] [[31merror[39m]: [31mNo token found in request. Path: /, hasCookies: true, cookieNames: [39m
[2026-02-22 16:57:56] [[31merror[39m]: [31mNo token found in request. Path: /, hasCookies: true, cookieNames: [39m
[2026-02-22 16:58:02] [[31merror[39m]: [31mNo token found in request. Path: /, hasCookies: true, cookieNames: [39m
[2026-02-22 16:58:08] [[31merror[39m]: [31mNo token found in request. Path: /, hasCookies: true, cookieNames: [39m
[2026-02-22 16:58:14] [[31merror[39m]: [31mNo token found in request. Path: /, hasCookies: true, cookieNames: [39m
[2026-02-22 16:58:20] [[31merror[39m]: [31mNo token found in request. Path: /, hasCookies: true, cookieNames: [39m
[2026-02-22 16:58:26] [[31merror[39m]: [31mNo token found in request. Path: /, hasCookies: true, cookieNames: [39m
[2026-02-22 16:58:32] [[31merror[39m]: [31mNo token found in request. Path: /, hasCookies: true, cookieNames: [39m
[2026-02-22 16:58:38] [[31merror[39m]: [31mNo token found in request. Path: /, hasCookies: true, cookieNames: [39m
[2026-02-22 16:58:44] [[31merror[39m]: [31mNo token found in request. Path: /, hasCookies: true, cookieNames: [39m
[2026-02-22 16:58:50] [[31merror[39m]: [31mNo token found in request. Path: /, hasCookies: true, cookieNames: [39m
[2026-02-22 16:58:56] [[31merror[39m]: [31mNo token found in request. Path: /, hasCookies: true, cookieNames: [39m
[2026-02-22 16:59:02] [[31merror[39m]: [31mNo token found in request. Path: /, hasCookies: true, cookieNames: [39m
[2026-02-22 16:59:08] [[31merror[39m]: [31mNo token found in request. Path: /, hasCookies: true, cookieNames: [39m
[2026-02-22 16:59:14] [[31merror[39m]: [31mNo token found in request. Path: /, hasCookies: true, cookieNames: [39m
[2026-02-22 16:59:20] [[31merror[39m]: [31mNo token found in request. Path: /, hasCookies: true, cookieNames: [39m
[2026-02-22 16:59:26] [[31merror[39m]: [31mNo token found in request. Path: /, hasCookies: true, cookieNames: [39m
[2026-02-22 16:59:32] [[31merror[39m]: [31mNo token found in request. Path: /, hasCookies: true, cookieNames: [39m
[2026-02-22 16:59:38] [[31merror[39m]: [31mNo token found in request. Path: /, hasCookies: true, cookieNames: [39m
[2026-02-22 16:59:44] [[31merror[39m]: [31mNo token found in request. Path: /, hasCookies: true, cookieNames: [39m
[2026-02-22 16:59:50] [[31merror[39m]: [31mNo token found in request. Path: /, hasCookies: true, cookieNames: [39m
[2026-02-22 16:59:56] [[31merror[39m]: [31mNo token found in request. Path: /, hasCookies: true, cookieNames: [39m
[2026-02-22 17:00:02] [[31merror[39m]: [31mNo token found in request. Path: /, hasCookies: true, cookieNames: [39m
[2026-02-22 17:00:08] [[31merror[39m]: [31mNo token found in request. Path: /, hasCookies: true, cookieNames: [39m
[2026-02-22 17:00:14] [[31merror[39m]: [31mNo token found in request. Path: /, hasCookies: true, cookieNames: [39m
[2026-02-22 17:00:20] [[31merror[39m]: [31mNo token found in request. Path: /, hasCookies: true, cookieNames: [39m
[2026-02-22 17:00:26] [[31merror[39m]: [31mNo token found in request. Path: /, hasCookies: true, cookieNames: [39m
[2026-02-22 17:00:32] [[31merror[39m]: [31mNo token found in request. Path: /, hasCookies: true, cookieNames: [39m
[2026-02-22 17:00:38] [[31merror[39m]: [31mNo token found in request. Path: /, hasCookies: true, cookieNames: [39m
[2026-02-22 17:00:44] [[31merror[39m]: [31mNo token found in request. Path: /, hasCookies: true, cookieNames: [39m
[2026-02-22 17:00:50] [[31merror[39m]: [31mNo token found in request. Path: /, hasCookies: true, cookieNames: [39m
[2026-02-22 17:00:56] [[31merror[39m]: [31mNo token found in request. Path: /, hasCookies: true, cookieNames: [39m
[2026-02-22 17:01:02] [[31merror[39m]: [31mNo token found in request. Path: /, hasCookies: true, cookieNames: [39m
[2026-02-22 17:01:08] [[31merror[39m]: [31mNo token found in request. Path: /, hasCookies: true, cookieNames: [39m
[2026-02-22 17:01:14] [[31merror[39m]: [31mNo token found in request. Path: /, hasCookies: true, cookieNames: [39m
[2026-02-22 17:01:20] [[31merror[39m]: [31mNo token found in request. Path: /, hasCookies: true, cookieNames: [39m
[2026-02-22 17:01:26] [[31merror[39m]: [31mNo token found in request. Path: /, hasCookies: true, cookieNames: [39m
[2026-02-22 17:01:32] [[31merror[39m]: [31mNo token found in request. Path: /, hasCookies: true, cookieNames: [39m
[2026-02-22 17:01:38] [[31merror[39m]: [31mNo token found in request. Path: /, hasCookies: true, cookieNames: [39m
[2026-02-22 17:01:44] [[31merror[39m]: [31mNo token found in request. Path: /, hasCookies: true, cookieNames: [39m
[2026-02-22 17:01:50] [[31merror[39m]: [31mNo token found in request. Path: /, hasCookies: true, cookieNames: [39m
[2026-02-22 17:01:56] [[31merror[39m]: [31mNo token found in request. Path: /, hasCookies: true, cookieNames: [39m
[2026-02-22 17:02:02] [[31merror[39m]: [31mNo token found in request. Path: /, hasCookies: true, cookieNames: [39m
[2026-02-22 17:02:08] [[31merror[39m]: [31mNo token found in request. Path: /, hasCookies: true, cookieNames: [39m
[2026-02-22 17:02:14] [[31merror[39m]: [31mNo token found in request. Path: /, hasCookies: true, cookieNames: [39m
[2026-02-22 17:02:20] [[31merror[39m]: [31mNo token found in request. Path: /, hasCookies: true, cookieNames: [39m
[2026-02-22 17:02:26] [[31merror[39m]: [31mNo token found in request. Path: /, hasCookies: true, cookieNames: [39m
[2026-02-22 17:02:32] [[31merror[39m]: [31mNo token found in request. Path: /, hasCookies: true, cookieNames: [39m
[2026-02-22 17:02:38] [[31merror[39m]: [31mNo token found in request. Path: /, hasCookies: true, cookieNames: [39m
[2026-02-22 17:02:44] [[31merror[39m]: [31mNo token found in request. Path: /, hasCookies: true, cookieNames: [39m
[2026-02-22 17:02:50] [[31merror[39m]: [31mNo token found in request. Path: /, hasCookies: true, cookieNames: [39m
[2026-02-22 17:02:56] [[31merror[39m]: [31mNo token found in request. Path: /, hasCookies: true, cookieNames: [39m
[2026-02-22 17:03:02] [[31merror[39m]: [31mNo token found in request. Path: /, hasCookies: true, cookieNames: [39m
[2026-02-22 17:03:08] [[31merror[39m]: [31mNo token found in request. Path: /, hasCookies: true, cookieNames: [39m
[2026-02-22 17:03:14] [[31merror[39m]: [31mNo token found in request. Path: /, hasCookies: true, cookieNames: [39m
[2026-02-22 17:03:20] [[31merror[39m]: [31mNo token found in request. Path: /, hasCookies: true, cookieNames: [39m
[2026-02-22 17:03:26] [[31merror[39m]: [31mNo token found in request. Path: /, hasCookies: true, cookieNames: [39m
[2026-02-22 17:03:32] [[31merror[39m]: [31mNo token found in request. Path: /, hasCookies: true, cookieNames: [39m
[2026-02-22 17:03:38] [[31merror[39m]: [31mNo token found in request. Path: /, hasCookies: true, cookieNames: [39m
[2026-02-22 17:03:44] [[31merror[39m]: [31mNo token found in request. Path: /, hasCookies: true, cookieNames: [39m
[2026-02-22 17:03:58] [[31merror[39m]: [31mNo token found in request. Path: /, hasCookies: true, cookieNames: [39m
[2026-02-22 17:04:04] [[31merror[39m]: [31mNo token found in request. Path: /, hasCookies: true, cookieNames: [39m
[2026-02-22 17:04:10] [[31merror[39m]: [31mNo token found in request. Path: /, hasCookies: true, cookieNames: [39m
[2026-02-22 17:04:16] [[31merror[39m]: [31mNo token found in request. Path: /, hasCookies: true, cookieNames: [39m
[2026-02-22 17:04:22] [[31merror[39m]: [31mNo token found in request. Path: /, hasCookies: true, cookieNames: [39m
[2026-02-22 17:04:28] [[31merror[39m]: [31mNo token found in request. Path: /, hasCookies: true, cookieNames: [39m
[2026-02-22 17:04:34] [[31merror[39m]: [31mNo token found in request. Path: /, hasCookies: true, cookieNames: [39m
[2026-02-22 17:04:40] [[31merror[39m]: [31mNo token found in request. Path: /, hasCookies: true, cookieNames: [39m
[2026-02-22 17:04:46] [[31merror[39m]: [31mNo token found in request. Path: /, hasCookies: true, cookieNames: [39m
[2026-02-22 17:04:52] [[31merror[39m]: [31mNo token found in request. Path: /, hasCookies: true, cookieNames: [39m
[2026-02-22 17:04:58] [[31merror[39m]: [31mNo token found in request. Path: /, hasCookies: true, cookieNames: [39m
[2026-02-22 17:05:04] [[31merror[39m]: [31mNo token found in request. Path: /, hasCookies: true, cookieNames: [39m
[2026-02-22 17:05:10] [[31merror[39m]: [31mNo token found in request. Path: /, hasCookies: true, cookieNames: [39m
[2026-02-22 17:05:44] [[31merror[39m]: [31mNo token found in request. Path: /, hasCookies: true, cookieNames: [39m
[2026-02-22 17:05:49] [[31merror[39m]: [31mNo token found in request. Path: /, hasCookies: true, cookieNames: [39m
[2026-02-22 17:05:55] [[31merror[39m]: [31mNo token found in request. Path: /, hasCookies: true, cookieNames: [39m
[2026-02-22 17:06:01] [[31merror[39m]: [31mNo token found in request. Path: /, hasCookies: true, cookieNames: [39m
[2026-02-22 17:06:07] [[31merror[39m]: [31mNo token found in request. Path: /, hasCookies: true, cookieNames: [39m
[2026-02-22 17:06:13] [[31merror[39m]: [31mNo token found in request. Path: /, hasCookies: true, cookieNames: [39m
[2026-02-22 17:06:19] [[31merror[39m]: [31mNo token found in request. Path: /, hasCookies: true, cookieNames: [39m
[2026-02-22 17:06:25] [[31merror[39m]: [31mNo token found in request. Path: /, hasCookies: true, cookieNames: [39m
[2026-02-22 17:06:31] [[31merror[39m]: [31mNo token found in request. Path: /, hasCookies: true, cookieNames: [39m
[2026-02-22 17:06:37] [[31merror[39m]: [31mNo token found in request. Path: /, hasCookies: true, cookieNames: [39m
[2026-02-22 17:11:26] [[31merror[39m]: [31mNo token found in request. Path: /, hasCookies: true, cookieNames: [39m
[2026-02-22 17:11:31] [[31merror[39m]: [31mNo token found in request. Path: /, hasCookies: true, cookieNames: [39m
[2026-02-22 17:11:37] [[31merror[39m]: [31mNo token found in request. Path: /, hasCookies: true, cookieNames: [39m
[2026-02-22 17:11:43] [[31merror[39m]: [31mNo token found in request. Path: /, hasCookies: true, cookieNames: [39m
[2026-02-22 17:11:49] [[31merror[39m]: [31mNo token found in request. Path: /, hasCookies: true, cookieNames: [39m
[2026-02-22 17:11:55] [[31merror[39m]: [31mNo token found in request. Path: /, hasCookies: true, cookieNames: [39m
[2026-02-22 17:12:01] [[31merror[39m]: [31mNo token found in request. Path: /, hasCookies: true, cookieNames: [39m
[2026-02-22 17:12:07] [[31merror[39m]: [31mNo token found in request. Path: /, hasCookies: true, cookieNames: [39m
[2026-02-22 17:12:13] [[31merror[39m]: [31mNo token found in request. Path: /, hasCookies: true, cookieNames: [39m
[2026-02-22 17:12:19] [[31merror[39m]: [31mNo token found in request. Path: /, hasCookies: true, cookieNames: [39m
[2026-02-22 17:12:25] [[31merror[39m]: [31mNo token found in request. Path: /, hasCookies: true, cookieNames: [39m
[2026-02-22 17:12:31] [[31merror[39m]: [31mNo token found in request. Path: /, hasCookies: true, cookieNames: [39m
[2026-02-22 17:12:37] [[31merror[39m]: [31mNo token found in request. Path: /, hasCookies: true, cookieNames: [39m
[2026-02-22 17:12:43] [[31merror[39m]: [31mNo token found in request. Path: /, hasCookies: true, cookieNames: [39m
[2026-02-22 17:12:49] [[31merror[39m]: [31mNo token found in request. Path: /, hasCookies: true, cookieNames: [39m
[2026-02-22 17:12:55] [[31merror[39m]: [31mNo token found in request. Path: /, hasCookies: true, cookieNames: [39m
[2026-02-22 17:13:01] [[31merror[39m]: [31mNo token found in request. Path: /, hasCookies: true, cookieNames: [39m
[2026-02-22 17:13:07] [[31merror[39m]: [31mNo token found in request. Path: /, hasCookies: true, cookieNames: [39m
[2026-02-22 17:13:13] [[31merror[39m]: [31mNo token found in request. Path: /, hasCookies: true, cookieNames: [39m
[2026-02-22 17:13:19] [[31merror[39m]: [31mNo token found in request. Path: /, hasCookies: true, cookieNames: [39m
[2026-02-22 17:13:25] [[31merror[39m]: [31mNo token found in request. Path: /, hasCookies: true, cookieNames: [39m
[2026-02-22 17:13:31] [[31merror[39m]: [31mNo token found in request. Path: /, hasCookies: true, cookieNames: [39m
[2026-02-22 17:13:37] [[31merror[39m]: [31mNo token found in request. Path: /, hasCookies: true, cookieNames: [39m
[2026-02-22 17:13:43] [[31merror[39m]: [31mNo token found in request. Path: /, hasCookies: true, cookieNames: [39m
[2026-02-22 17:13:49] [[31merror[39m]: [31mNo token found in request. Path: /, hasCookies: true, cookieNames: [39m
[2026-02-22 17:13:55] [[31merror[39m]: [31mNo token found in request. Path: /, hasCookies: true, cookieNames: [39m
[2026-02-22 17:14:01] [[31merror[39m]: [31mNo token found in request. Path: /, hasCookies: true, cookieNames: [39m
[2026-02-22 17:14:07] [[31merror[39m]: [31mNo token found in request. Path: /, hasCookies: true, cookieNames: [39m
[2026-02-22 17:14:13] [[31merror[39m]: [31mNo token found in request. Path: /, hasCookies: true, cookieNames: [39m
[2026-02-22 17:14:19] [[31merror[39m]: [31mNo token found in request. Path: /, hasCookies: true, cookieNames: [39m
[2026-02-22 17:14:25] [[31merror[39m]: [31mNo token found in request. Path: /, hasCookies: true, cookieNames: [39m
[2026-02-22 17:14:31] [[31merror[39m]: [31mNo token found in request. Path: /, hasCookies: true, cookieNames: [39m
[2026-02-22 17:14:39] [[31merror[39m]: [31mNo token found in request. Path: /, hasCookies: true, cookieNames: [39m
[2026-02-22 17:14:44] [[31merror[39m]: [31mNo token found in request. Path: /, hasCookies: true, cookieNames: [39m
[2026-02-22 17:14:50] [[31merror[39m]: [31mNo token found in request. Path: /, hasCookies: true, cookieNames: [39m
[2026-02-22 17:14:56] [[31merror[39m]: [31mNo token found in request. Path: /, hasCookies: true, cookieNames: [39m
[2026-02-22 17:15:02] [[31merror[39m]: [31mNo token found in request. Path: /, hasCookies: true, cookieNames: [39m
[2026-02-22 17:15:08] [[31merror[39m]: [31mNo token found in request. Path: /, hasCookies: true, cookieNames: [39m
[2026-02-22 17:15:15] [[31merror[39m]: [31mNo token found in request. Path: /, hasCookies: true, cookieNames: [39m
[2026-02-22 17:15:20] [[31merror[39m]: [31mNo token found in request. Path: /, hasCookies: true, cookieNames: [39m
[2026-02-22 17:15:26] [[31merror[39m]: [31mNo token found in request. Path: /, hasCookies: true, cookieNames: [39m
[2026-02-22 17:15:32] [[31merror[39m]: [31mNo token found in request. Path: /, hasCookies: true, cookieNames: [39m
[2026-02-22 17:15:38] [[31merror[39m]: [31mNo token found in request. Path: /, hasCookies: true, cookieNames: [39m
[2026-02-22 17:15:44] [[31merror[39m]: [31mNo token found in request. Path: /, hasCookies: true, cookieNames: [39m
[2026-02-22 17:15:50] [[31merror[39m]: [31mNo token found in request. Path: /, hasCookies: true, cookieNames: [39m
[2026-02-22 17:15:56] [[31merror[39m]: [31mNo token found in request. Path: /, hasCookies: true, cookieNames: [39m
[2026-02-22 17:16:02] [[31merror[39m]: [31mNo token found in request. Path: /, hasCookies: true, cookieNames: [39m
[2026-02-22 17:16:08] [[31merror[39m]: [31mNo token found in request. Path: /, hasCookies: true, cookieNames: [39m
[2026-02-22 17:16:14] [[31merror[39m]: [31mNo token found in request. Path: /, hasCookies: true, cookieNames: [39m
[2026-02-22 17:16:20] [[31merror[39m]: [31mNo token found in request. Path: /, hasCookies: true, cookieNames: [39m
[2026-02-22 17:16:26] [[31merror[39m]: [31mNo token found in request. Path: /, hasCookies: true, cookieNames: [39m
[2026-02-22 17:16:32] [[31merror[39m]: [31mNo token found in request. Path: /, hasCookies: true, cookieNames: [39m
[2026-02-22 17:16:38] [[31merror[39m]: [31mNo token found in request. Path: /, hasCookies: true, cookieNames: [39m
[2026-02-22 17:16:44] [[31merror[39m]: [31mNo token found in request. Path: /, hasCookies: true, cookieNames: [39m
[2026-02-22 17:16:50] [[31merror[39m]: [31mNo token found in request. Path: /, hasCookies: true, cookieNames: [39m
[2026-02-22 17:16:56] [[31merror[39m]: [31mNo token found in request. Path: /, hasCookies: true, cookieNames: [39m
[2026-02-22 17:17:02] [[31merror[39m]: [31mNo token found in request. Path: /, hasCookies: true, cookieNames: [39m
[2026-02-22 17:17:08] [[31merror[39m]: [31mNo token found in request. Path: /, hasCookies: true, cookieNames: [39m
[2026-02-22 17:17:14] [[31merror[39m]: [31mNo token found in request. Path: /, hasCookies: true, cookieNames: [39m
[2026-02-22 17:17:20] [[31merror[39m]: [31mNo token found in request. Path: /, hasCookies: true, cookieNames: [39m
[2026-02-22 17:18:23] [[31merror[39m]: [31mNo token found in request. Path: /, hasCookies: true, cookieNames: [39m
[2026-02-22 22:30:44] [[31merror[39m]: [31mgetBlockList failed[39m
[31mfetch failed[39m
[31mTypeError: fetch failed[39m
[31m    at node:internal/deps/undici/undici:16416:13[39m
[31m    at process.processTicksAndRejections (node:internal/process/task_queues:103:5)[39m
[31m    at async HttpClient.request (file:///C:/MY%20LOCAL%20DISC/Slotflow/slotflow-api-gateway/node_modules/.pnpm/@upstash+redis@1.36.1/node_modules/@upstash/redis/chunk-LLI2WIYN.mjs:171:15)[39m
[31m    at async Pipeline.exec (file:///C:/MY%20LOCAL%20DISC/Slotflow/slotflow-api-gateway/node_modules/.pnpm/@upstash+redis@1.36.1/node_modules/@upstash/redis/chunk-LLI2WIYN.mjs:2528:17)[39m
[31m    at async AutoPipelineExecutor.withAutoPipeline (file:///C:/MY%20LOCAL%20DISC/Slotflow/slotflow-api-gateway/node_modules/.pnpm/@upstash+redis@1.36.1/node_modules/@upstash/redis/chunk-LLI2WIYN.mjs:3443:21)[39m
[31m    at async CacheServiceImpl.getBlockList (C:\MY LOCAL DISC\Slotflow\slotflow-api-gateway\src\services\cache.service.impl.ts:14:20)[39m
[31m    at async blockCheckMiddleware (C:\MY LOCAL DISC\Slotflow\slotflow-api-gateway\src\middleware\blockCheck.middleware.ts:14:30)[39m
[2026-02-22 22:30:44] [[31merror[39m]: [31mError in blockCheckMiddleware[39m
[31mfetch failed[39m
[31mTypeError: fetch failed[39m
[31m    at node:internal/deps/undici/undici:16416:13[39m
[31m    at process.processTicksAndRejections (node:internal/process/task_queues:103:5)[39m
[31m    at async HttpClient.request (file:///C:/MY%20LOCAL%20DISC/Slotflow/slotflow-api-gateway/node_modules/.pnpm/@upstash+redis@1.36.1/node_modules/@upstash/redis/chunk-LLI2WIYN.mjs:171:15)[39m
[31m    at async Pipeline.exec (file:///C:/MY%20LOCAL%20DISC/Slotflow/slotflow-api-gateway/node_modules/.pnpm/@upstash+redis@1.36.1/node_modules/@upstash/redis/chunk-LLI2WIYN.mjs:2528:17)[39m
[31m    at async AutoPipelineExecutor.withAutoPipeline (file:///C:/MY%20LOCAL%20DISC/Slotflow/slotflow-api-gateway/node_modules/.pnpm/@upstash+redis@1.36.1/node_modules/@upstash/redis/chunk-LLI2WIYN.mjs:3443:21)[39m
[31m    at async CacheServiceImpl.getBlockList (C:\MY LOCAL DISC\Slotflow\slotflow-api-gateway\src\services\cache.service.impl.ts:14:20)[39m
[31m    at async blockCheckMiddleware (C:\MY LOCAL DISC\Slotflow\slotflow-api-gateway\src\middleware\blockCheck.middleware.ts:14:30)[39m
[2026-02-22 22:30:44] [[31merror[39m]: [31mgetBlockList failed[39m
[31mfetch failed[39m
[31mTypeError: fetch failed[39m
[31m    at node:internal/deps/undici/undici:16416:13[39m
[31m    at process.processTicksAndRejections (node:internal/process/task_queues:103:5)[39m
[31m    at async HttpClient.request (file:///C:/MY%20LOCAL%20DISC/Slotflow/slotflow-api-gateway/node_modules/.pnpm/@upstash+redis@1.36.1/node_modules/@upstash/redis/chunk-LLI2WIYN.mjs:171:15)[39m
[31m    at async Pipeline.exec (file:///C:/MY%20LOCAL%20DISC/Slotflow/slotflow-api-gateway/node_modules/.pnpm/@upstash+redis@1.36.1/node_modules/@upstash/redis/chunk-LLI2WIYN.mjs:2528:17)[39m
[31m    at async AutoPipelineExecutor.withAutoPipeline (file:///C:/MY%20LOCAL%20DISC/Slotflow/slotflow-api-gateway/node_modules/.pnpm/@upstash+redis@1.36.1/node_modules/@upstash/redis/chunk-LLI2WIYN.mjs:3443:21)[39m
[31m    at async CacheServiceImpl.getBlockList (C:\MY LOCAL DISC\Slotflow\slotflow-api-gateway\src\services\cache.service.impl.ts:14:20)[39m
[31m    at async blockCheckMiddleware (C:\MY LOCAL DISC\Slotflow\slotflow-api-gateway\src\middleware\blockCheck.middleware.ts:14:30)[39m
[2026-02-22 22:30:44] [[31merror[39m]: [31mError in blockCheckMiddleware[39m
[31mfetch failed[39m
[31mTypeError: fetch failed[39m
[31m    at node:internal/deps/undici/undici:16416:13[39m
[31m    at process.processTicksAndRejections (node:internal/process/task_queues:103:5)[39m
[31m    at async HttpClient.request (file:///C:/MY%20LOCAL%20DISC/Slotflow/slotflow-api-gateway/node_modules/.pnpm/@upstash+redis@1.36.1/node_modules/@upstash/redis/chunk-LLI2WIYN.mjs:171:15)[39m
[31m    at async Pipeline.exec (file:///C:/MY%20LOCAL%20DISC/Slotflow/slotflow-api-gateway/node_modules/.pnpm/@upstash+redis@1.36.1/node_modules/@upstash/redis/chunk-LLI2WIYN.mjs:2528:17)[39m
[31m    at async AutoPipelineExecutor.withAutoPipeline (file:///C:/MY%20LOCAL%20DISC/Slotflow/slotflow-api-gateway/node_modules/.pnpm/@upstash+redis@1.36.1/node_modules/@upstash/redis/chunk-LLI2WIYN.mjs:3443:21)[39m
[31m    at async CacheServiceImpl.getBlockList (C:\MY LOCAL DISC\Slotflow\slotflow-api-gateway\src\services\cache.service.impl.ts:14:20)[39m
[31m    at async blockCheckMiddleware (C:\MY LOCAL DISC\Slotflow\slotflow-api-gateway\src\middleware\blockCheck.middleware.ts:14:30)[39m
[2026-02-22 22:30:46] [[31merror[39m]: [31mgetBlockList failed[39m
[31mfetch failed[39m
[31mTypeError: fetch failed[39m
[31m    at node:internal/deps/undici/undici:16416:13[39m
[31m    at process.processTicksAndRejections (node:internal/process/task_queues:103:5)[39m
[31m    at async HttpClient.request (file:///C:/MY%20LOCAL%20DISC/Slotflow/slotflow-api-gateway/node_modules/.pnpm/@upstash+redis@1.36.1/node_modules/@upstash/redis/chunk-LLI2WIYN.mjs:171:15)[39m
[31m    at async Pipeline.exec (file:///C:/MY%20LOCAL%20DISC/Slotflow/slotflow-api-gateway/node_modules/.pnpm/@upstash+redis@1.36.1/node_modules/@upstash/redis/chunk-LLI2WIYN.mjs:2528:17)[39m
[31m    at async AutoPipelineExecutor.withAutoPipeline (file:///C:/MY%20LOCAL%20DISC/Slotflow/slotflow-api-gateway/node_modules/.pnpm/@upstash+redis@1.36.1/node_modules/@upstash/redis/chunk-LLI2WIYN.mjs:3443:21)[39m
[31m    at async CacheServiceImpl.getBlockList (C:\MY LOCAL DISC\Slotflow\slotflow-api-gateway\src\services\cache.service.impl.ts:14:20)[39m
[31m    at async blockCheckMiddleware (C:\MY LOCAL DISC\Slotflow\slotflow-api-gateway\src\middleware\blockCheck.middleware.ts:14:30)[39m
[2026-02-22 22:30:46] [[31merror[39m]: [31mError in blockCheckMiddleware[39m
[31mfetch failed[39m
[31mTypeError: fetch failed[39m
[31m    at node:internal/deps/undici/undici:16416:13[39m
[31m    at process.processTicksAndRejections (node:internal/process/task_queues:103:5)[39m
[31m    at async HttpClient.request (file:///C:/MY%20LOCAL%20DISC/Slotflow/slotflow-api-gateway/node_modules/.pnpm/@upstash+redis@1.36.1/node_modules/@upstash/redis/chunk-LLI2WIYN.mjs:171:15)[39m
[31m    at async Pipeline.exec (file:///C:/MY%20LOCAL%20DISC/Slotflow/slotflow-api-gateway/node_modules/.pnpm/@upstash+redis@1.36.1/node_modules/@upstash/redis/chunk-LLI2WIYN.mjs:2528:17)[39m
[31m    at async AutoPipelineExecutor.withAutoPipeline (file:///C:/MY%20LOCAL%20DISC/Slotflow/slotflow-api-gateway/node_modules/.pnpm/@upstash+redis@1.36.1/node_modules/@upstash/redis/chunk-LLI2WIYN.mjs:3443:21)[39m
[31m    at async CacheServiceImpl.getBlockList (C:\MY LOCAL DISC\Slotflow\slotflow-api-gateway\src\services\cache.service.impl.ts:14:20)[39m
[31m    at async blockCheckMiddleware (C:\MY LOCAL DISC\Slotflow\slotflow-api-gateway\src\middleware\blockCheck.middleware.ts:14:30)[39m
[2026-02-22 22:30:46] [[31merror[39m]: [31mgetBlockList failed[39m
[31mfetch failed[39m
[31mTypeError: fetch failed[39m
[31m    at node:internal/deps/undici/undici:16416:13[39m
[31m    at process.processTicksAndRejections (node:internal/process/task_queues:103:5)[39m
[31m    at async HttpClient.request (file:///C:/MY%20LOCAL%20DISC/Slotflow/slotflow-api-gateway/node_modules/.pnpm/@upstash+redis@1.36.1/node_modules/@upstash/redis/chunk-LLI2WIYN.mjs:171:15)[39m
[31m    at async Pipeline.exec (file:///C:/MY%20LOCAL%20DISC/Slotflow/slotflow-api-gateway/node_modules/.pnpm/@upstash+redis@1.36.1/node_modules/@upstash/redis/chunk-LLI2WIYN.mjs:2528:17)[39m
[31m    at async AutoPipelineExecutor.withAutoPipeline (file:///C:/MY%20LOCAL%20DISC/Slotflow/slotflow-api-gateway/node_modules/.pnpm/@upstash+redis@1.36.1/node_modules/@upstash/redis/chunk-LLI2WIYN.mjs:3443:21)[39m
[31m    at async CacheServiceImpl.getBlockList (C:\MY LOCAL DISC\Slotflow\slotflow-api-gateway\src\services\cache.service.impl.ts:14:20)[39m
[31m    at async blockCheckMiddleware (C:\MY LOCAL DISC\Slotflow\slotflow-api-gateway\src\middleware\blockCheck.middleware.ts:14:30)[39m
[2026-02-22 22:30:46] [[31merror[39m]: [31mError in blockCheckMiddleware[39m
[31mfetch failed[39m
[31mTypeError: fetch failed[39m
[31m    at node:internal/deps/undici/undici:16416:13[39m
[31m    at process.processTicksAndRejections (node:internal/process/task_queues:103:5)[39m
[31m    at async HttpClient.request (file:///C:/MY%20LOCAL%20DISC/Slotflow/slotflow-api-gateway/node_modules/.pnpm/@upstash+redis@1.36.1/node_modules/@upstash/redis/chunk-LLI2WIYN.mjs:171:15)[39m
[31m    at async Pipeline.exec (file:///C:/MY%20LOCAL%20DISC/Slotflow/slotflow-api-gateway/node_modules/.pnpm/@upstash+redis@1.36.1/node_modules/@upstash/redis/chunk-LLI2WIYN.mjs:2528:17)[39m
[31m    at async AutoPipelineExecutor.withAutoPipeline (file:///C:/MY%20LOCAL%20DISC/Slotflow/slotflow-api-gateway/node_modules/.pnpm/@upstash+redis@1.36.1/node_modules/@upstash/redis/chunk-LLI2WIYN.mjs:3443:21)[39m
[31m    at async CacheServiceImpl.getBlockList (C:\MY LOCAL DISC\Slotflow\slotflow-api-gateway\src\services\cache.service.impl.ts:14:20)[39m
[31m    at async blockCheckMiddleware (C:\MY LOCAL DISC\Slotflow\slotflow-api-gateway\src\middleware\blockCheck.middleware.ts:14:30)[39m
[2026-02-22 22:30:49] [[31merror[39m]: [31mgetBlockList failed[39m
[31mfetch failed[39m
[31mTypeError: fetch failed[39m
[31m    at node:internal/deps/undici/undici:16416:13[39m
[31m    at process.processTicksAndRejections (node:internal/process/task_queues:103:5)[39m
[31m    at async HttpClient.request (file:///C:/MY%20LOCAL%20DISC/Slotflow/slotflow-api-gateway/node_modules/.pnpm/@upstash+redis@1.36.1/node_modules/@upstash/redis/chunk-LLI2WIYN.mjs:171:15)[39m
[31m    at async Pipeline.exec (file:///C:/MY%20LOCAL%20DISC/Slotflow/slotflow-api-gateway/node_modules/.pnpm/@upstash+redis@1.36.1/node_modules/@upstash/redis/chunk-LLI2WIYN.mjs:2528:17)[39m
[31m    at async AutoPipelineExecutor.withAutoPipeline (file:///C:/MY%20LOCAL%20DISC/Slotflow/slotflow-api-gateway/node_modules/.pnpm/@upstash+redis@1.36.1/node_modules/@upstash/redis/chunk-LLI2WIYN.mjs:3443:21)[39m
[31m    at async CacheServiceImpl.getBlockList (C:\MY LOCAL DISC\Slotflow\slotflow-api-gateway\src\services\cache.service.impl.ts:14:20)[39m
[31m    at async blockCheckMiddleware (C:\MY LOCAL DISC\Slotflow\slotflow-api-gateway\src\middleware\blockCheck.middleware.ts:14:30)[39m
[2026-02-22 22:30:49] [[31merror[39m]: [31mError in blockCheckMiddleware[39m
[31mfetch failed[39m
[31mTypeError: fetch failed[39m
[31m    at node:internal/deps/undici/undici:16416:13[39m
[31m    at process.processTicksAndRejections (node:internal/process/task_queues:103:5)[39m
[31m    at async HttpClient.request (file:///C:/MY%20LOCAL%20DISC/Slotflow/slotflow-api-gateway/node_modules/.pnpm/@upstash+redis@1.36.1/node_modules/@upstash/redis/chunk-LLI2WIYN.mjs:171:15)[39m
[31m    at async Pipeline.exec (file:///C:/MY%20LOCAL%20DISC/Slotflow/slotflow-api-gateway/node_modules/.pnpm/@upstash+redis@1.36.1/node_modules/@upstash/redis/chunk-LLI2WIYN.mjs:2528:17)[39m
[31m    at async AutoPipelineExecutor.withAutoPipeline (file:///C:/MY%20LOCAL%20DISC/Slotflow/slotflow-api-gateway/node_modules/.pnpm/@upstash+redis@1.36.1/node_modules/@upstash/redis/chunk-LLI2WIYN.mjs:3443:21)[39m
[31m    at async CacheServiceImpl.getBlockList (C:\MY LOCAL DISC\Slotflow\slotflow-api-gateway\src\services\cache.service.impl.ts:14:20)[39m
[31m    at async blockCheckMiddleware (C:\MY LOCAL DISC\Slotflow\slotflow-api-gateway\src\middleware\blockCheck.middleware.ts:14:30)[39m
[2026-02-22 22:30:50] [[31merror[39m]: [31mgetBlockList failed[39m
[31mfetch failed[39m
[31mTypeError: fetch failed[39m
[31m    at node:internal/deps/undici/undici:16416:13[39m
[31m    at process.processTicksAndRejections (node:internal/process/task_queues:103:5)[39m
[31m    at async HttpClient.request (file:///C:/MY%20LOCAL%20DISC/Slotflow/slotflow-api-gateway/node_modules/.pnpm/@upstash+redis@1.36.1/node_modules/@upstash/redis/chunk-LLI2WIYN.mjs:171:15)[39m
[31m    at async Pipeline.exec (file:///C:/MY%20LOCAL%20DISC/Slotflow/slotflow-api-gateway/node_modules/.pnpm/@upstash+redis@1.36.1/node_modules/@upstash/redis/chunk-LLI2WIYN.mjs:2528:17)[39m
[31m    at async AutoPipelineExecutor.withAutoPipeline (file:///C:/MY%20LOCAL%20DISC/Slotflow/slotflow-api-gateway/node_modules/.pnpm/@upstash+redis@1.36.1/node_modules/@upstash/redis/chunk-LLI2WIYN.mjs:3443:21)[39m
[31m    at async CacheServiceImpl.getBlockList (C:\MY LOCAL DISC\Slotflow\slotflow-api-gateway\src\services\cache.service.impl.ts:14:20)[39m
[31m    at async blockCheckMiddleware (C:\MY LOCAL DISC\Slotflow\slotflow-api-gateway\src\middleware\blockCheck.middleware.ts:14:30)[39m
[2026-02-22 22:30:50] [[31merror[39m]: [31mError in blockCheckMiddleware[39m
[31mfetch failed[39m
[31mTypeError: fetch failed[39m
[31m    at node:internal/deps/undici/undici:16416:13[39m
[31m    at process.processTicksAndRejections (node:internal/process/task_queues:103:5)[39m
[31m    at async HttpClient.request (file:///C:/MY%20LOCAL%20DISC/Slotflow/slotflow-api-gateway/node_modules/.pnpm/@upstash+redis@1.36.1/node_modules/@upstash/redis/chunk-LLI2WIYN.mjs:171:15)[39m
[31m    at async Pipeline.exec (file:///C:/MY%20LOCAL%20DISC/Slotflow/slotflow-api-gateway/node_modules/.pnpm/@upstash+redis@1.36.1/node_modules/@upstash/redis/chunk-LLI2WIYN.mjs:2528:17)[39m
[31m    at async AutoPipelineExecutor.withAutoPipeline (file:///C:/MY%20LOCAL%20DISC/Slotflow/slotflow-api-gateway/node_modules/.pnpm/@upstash+redis@1.36.1/node_modules/@upstash/redis/chunk-LLI2WIYN.mjs:3443:21)[39m
[31m    at async CacheServiceImpl.getBlockList (C:\MY LOCAL DISC\Slotflow\slotflow-api-gateway\src\services\cache.service.impl.ts:14:20)[39m
[31m    at async blockCheckMiddleware (C:\MY LOCAL DISC\Slotflow\slotflow-api-gateway\src\middleware\blockCheck.middleware.ts:14:30)[39m
[2026-02-22 22:30:53] [[31merror[39m]: [31mgetBlockList failed[39m
[31mfetch failed[39m
[31mTypeError: fetch failed[39m
[31m    at node:internal/deps/undici/undici:16416:13[39m
[31m    at process.processTicksAndRejections (node:internal/process/task_queues:103:5)[39m
[31m    at async HttpClient.request (file:///C:/MY%20LOCAL%20DISC/Slotflow/slotflow-api-gateway/node_modules/.pnpm/@upstash+redis@1.36.1/node_modules/@upstash/redis/chunk-LLI2WIYN.mjs:171:15)[39m
[31m    at async Pipeline.exec (file:///C:/MY%20LOCAL%20DISC/Slotflow/slotflow-api-gateway/node_modules/.pnpm/@upstash+redis@1.36.1/node_modules/@upstash/redis/chunk-LLI2WIYN.mjs:2528:17)[39m
[31m    at async AutoPipelineExecutor.withAutoPipeline (file:///C:/MY%20LOCAL%20DISC/Slotflow/slotflow-api-gateway/node_modules/.pnpm/@upstash+redis@1.36.1/node_modules/@upstash/redis/chunk-LLI2WIYN.mjs:3443:21)[39m
[31m    at async CacheServiceImpl.getBlockList (C:\MY LOCAL DISC\Slotflow\slotflow-api-gateway\src\services\cache.service.impl.ts:14:20)[39m
[31m    at async blockCheckMiddleware (C:\MY LOCAL DISC\Slotflow\slotflow-api-gateway\src\middleware\blockCheck.middleware.ts:14:30)[39m
[2026-02-22 22:30:53] [[31merror[39m]: [31mError in blockCheckMiddleware[39m
[31mfetch failed[39m
[31mTypeError: fetch failed[39m
[31m    at node:internal/deps/undici/undici:16416:13[39m
[31m    at process.processTicksAndRejections (node:internal/process/task_queues:103:5)[39m
[31m    at async HttpClient.request (file:///C:/MY%20LOCAL%20DISC/Slotflow/slotflow-api-gateway/node_modules/.pnpm/@upstash+redis@1.36.1/node_modules/@upstash/redis/chunk-LLI2WIYN.mjs:171:15)[39m
[31m    at async Pipeline.exec (file:///C:/MY%20LOCAL%20DISC/Slotflow/slotflow-api-gateway/node_modules/.pnpm/@upstash+redis@1.36.1/node_modules/@upstash/redis/chunk-LLI2WIYN.mjs:2528:17)[39m
[31m    at async AutoPipelineExecutor.withAutoPipeline (file:///C:/MY%20LOCAL%20DISC/Slotflow/slotflow-api-gateway/node_modules/.pnpm/@upstash+redis@1.36.1/node_modules/@upstash/redis/chunk-LLI2WIYN.mjs:3443:21)[39m
[31m    at async CacheServiceImpl.getBlockList (C:\MY LOCAL DISC\Slotflow\slotflow-api-gateway\src\services\cache.service.impl.ts:14:20)[39m
[31m    at async blockCheckMiddleware (C:\MY LOCAL DISC\Slotflow\slotflow-api-gateway\src\middleware\blockCheck.middleware.ts:14:30)[39m
[2026-02-22 22:31:03] [[31merror[39m]: [31mgetBlockList failed[39m
[31mfetch failed[39m
[31mTypeError: fetch failed[39m
[31m    at node:internal/deps/undici/undici:16416:13[39m
[31m    at process.processTicksAndRejections (node:internal/process/task_queues:103:5)[39m
[31m    at async HttpClient.request (file:///C:/MY%20LOCAL%20DISC/Slotflow/slotflow-api-gateway/node_modules/.pnpm/@upstash+redis@1.36.1/node_modules/@upstash/redis/chunk-LLI2WIYN.mjs:171:15)[39m
[31m    at async Pipeline.exec (file:///C:/MY%20LOCAL%20DISC/Slotflow/slotflow-api-gateway/node_modules/.pnpm/@upstash+redis@1.36.1/node_modules/@upstash/redis/chunk-LLI2WIYN.mjs:2528:17)[39m
[31m    at async AutoPipelineExecutor.withAutoPipeline (file:///C:/MY%20LOCAL%20DISC/Slotflow/slotflow-api-gateway/node_modules/.pnpm/@upstash+redis@1.36.1/node_modules/@upstash/redis/chunk-LLI2WIYN.mjs:3443:21)[39m
[31m    at async CacheServiceImpl.getBlockList (C:\MY LOCAL DISC\Slotflow\slotflow-api-gateway\src\services\cache.service.impl.ts:14:20)[39m
[31m    at async blockCheckMiddleware (C:\MY LOCAL DISC\Slotflow\slotflow-api-gateway\src\middleware\blockCheck.middleware.ts:14:30)[39m
[2026-02-22 22:31:03] [[31merror[39m]: [31mError in blockCheckMiddleware[39m
[31mfetch failed[39m
[31mTypeError: fetch failed[39m
[31m    at node:internal/deps/undici/undici:16416:13[39m
[31m    at process.processTicksAndRejections (node:internal/process/task_queues:103:5)[39m
[31m    at async HttpClient.request (file:///C:/MY%20LOCAL%20DISC/Slotflow/slotflow-api-gateway/node_modules/.pnpm/@upstash+redis@1.36.1/node_modules/@upstash/redis/chunk-LLI2WIYN.mjs:171:15)[39m
[31m    at async Pipeline.exec (file:///C:/MY%20LOCAL%20DISC/Slotflow/slotflow-api-gateway/node_modules/.pnpm/@upstash+redis@1.36.1/node_modules/@upstash/redis/chunk-LLI2WIYN.mjs:2528:17)[39m
[31m    at async AutoPipelineExecutor.withAutoPipeline (file:///C:/MY%20LOCAL%20DISC/Slotflow/slotflow-api-gateway/node_modules/.pnpm/@upstash+redis@1.36.1/node_modules/@upstash/redis/chunk-LLI2WIYN.mjs:3443:21)[39m
[31m    at async CacheServiceImpl.getBlockList (C:\MY LOCAL DISC\Slotflow\slotflow-api-gateway\src\services\cache.service.impl.ts:14:20)[39m
[31m    at async blockCheckMiddleware (C:\MY LOCAL DISC\Slotflow\slotflow-api-gateway\src\middleware\blockCheck.middleware.ts:14:30)[39m
[2026-02-22 22:31:03] [[31merror[39m]: [31mgetBlockList failed[39m
[31mfetch failed[39m
[31mTypeError: fetch failed[39m
[31m    at node:internal/deps/undici/undici:16416:13[39m
[31m    at process.processTicksAndRejections (node:internal/process/task_queues:103:5)[39m
[31m    at async HttpClient.request (file:///C:/MY%20LOCAL%20DISC/Slotflow/slotflow-api-gateway/node_modules/.pnpm/@upstash+redis@1.36.1/node_modules/@upstash/redis/chunk-LLI2WIYN.mjs:171:15)[39m
[31m    at async Pipeline.exec (file:///C:/MY%20LOCAL%20DISC/Slotflow/slotflow-api-gateway/node_modules/.pnpm/@upstash+redis@1.36.1/node_modules/@upstash/redis/chunk-LLI2WIYN.mjs:2528:17)[39m
[31m    at async AutoPipelineExecutor.withAutoPipeline (file:///C:/MY%20LOCAL%20DISC/Slotflow/slotflow-api-gateway/node_modules/.pnpm/@upstash+redis@1.36.1/node_modules/@upstash/redis/chunk-LLI2WIYN.mjs:3443:21)[39m
[31m    at async CacheServiceImpl.getBlockList (C:\MY LOCAL DISC\Slotflow\slotflow-api-gateway\src\services\cache.service.impl.ts:14:20)[39m
[31m    at async blockCheckMiddleware (C:\MY LOCAL DISC\Slotflow\slotflow-api-gateway\src\middleware\blockCheck.middleware.ts:14:30)[39m
[2026-02-22 22:31:03] [[31merror[39m]: [31mError in blockCheckMiddleware[39m
[31mfetch failed[39m
[31mTypeError: fetch failed[39m
[31m    at node:internal/deps/undici/undici:16416:13[39m
[31m    at process.processTicksAndRejections (node:internal/process/task_queues:103:5)[39m
[31m    at async HttpClient.request (file:///C:/MY%20LOCAL%20DISC/Slotflow/slotflow-api-gateway/node_modules/.pnpm/@upstash+redis@1.36.1/node_modules/@upstash/redis/chunk-LLI2WIYN.mjs:171:15)[39m
[31m    at async Pipeline.exec (file:///C:/MY%20LOCAL%20DISC/Slotflow/slotflow-api-gateway/node_modules/.pnpm/@upstash+redis@1.36.1/node_modules/@upstash/redis/chunk-LLI2WIYN.mjs:2528:17)[39m
[31m    at async AutoPipelineExecutor.withAutoPipeline (file:///C:/MY%20LOCAL%20DISC/Slotflow/slotflow-api-gateway/node_modules/.pnpm/@upstash+redis@1.36.1/node_modules/@upstash/redis/chunk-LLI2WIYN.mjs:3443:21)[39m
[31m    at async CacheServiceImpl.getBlockList (C:\MY LOCAL DISC\Slotflow\slotflow-api-gateway\src\services\cache.service.impl.ts:14:20)[39m
[31m    at async blockCheckMiddleware (C:\MY LOCAL DISC\Slotflow\slotflow-api-gateway\src\middleware\blockCheck.middleware.ts:14:30)[39m
